X,Y,OBJECTID,ACCIDENT_DATE,ACCIDENT_TIME,ALCOHOLTIME,ACCIDENT_TYPE,DAY_OF_WEEK,DCA_CODE,LIGHT_CONDITION,LONGITUDE,LATITUDE,LGA_NAME,REGION_NAME,TOTAL_PERSONS,INJ_OR_FATAL,FATALITY,SERIOUSINJURY,OTHERINJURY,NONINJURED,MALES,FEMALES,BICYCLIST,PASSENGER,DRIVER,PEDESTRIAN,PILLION,MOTORIST,UNKNOWN,PED_CYCLIST_5_12,PED_CYCLIST_13_18,OLD_PEDESTRIAN,OLD_DRIVER,YOUNG_DRIVER,ALCOHOL_RELATED,UNLICENCSED,NO_OF_VEHICLES,HEAVYVEHICLE,PASSENGERVEHICLE,MOTORCYCLE,PUBLICVEHICLE,DEG_URBAN_NAME,DEG_URBAN_ALL,LGA_NAME_ALL,REGION_NAME_ALL,Year,Month,Month_name,Suburb
144.97483296501895,-37.81178989772298,3404871,3/9/2013,18.00.00,Yes,Collision with vehicle,Tuesday,RIGHT THROUGH,Dark Street lights on,144.97483,-37.81179,MELBOURNE,METROPOLITAN NORTH WEST REGION,2,1,0,0,1,1,2,0,1,0,1,0,0,0,0,0,0,0,0,0,No,0,2,0,1,0,0,MELB_URBAN,MELB_URBAN,MELBOURNE,METROPOLITAN NORTH WEST REGION,2013,9,September,EAST MELBOURNE
144.9818113383501,-37.785665930644896,3404873,3/9/2013,18.45.00,Yes,Collision with vehicle,Tuesday,LEFT NEAR (INTERSECTIONS ONLY),Dark Street lights on,144.98181,-37.78567,YARRA,METROPOLITAN NORTH WEST REGION,2,1,0,1,0,1,2,0,1,0,1,0,0,0,0,0,0,0,0,0,No,0,2,0,1,0,0,MELB_URBAN,MELB_URBAN,YARRA,METROPOLITAN NORTH WEST REGION,2013,9,September,FITZROY NORTH
145.0011048891118,-37.75556428573175,3404874,3/9/2013,17.30.00,No,Collision with vehicle,Tuesday,RIGHT THROUGH,Day,145.0011,-37.755559999999996,DAREBIN,METROPOLITAN NORTH WEST REGION,2,1,0,0,1,1,1,1,1,0,1,0,0,0,0,0,0,0,0,1,No,0,2,0,1,0,0,MELB_URBAN,MELB_URBAN,DAREBIN,METROPOLITAN NORTH WEST REGION,2013,9,September,THORNBURY
144.96532980544725,-37.74858038158374,3404877,3/9/2013,17.43.00,No,Collision with vehicle,Tuesday,LEFT REAR,Day,144.96533,-37.74858,MORELAND,METROPOLITAN NORTH WEST REGION,2,1,0,0,1,1,2,0,1,0,1,0,0,0,0,0,0,0,0,0,No,0,2,0,1,0,0,MELB_URBAN,MELB_URBAN,MORELAND,METROPOLITAN NORTH WEST REGION,2013,9,September,COBURG
144.96509313481943,-37.80265928648181,3404901,20/8/2013,11.30.00,No,Collision with vehicle,Tuesday,LEFT NEAR (INTERSECTIONS ONLY),Day,144.96509,-37.802659999999996,MELBOURNE,METROPOLITAN NORTH WEST REGION,2,1,0,0,1,1,0,1,1,0,0,0,0,0,1,0,0,0,0,0,No,0,2,0,0,0,0,MELB_URBAN,MELB_URBAN,MELBOURNE,METROPOLITAN NORTH WEST REGION,2013,8,August,CARLTON
144.9949379533289,-37.88054822079285,3404904,21/8/2013,08.00.00,No,Collision with vehicle,Wednesday,LEFT TURN SIDESWIPE,Day,144.99493999999999,-37.88055,PORT PHILLIP,METROPOLITAN NORTH WEST REGION,2,1,0,0,1,1,1,0,1,0,0,0,0,0,1,0,0,0,0,0,No,0,2,0,0,0,0,MELB_URBAN,MELB_URBAN,PORT PHILLIP,METROPOLITAN NORTH WEST REGION,2013,8,August,RIPPONLEA
144.99673369416624,-37.825552035821374,3404905,15/8/2013,14.00.00,No,Collision with vehicle,Thursday,VEHICLE STRIKES DOOR OF PARKED/STATIONARY VEHICLE,Day,144.99673,-37.82555,YARRA,METROPOLITAN NORTH WEST REGION,2,1,0,0,1,1,1,0,1,0,1,0,0,0,0,0,0,0,0,0,No,0,2,0,1,0,0,MELB_URBAN,MELB_URBAN,YARRA,METROPOLITAN NORTH WEST REGION,2013,8,August,RICHMOND
144.96135241994426,-37.77156056473375,3404954,14/11/2013,17.45.00,No,Collision with vehicle,Thursday,LEFT TURN SIDESWIPE,Day,144.96135,-37.77156,MORELAND,METROPOLITAN NORTH WEST REGION,2,1,0,0,1,1,1,0,1,0,1,0,0,0,0,0,0,0,0,0,No,0,2,0,1,0,0,MELB_URBAN,MELB_URBAN,MORELAND,METROPOLITAN NORTH WEST REGION,2013,11,November,BRUNSWICK
144.9850696337918,-37.810582026313966,3404955,14/11/2013,17.25.00,No,Collision with vehicle,Thursday,LEFT TURN SIDESWIPE,Day,144.98507,-37.81058,MELBOURNE,METROPOLITAN NORTH WEST REGION,3,2,0,1,1,1,2,1,1,0,2,0,0,0,0,0,0,0,0,0,No,0,3,0,2,0,0,MELB_URBAN,MELB_URBAN,MELBOURNE,METROPOLITAN NORTH WEST REGION,2013,11,November,EAST MELBOURNE
143.84334305097357,-37.55803404004315,3404964,24/8/2013,16.30.00,Yes,Collision with vehicle,Saturday,REAR END(VEHICLES IN SAME LANE),Day,143.84333999999998,-37.55803,BALLARAT,WESTERN REGION,2,1,0,1,0,1,1,0,1,0,0,0,0,0,1,0,0,0,0,0,No,0,2,0,0,0,0,LARGE_PROVINCIAL_CITIES,LARGE_PROVINCIAL_CITIES,BALLARAT,WESTERN REGION,2013,8,August,LAKE WENDOUREE
145.07491837485074,-37.787791167554786,3404970,30/10/2013,08.30.00,No,Collision with vehicle,Wednesday,VEHICLE OFF FOOTPATH STRIKES VEH ON CARRIAGEWAY,Day,145.07492,-37.78779,BOROONDARA,METROPOLITAN SOUTH EAST REGION,2,1,0,0,1,1,1,1,1,0,1,0,0,0,0,1,0,0,0,0,No,0,2,0,1,0,0,MELB_URBAN,MELB_URBAN,BOROONDARA,METROPOLITAN SOUTH EAST REGION,2013,10,October,BALWYN NORTH
144.9965597791526,-37.78435116552331,3404977,31/10/2013,00.15.00,Yes,collision with some other object,Thursday,TEMPORARY ROADWORKS,Dark Street lights on,144.99656000000002,-37.78435,DAREBIN,METROPOLITAN NORTH WEST REGION,1,1,0,0,1,0,1,0,1,0,0,0,0,0,0,0,0,0,0,0,No,0,1,0,0,0,0,MELB_URBAN,MELB_URBAN,DAREBIN,METROPOLITAN NORTH WEST REGION,2013,10,October,NORTHCOTE
144.99512098150564,-37.90633703704807,3404980,4/11/2013,16.35.00,No,Collision with vehicle,Monday,CROSS TRAFFIC(INTERSECTIONS ONLY),Day,144.99512,-37.90634,BAYSIDE,METROPOLITAN SOUTH EAST REGION,2,1,0,0,1,1,1,1,1,0,1,0,0,0,0,0,0,0,0,0,No,0,2,0,1,0,0,MELB_URBAN,MELB_URBAN,BAYSIDE,METROPOLITAN SOUTH EAST REGION,2013,11,November,BRIGHTON
144.9800640214799,-37.80605021861722,3404987,8/11/2013,09.00.00,No,Collision with vehicle,Friday,VEHICLE STRIKES DOOR OF PARKED/STATIONARY VEHICLE,Day,144.98006,-37.80605,YARRA,METROPOLITAN NORTH WEST REGION,2,1,0,0,1,1,1,1,1,0,1,0,0,0,0,0,0,0,0,0,No,0,2,0,1,0,0,MELB_URBAN,MELB_URBAN,YARRA,METROPOLITAN NORTH WEST REGION,2013,11,November,FITZROY
145.12187631690364,-37.913973298861826,3404991,9/11/2013,17.15.00,Yes,Collision with vehicle,Saturday,LANE SIDE SWIPE (VEHICLES IN PARALLEL LANES),Day,145.12188,-37.91397,MONASH,METROPOLITAN SOUTH EAST REGION,2,1,0,0,1,1,2,0,1,0,1,0,0,0,0,0,0,0,0,0,No,0,2,0,1,0,0,MELB_URBAN,MELB_URBAN,MONASH,METROPOLITAN SOUTH EAST REGION,2013,11,November,CLAYTON
142.17416736827596,-34.20358217239829,3405009,11/11/2013,08.55.00,No,Collision with vehicle,Monday,RIGHT THROUGH,Day,142.17417,-34.20358,MILDURA,WESTERN REGION,2,1,0,0,1,1,2,0,1,0,1,0,0,0,0,0,0,0,0,0,No,0,2,0,1,0,0,SMALL_CITIES,SMALL_CITIES,MILDURA,WESTERN REGION,2013,11,November,MILDURA
144.97628959187583,-37.83828009489412,3405015,30/10/2013,14.55.00,No,Collision with vehicle,Wednesday,ENTERING PARKING,Day,144.97628999999998,-37.83828,MELBOURNE,METROPOLITAN NORTH WEST REGION,2,1,0,0,1,1,2,0,1,0,1,0,0,0,0,0,0,0,0,0,No,0,3,0,2,0,0,MELB_URBAN,MELB_URBAN,"PORT PHILLIP,MELBOURNE",METROPOLITAN NORTH WEST REGION,2013,10,October,MELBOURNE
145.00335451363492,-37.91132495278105,3405018,30/10/2013,09.00.00,No,Collision with vehicle,Wednesday,LEFT TURN SIDESWIPE,Day,145.00335,-37.91132,BAYSIDE,METROPOLITAN SOUTH EAST REGION,2,1,0,0,1,1,1,1,1,0,0,0,0,0,1,0,0,0,0,0,No,0,2,0,0,0,0,MELB_URBAN,MELB_URBAN,BAYSIDE,METROPOLITAN SOUTH EAST REGION,2013,10,October,BRIGHTON
144.96768968906872,-37.818000087184245,3405019,30/10/2013,16.30.00,No,Collision with vehicle,Wednesday,VEHICLE STRIKES DOOR OF PARKED/STATIONARY VEHICLE,Day,144.96769,-37.818000000000005,MELBOURNE,METROPOLITAN NORTH WEST REGION,3,1,0,0,1,2,2,1,1,1,1,0,0,0,0,0,0,0,0,1,No,0,2,0,1,0,0,MELB_URBAN,MELB_URBAN,MELBOURNE,METROPOLITAN NORTH WEST REGION,2013,10,October,MELBOURNE
145.30008142986443,-37.800884018241184,3405020,30/10/2013,16.00.00,No,Collision with vehicle,Wednesday,RIGHT THROUGH,Day,145.30008,-37.80088,MAROONDAH,METROPOLITAN SOUTH EAST REGION,2,1,0,1,0,1,1,1,1,0,1,0,0,0,0,0,0,0,0,0,No,0,2,0,1,0,0,MELB_URBAN,MELB_URBAN,MAROONDAH,METROPOLITAN SOUTH EAST REGION,2013,10,October,CROYDON
145.05982369415614,-37.8317206455254,3405029,31/10/2013,15.00.00,No,Collision with vehicle,Thursday,RIGHT THROUGH,Day,145.05982,-37.831720000000004,BOROONDARA,METROPOLITAN SOUTH EAST REGION,2,1,0,0,1,1,1,1,1,0,1,0,0,0,0,0,0,0,0,0,No,0,2,0,1,0,0,MELB_URBAN,MELB_URBAN,BOROONDARA,METROPOLITAN SOUTH EAST REGION,2013,10,October,CAMBERWELL
144.96755771325746,-37.79715948548651,3405042,10/11/2013,02.40.00,Yes,Collision with vehicle,Sunday,CROSS TRAFFIC(INTERSECTIONS ONLY),Dark Street lights on,144.96756000000002,-37.79716,MELBOURNE,METROPOLITAN NORTH WEST REGION,6,1,0,1,0,5,2,4,1,4,1,0,0,0,0,0,0,0,0,0,No,0,2,0,1,0,0,MELB_URBAN,MELB_URBAN,MELBOURNE,METROPOLITAN NORTH WEST REGION,2013,11,November,CARLTON
144.97099770384614,-37.81418509199578,3405054,15/11/2013,07.45.00,No,Collision with vehicle,Friday,VEHICLE STRIKES DOOR OF PARKED/STATIONARY VEHICLE,Dusk/Dawn,144.971,-37.81419,MELBOURNE,METROPOLITAN NORTH WEST REGION,3,1,0,0,1,2,1,1,1,1,1,0,0,0,0,0,0,0,0,0,No,0,2,0,1,0,0,MELBOURNE_CBD,MELBOURNE_CBD,MELBOURNE,METROPOLITAN NORTH WEST REGION,2013,11,November,MELBOURNE
145.35406695261895,-37.862348618545326,3405077,5/11/2013,13.05.00,No,Collision with vehicle,Tuesday,U TURN,Day,145.35407,-37.86235,YARRA RANGES,METROPOLITAN SOUTH EAST REGION,2,1,0,1,0,1,1,1,1,0,1,0,0,0,0,0,0,0,0,1,No,0,3,0,2,0,0,MELB_URBAN,MELB_URBAN,YARRA RANGES,METROPOLITAN SOUTH EAST REGION,2013,11,November,SASSAFRAS
144.940130005857,-37.84430999657089,3405083,20/10/2013,17.15.00,No,Collision with vehicle,,LANE SIDE SWIPE (VEHICLES IN PARALLEL LANES),Dusk/Dawn,144.94013,-37.84431,PORT PHILLIP,METROPOLITAN NORTH WEST REGION,3,1,0,0,1,2,2,1,1,1,1,0,0,0,0,0,0,0,0,0,No,0,2,0,1,0,0,MELB_URBAN,MELB_URBAN,PORT PHILLIP,METROPOLITAN NORTH WEST REGION,2013,10,October,PORT MELBOURNE
145.0075640011409,-37.95632550144406,3405115,31/10/2013,06.40.00,No,Collision with vehicle,Thursday,VEHICLE COLLIDES WITH VEHICLE PARKED ON LEFT OF ROAD,Day,145.00756,-37.95633,BAYSIDE,METROPOLITAN SOUTH EAST REGION,1,1,0,1,0,0,1,0,1,0,0,0,0,0,0,0,0,0,0,0,No,0,2,0,1,0,0,MELB_URBAN,MELB_URBAN,BAYSIDE,METROPOLITAN SOUTH EAST REGION,2013,10,October,SANDRINGHAM
144.96452115785445,-37.811622498100725,3405120,31/10/2013,09.32.00,No,Collision with vehicle,Thursday,LANE CHANGE LEFT (NOT OVERTAKING),Day,144.96452,-37.81162,MELBOURNE,METROPOLITAN NORTH WEST REGION,2,1,0,0,1,1,2,0,1,0,1,0,0,0,0,0,1,0,0,0,No,0,2,0,1,0,0,MELBOURNE_CBD,MELBOURNE_CBD,MELBOURNE,METROPOLITAN NORTH WEST REGION,2013,10,October,MELBOURNE
144.96496994394738,-37.818171379614476,3405129,4/11/2013,16.30.00,No,Collision with vehicle,Monday,VEHICLE STRIKES DOOR OF PARKED/STATIONARY VEHICLE,Day,144.96497,-37.81817,MELBOURNE,METROPOLITAN NORTH WEST REGION,3,1,0,0,1,2,3,0,1,0,2,0,0,0,0,0,0,0,0,0,No,0,3,0,2,0,0,MELBOURNE_CBD,"MELBOURNE_CBD,MELB_URBAN",MELBOURNE,METROPOLITAN NORTH WEST REGION,2013,11,November,MELBOURNE
144.8944392224552,-37.799164069070365,3405158,15/11/2013,12.30.00,No,Collision with vehicle,Friday,VEHICLE STRIKES DOOR OF PARKED/STATIONARY VEHICLE,Day,144.89444,-37.79916,MARIBYRNONG,METROPOLITAN NORTH WEST REGION,2,1,0,0,1,1,1,1,1,0,1,0,0,0,0,0,0,0,0,0,No,0,2,0,1,0,0,MELB_URBAN,MELB_URBAN,MARIBYRNONG,METROPOLITAN NORTH WEST REGION,2013,11,November,FOOTSCRAY
145.4157882728821,-36.347558423738015,3405194,11/11/2013,13.05.00,No,Collision with vehicle,Monday,RIGHT FAR (INTERSECTIONS ONLY),Day,145.41579,-36.347559999999994,SHEPPARTON,NORTH EASTERN REGION,3,1,0,1,0,2,2,1,1,1,1,0,0,0,0,0,0,0,0,0,No,0,2,0,1,0,0,SMALL_CITIES,SMALL_CITIES,SHEPPARTON,NORTH EASTERN REGION,2013,11,November,SHEPPARTON
144.95697114200883,-37.82518967031236,3405195,11/11/2013,11.04.00,No,Collision with vehicle,Monday,REAR END(VEHICLES IN SAME LANE),Day,144.95696999999998,-37.82519,MELBOURNE,METROPOLITAN NORTH WEST REGION,3,1,0,0,1,2,2,1,1,1,1,0,0,0,0,0,0,0,0,0,No,0,2,0,1,0,0,MELB_URBAN,MELB_URBAN,MELBOURNE,METROPOLITAN NORTH WEST REGION,2013,11,November,SOUTHBANK
145.0350756838187,-37.82409597496823,3405213,26/10/2013,15.30.00,Yes,Collision with vehicle,Saturday,LEFT TURN SIDESWIPE,Day,145.03508,-37.8241,BOROONDARA,METROPOLITAN SOUTH EAST REGION,2,1,0,0,1,1,2,0,1,0,1,0,0,0,0,0,0,0,0,0,No,0,2,0,1,0,0,MELB_URBAN,MELB_URBAN,BOROONDARA,METROPOLITAN SOUTH EAST REGION,2013,10,October,HAWTHORN
144.96285326853916,-37.7628103522212,3405218,26/10/2013,16.45.00,Yes,Collision with vehicle,Saturday,VEHICLE STRIKES DOOR OF PARKED/STATIONARY VEHICLE,Day,144.96285,-37.762809999999995,MORELAND,METROPOLITAN NORTH WEST REGION,3,1,0,0,1,2,1,2,1,1,1,0,0,0,0,0,0,0,0,0,No,0,2,0,1,0,0,MELB_URBAN,MELB_URBAN,MORELAND,METROPOLITAN NORTH WEST REGION,2013,10,October,BRUNSWICK
144.90039258288684,-37.7952202800344,3405228,6/9/2013,16.00.00,Yes,Collision with vehicle,Friday,U TURN,Day,144.90039,-37.79522,MARIBYRNONG,METROPOLITAN NORTH WEST REGION,2,1,0,1,0,1,2,0,1,0,1,0,0,0,0,0,0,0,0,0,No,0,2,0,1,0,0,MELB_URBAN,MELB_URBAN,MARIBYRNONG,METROPOLITAN NORTH WEST REGION,2013,9,September,FOOTSCRAY
143.5597206564291,-35.343012103710805,3405230,31/10/2013,20.00.00,Yes,Collision with vehicle,Thursday,LEAVING PARKING,Dusk/Dawn,143.55972,-35.34301,SWAN HILL,NORTHERN REGION,2,2,0,0,2,0,1,1,1,0,1,0,0,0,0,0,0,0,0,0,No,0,2,0,1,0,0,TOWNS,TOWNS,SWAN HILL,NORTHERN REGION,2013,10,October,SWAN HILL
145.01501576323932,-37.83083177872947,3405232,24/9/2013,06.00.00,Yes,Collision with vehicle,Tuesday,RIGHT NEAR (INTERSECTIONS ONLY),Day,145.01502,-37.83083,YARRA,METROPOLITAN NORTH WEST REGION,2,1,0,0,1,1,1,1,1,0,1,0,0,0,0,0,0,0,0,0,No,0,2,0,1,0,0,MELB_URBAN,MELB_URBAN,YARRA,METROPOLITAN NORTH WEST REGION,2013,9,September,BURNLEY
144.97829300279142,-37.77907657515613,3405234,6/11/2013,10.05.00,No,Collision with vehicle,Wednesday,RIGHT THROUGH,Day,144.97829,-37.77908,MORELAND,METROPOLITAN NORTH WEST REGION,2,2,0,0,2,0,1,1,1,0,1,0,0,0,0,0,0,0,0,0,No,0,2,0,1,0,0,MELB_URBAN,MELB_URBAN,"YARRA,MORELAND",METROPOLITAN NORTH WEST REGION,2013,11,November,FITZROY NORTH
145.0647157234474,-37.986399870686654,3405275,21/10/2013,08.30.00,No,Collision with vehicle,Monday,VEHICLE STRIKES DOOR OF PARKED/STATIONARY VEHICLE,Day,145.06472,-37.9864,KINGSTON,METROPOLITAN SOUTH EAST REGION,2,1,0,0,1,1,1,1,1,0,1,0,0,0,0,1,0,0,0,0,No,0,2,0,1,0,0,MELB_URBAN,MELB_URBAN,KINGSTON,METROPOLITAN SOUTH EAST REGION,2013,10,October,MENTONE
145.21589982715938,-37.988320099448245,3405287,6/11/2013,14.45.00,No,Collision with vehicle,Wednesday,VEHICLE STRIKES ANOTHER VEH WHILE EMERGING FROM DRIVEWAY,Day,145.2159,-37.98832,DANDENONG,METROPOLITAN SOUTH EAST REGION,2,1,0,0,1,1,2,0,1,0,1,0,0,0,0,0,1,0,0,0,No,0,2,0,1,0,0,MELB_URBAN,MELB_URBAN,DANDENONG,METROPOLITAN SOUTH EAST REGION,2013,11,November,DANDENONG
144.99903900463562,-37.81934038541832,3405307,11/11/2013,08.30.00,No,Collision with vehicle,Monday,LANE CHANGE LEFT (NOT OVERTAKING),Day,144.99903999999998,-37.819340000000004,YARRA,METROPOLITAN NORTH WEST REGION,2,1,0,0,1,1,2,0,1,0,1,0,0,0,0,0,0,0,0,0,No,0,2,0,1,0,0,MELB_URBAN,MELB_URBAN,YARRA,METROPOLITAN NORTH WEST REGION,2013,11,November,RICHMOND
144.9423588037924,-37.84484071802199,3405309,12/11/2013,07.10.00,No,Collision with vehicle,Monday,VEHICLE STRIKES DOOR OF PARKED/STATIONARY VEHICLE,Dusk/Dawn,144.94236,-37.844840000000005,PORT PHILLIP,METROPOLITAN NORTH WEST REGION,2,1,0,0,1,1,2,0,1,0,1,0,0,0,0,0,0,0,0,0,No,0,2,0,1,0,0,MELB_URBAN,MELB_URBAN,PORT PHILLIP,METROPOLITAN NORTH WEST REGION,2013,11,November,PORT MELBOURNE
145.04247545489562,-37.90425744491026,3405310,27/10/2013,13.14.00,No,Collision with vehicle,Sunday,LEFT TURN SIDESWIPE,Day,145.04248,-37.90426,GLEN EIRA,METROPOLITAN SOUTH EAST REGION,2,1,0,0,1,1,2,0,1,0,1,0,0,0,0,0,0,0,0,0,No,0,2,0,1,0,0,MELB_URBAN,MELB_URBAN,GLEN EIRA,METROPOLITAN SOUTH EAST REGION,2013,10,October,ORMOND
145.02968419938998,-37.643402436314176,3405343,6/11/2013,20.52.00,Yes,No collision and no object struck,Wednesday,OUT OF CONTROL ON CARRIAGEWAY (ON STRAIGHT),Dark Street lights on,145.02968,-37.6434,WHITTLESEA,METROPOLITAN NORTH WEST REGION,2,1,0,1,0,1,1,0,1,0,0,0,0,0,1,0,0,0,0,0,No,0,2,0,0,0,0,MELB_URBAN,MELB_URBAN,WHITTLESEA,METROPOLITAN NORTH WEST REGION,2013,11,November,EPPING
145.1227955128262,-37.58531888108561,3405353,2/11/2013,07.30.00,No,No collision and no object struck,Friday,OTHER ACCIDENTS NOT CLASSIFIABLE ELSEWHERE,Day,145.1228,-37.58532,WHITTLESEA,METROPOLITAN NORTH WEST REGION,1,1,0,0,1,0,0,1,1,0,0,0,0,0,0,0,0,0,0,0,No,0,1,0,0,0,0,MELB_URBAN,MELB_URBAN,WHITTLESEA,METROPOLITAN NORTH WEST REGION,2013,11,November,DOREEN
144.96135881146827,-37.810316721263774,3405357,16/10/2013,13.20.00,No,Collision with vehicle,Wednesday,VEHICLE STRIKES DOOR OF PARKED/STATIONARY VEHICLE,Day,144.96136,-37.810320000000004,MELBOURNE,METROPOLITAN NORTH WEST REGION,2,1,0,0,1,1,1,0,1,0,0,0,0,0,1,0,0,0,0,0,No,0,2,0,0,0,0,MELBOURNE_CBD,"MELBOURNE_CBD,MELB_URBAN",MELBOURNE,METROPOLITAN NORTH WEST REGION,2013,10,October,MELBOURNE
144.3961080006992,-38.02440976491251,3405358,12/11/2013,15.30.00,No,Collision with vehicle,Tuesday,VEHICLE OFF FOOTPATH STRIKES VEH ON CARRIAGEWAY,Day,144.39611000000002,-38.024409999999996,GEELONG,SOUTH WESTERN REGION,3,2,0,0,2,1,3,0,2,0,1,0,0,0,0,2,0,0,0,0,No,0,3,0,1,0,0,SMALL_CITIES,SMALL_CITIES,GEELONG,SOUTH WESTERN REGION,2013,11,November,LARA
144.952668408112,-37.65100378933581,3405360,11/11/2013,16.49.00,No,Collision with vehicle,Monday,CROSS TRAFFIC(INTERSECTIONS ONLY),Dusk/Dawn,144.95266999999998,-37.650999999999996,HUME,METROPOLITAN NORTH WEST REGION,2,1,0,0,1,1,2,0,1,0,1,0,0,0,0,0,0,0,0,0,No,0,2,0,1,0,0,MELB_URBAN,MELB_URBAN,HUME,METROPOLITAN NORTH WEST REGION,2013,11,November,CAMPBELLFIELD
144.96416848782897,-37.799349832177455,3405364,27/10/2013,09.30.00,Yes,Collision with vehicle,Sunday,VEHICLE STRIKES DOOR OF PARKED/STATIONARY VEHICLE,Day,144.96417,-37.79935,MELBOURNE,METROPOLITAN NORTH WEST REGION,3,1,0,0,1,2,1,1,1,2,0,0,0,0,0,0,0,0,0,0,No,0,2,0,1,0,0,MELB_URBAN,MELB_URBAN,MELBOURNE,METROPOLITAN NORTH WEST REGION,2013,10,October,CARLTON
144.94084215001646,-37.77799480308506,3405380,21/10/2013,12.30.00,No,No collision and no object struck,Monday,OUT OF CONTROL ON CARRIAGEWAY (ON STRAIGHT),Day,144.94083999999998,-37.77799,MELBOURNE,METROPOLITAN NORTH WEST REGION,2,1,0,1,0,1,2,0,1,0,1,0,0,0,0,0,0,0,0,0,No,0,2,0,1,0,0,MELB_URBAN,MELB_URBAN,MELBOURNE,METROPOLITAN NORTH WEST REGION,2013,10,October,PARKVILLE
144.96954910995862,-37.77244969178951,3405389,6/11/2013,15.35.00,No,Collision with vehicle,Wednesday,CROSS TRAFFIC(INTERSECTIONS ONLY),Day,144.96955,-37.77245,MORELAND,METROPOLITAN NORTH WEST REGION,2,1,0,0,1,1,2,0,1,0,1,0,0,0,0,0,0,0,0,1,No,0,2,0,1,0,0,MELB_URBAN,MELB_URBAN,MORELAND,METROPOLITAN NORTH WEST REGION,2013,11,November,BRUNSWICK
145.0303171942563,-37.79912163084271,3405392,7/11/2013,09.20.00,No,Collision with vehicle,Thursday,CROSS TRAFFIC(INTERSECTIONS ONLY),Day,145.03032,-37.79912,BOROONDARA,METROPOLITAN SOUTH EAST REGION,2,1,0,0,1,1,1,1,1,0,1,0,0,0,0,0,0,0,0,0,No,0,2,0,1,0,0,MELB_URBAN,MELB_URBAN,BOROONDARA,METROPOLITAN SOUTH EAST REGION,2013,11,November,KEW
145.24765667486972,-37.843330006495655,3405414,28/10/2013,08.15.00,No,Collision with vehicle,Monday,VEHICLE OFF FOOTPATH STRIKES VEH ON CARRIAGEWAY,Day,145.24766,-37.84333,KNOX,METROPOLITAN SOUTH EAST REGION,2,1,0,0,1,1,1,1,1,0,1,0,0,0,0,0,1,0,0,0,No,0,2,0,0,0,0,MELB_URBAN,MELB_URBAN,KNOX,METROPOLITAN SOUTH EAST REGION,2013,10,October,BAYSWATER
144.94397831966447,-37.80030062471099,3405437,2/11/2013,08.23.00,No,Collision with vehicle,Saturday,LEFT TURN SIDESWIPE,Day,144.94398,-37.8003,MELBOURNE,METROPOLITAN NORTH WEST REGION,2,1,0,0,1,1,1,1,1,0,1,0,0,0,0,0,0,0,0,0,No,0,2,0,1,0,0,MELB_URBAN,MELB_URBAN,MELBOURNE,METROPOLITAN NORTH WEST REGION,2013,11,November,NORTH MELBOURNE
145.02358946758136,-37.889392559334496,3405457,12/11/2013,18.10.00,Yes,Collision with vehicle,Tuesday,CROSS TRAFFIC(INTERSECTIONS ONLY),Day,145.02358999999998,-37.88939,GLEN EIRA,METROPOLITAN SOUTH EAST REGION,2,1,0,0,1,1,1,1,1,0,1,0,0,0,0,0,0,0,0,1,No,0,2,0,1,0,0,MELB_URBAN,MELB_URBAN,GLEN EIRA,METROPOLITAN SOUTH EAST REGION,2013,11,November,CAULFIELD SOUTH
145.09104019280687,-37.83515504618406,3405458,12/11/2013,18.10.00,Yes,Collision with vehicle,Tuesday,RIGHT THROUGH,Day,145.09104,-37.835159999999995,BOROONDARA,METROPOLITAN SOUTH EAST REGION,2,1,0,0,1,1,1,1,1,0,1,0,0,0,0,0,0,0,0,1,No,0,2,0,1,0,0,MELB_URBAN,MELB_URBAN,BOROONDARA,METROPOLITAN SOUTH EAST REGION,2013,11,November,CAMBERWELL
144.97506940563932,-37.78491732692669,3405459,12/11/2013,14.53.00,No,Collision with vehicle,Tuesday,REVERSING IN STREAM OF TRAFFIC,Day,144.97507,-37.78492,YARRA,METROPOLITAN NORTH WEST REGION,2,1,0,1,0,1,2,0,1,0,1,0,0,0,0,0,0,0,0,0,No,0,2,0,1,0,0,MELB_URBAN,MELB_URBAN,YARRA,METROPOLITAN NORTH WEST REGION,2013,11,November,CARLTON NORTH
146.55114483035754,-38.202129771303454,3405466,28/10/2013,13.55.00,No,Collision with vehicle,Monday,CROSS TRAFFIC(INTERSECTIONS ONLY),Day,146.55114,-38.20213,LATROBE,EASTERN REGION,2,1,0,0,1,1,2,0,1,0,1,0,0,0,0,0,0,0,1,0,No,0,2,0,1,0,0,SMALL_CITIES,SMALL_CITIES,LATROBE,"EASTERN REGION,EASTERN REGION",2013,10,October,TRARALGON
145.0694285656154,-37.82267376323957,3405469,29/9/2013,07.30.00,Yes,Collision with vehicle,Sunday,REAR END(VEHICLES IN SAME LANE),Day,145.06943,-37.82267,BOROONDARA,METROPOLITAN SOUTH EAST REGION,2,1,0,1,0,1,1,0,2,0,0,0,0,0,0,0,0,0,0,0,No,0,2,0,0,0,0,MELB_URBAN,MELB_URBAN,BOROONDARA,METROPOLITAN SOUTH EAST REGION,2013,9,September,CANTERBURY