X,Y,OBJECTID,ACCIDENT_DATE,ACCIDENT_TIME,ALCOHOLTIME,ACCIDENT_TYPE,DAY_OF_WEEK,DCA_CODE,LIGHT_CONDITION,LONGITUDE,LATITUDE,LGA_NAME,REGION_NAME,TOTAL_PERSONS,INJ_OR_FATAL,FATALITY,SERIOUSINJURY,OTHERINJURY,NONINJURED,MALES,FEMALES,BICYCLIST,PASSENGER,DRIVER,PEDESTRIAN,PILLION,MOTORIST,UNKNOWN,PED_CYCLIST_5_12,PED_CYCLIST_13_18,OLD_PEDESTRIAN,OLD_DRIVER,YOUNG_DRIVER,ALCOHOL_RELATED,UNLICENCSED,NO_OF_VEHICLES,HEAVYVEHICLE,PASSENGERVEHICLE,MOTORCYCLE,PUBLICVEHICLE,DEG_URBAN_NAME,DEG_URBAN_ALL,LGA_NAME_ALL,REGION_NAME_ALL,Year,Month,Month_name,Suburb
145.16225227757886,-37.89964031473806,3409962,20/3/2014,07.05.00,No,Collision with vehicle,Thursday,HEAD ON (NOT OVERTAKING),Dusk/Dawn,145.16225,-37.899640000000005,MONASH,METROPOLITAN SOUTH EAST REGION,2,1,0,1,0,1,1,1,1,0,1,0,0,0,0,0,0,0,0,1,No,0,2,0,1,0,0,MELB_URBAN,MELB_URBAN,MONASH,METROPOLITAN SOUTH EAST REGION,2014,3,March,GLEN WAVERLEY
144.99012187898416,-37.79331460608381,3409963,20/3/2014,11.00.00,No,Collision with vehicle,Thursday,CROSS TRAFFIC(INTERSECTIONS ONLY),Day,144.99012,-37.79331,YARRA,METROPOLITAN NORTH WEST REGION,2,1,0,1,0,1,1,1,1,0,1,0,0,0,0,0,0,0,1,0,No,0,2,0,1,0,0,MELB_URBAN,MELB_URBAN,YARRA,METROPOLITAN NORTH WEST REGION,2014,3,March,CLIFTON HILL
144.9542808591838,-37.812365083772534,3409965,19/3/2014,14.45.00,No,Collision with vehicle,Wednesday,LEFT TURN SIDESWIPE,Day,144.95428,-37.81237,MELBOURNE,METROPOLITAN NORTH WEST REGION,2,1,0,0,1,1,1,1,1,0,1,0,0,0,0,0,0,0,0,0,No,0,2,0,1,0,0,MELBOURNE_CBD,"MELBOURNE_CBD,MELB_URBAN",MELBOURNE,METROPOLITAN NORTH WEST REGION,2014,3,March,MELBOURNE
144.95938790354748,-37.806040604925016,3409975,25/3/2014,09.15.00,No,No collision and no object struck,Tuesday,OUT OF CONTROL ON CARRIAGEWAY (ON STRAIGHT),Day,144.95938999999998,-37.80604,MELBOURNE,METROPOLITAN NORTH WEST REGION,1,1,0,0,1,0,0,1,1,0,0,0,0,0,0,0,0,0,0,0,No,0,1,0,0,0,0,MELB_URBAN,MELB_URBAN,MELBOURNE,METROPOLITAN NORTH WEST REGION,2014,3,March,MELBOURNE
144.9987002067055,-37.73012875438217,3409978,22/3/2014,15.00.00,Yes,Collision with vehicle,Saturday,VEHICLE STRIKES ANOTHER VEH WHILE EMERGING FROM DRIVEWAY,Day,144.9987,-37.730129999999996,DAREBIN,METROPOLITAN NORTH WEST REGION,2,1,0,0,1,1,2,0,1,0,1,0,0,0,0,0,1,0,0,1,No,0,2,0,1,0,0,MELB_URBAN,MELB_URBAN,DAREBIN,METROPOLITAN NORTH WEST REGION,2014,3,March,PRESTON
145.3533530425772,-37.86272580439856,3409980,25/3/2014,10.45.00,No,Collision with vehicle,Tuesday,RIGHT THROUGH,Day,145.35335,-37.86273,YARRA RANGES,METROPOLITAN SOUTH EAST REGION,2,1,0,0,1,1,1,1,1,0,1,0,0,0,0,0,0,0,0,0,No,0,2,0,1,0,0,MELB_URBAN,MELB_URBAN,YARRA RANGES,METROPOLITAN SOUTH EAST REGION,2014,3,March,SASSAFRAS
144.89382121005627,-37.737898005919455,3410002,14/3/2014,16.30.00,Yes,Collision with vehicle,Friday,RIGHT THROUGH,Day,144.89382,-37.7379,MOONEE VALLEY,METROPOLITAN NORTH WEST REGION,2,1,0,0,1,1,1,1,1,0,1,0,0,0,0,0,0,0,0,0,No,0,2,0,1,0,0,MELB_URBAN,MELB_URBAN,MOONEE VALLEY,METROPOLITAN NORTH WEST REGION,2014,3,March,ESSENDON
144.91154715857812,-37.73448968628308,3410009,15/3/2014,08.08.00,No,Collision with vehicle,Saturday,VEHICLE STRIKES ANOTHER VEH WHILE EMERGING FROM DRIVEWAY,Day,144.91155,-37.73449,MOONEE VALLEY,METROPOLITAN NORTH WEST REGION,2,1,0,1,0,1,1,1,1,0,1,0,0,0,0,0,0,0,0,1,No,0,2,0,1,0,0,MELB_URBAN,MELB_URBAN,MOONEE VALLEY,METROPOLITAN NORTH WEST REGION,2014,3,March,STRATHMORE
144.94602797743372,-37.76969637366261,3410020,20/3/2014,15.20.00,No,Collision with vehicle,Thursday,RIGHT THROUGH,Day,144.94603,-37.7697,MORELAND,METROPOLITAN NORTH WEST REGION,2,1,0,0,1,1,1,1,1,0,1,0,0,0,0,0,1,0,0,0,No,0,2,0,1,0,0,MELB_URBAN,MELB_URBAN,MORELAND,METROPOLITAN NORTH WEST REGION,2014,3,March,BRUNSWICK WEST
144.9702262731554,-37.79899609407332,3410042,20/2/2014,17.45.00,No,Collision with vehicle,Thursday,RIGHT THROUGH,Day,144.97023000000002,-37.799,MELBOURNE,METROPOLITAN NORTH WEST REGION,2,1,0,0,1,1,1,1,1,0,1,0,0,0,0,0,1,0,1,0,No,0,2,0,1,0,0,MELB_URBAN,MELB_URBAN,MELBOURNE,METROPOLITAN NORTH WEST REGION,2014,2,February,CARLTON
145.4157863143171,-36.36249080798417,3410043,1/3/2014,08.30.00,No,Collision with vehicle,Saturday,RIGHT NEAR (INTERSECTIONS ONLY),Day,145.41579,-36.36249,SHEPPARTON,NORTH EASTERN REGION,2,1,0,0,1,1,1,1,1,0,1,0,0,0,0,0,0,0,0,0,No,0,2,0,1,0,0,SMALL_CITIES,SMALL_CITIES,SHEPPARTON,NORTH EASTERN REGION,2014,3,March,SHEPPARTON
144.9622711957043,-37.85288235047185,3410044,9/3/2014,09.30.00,Yes,Collision with vehicle,Sunday,LEFT NEAR (INTERSECTIONS ONLY),Day,144.96227,-37.85288,PORT PHILLIP,METROPOLITAN NORTH WEST REGION,2,1,0,1,0,1,2,0,1,0,1,0,0,0,0,0,0,0,0,0,No,0,2,0,1,0,0,MELB_URBAN,MELB_URBAN,PORT PHILLIP,METROPOLITAN NORTH WEST REGION,2014,3,March,MIDDLE PARK
144.9367976396453,-37.80972631174204,3410045,10/3/2014,07.30.00,No,Collision with vehicle,Monday,LEFT FAR (INTERSECTIONS ONLY),Dusk/Dawn,144.9368,-37.80973,MELBOURNE,METROPOLITAN NORTH WEST REGION,2,1,0,1,0,1,2,0,1,0,1,0,0,0,0,0,0,0,0,0,No,0,2,0,1,0,0,MELB_URBAN,MELB_URBAN,MELBOURNE,METROPOLITAN NORTH WEST REGION,2014,3,March,DOCKLANDS
144.99174511552928,-37.765777311959134,3410058,4/3/2014,07.50.00,No,Collision with vehicle,Monday,VEHICLE OFF FOOTPATH STRIKES VEH ON CARRIAGEWAY,Dusk/Dawn,144.99175,-37.76578,DAREBIN,METROPOLITAN NORTH WEST REGION,2,1,0,0,1,1,0,2,1,0,1,0,0,0,0,0,0,0,0,0,No,0,2,0,1,0,0,MELB_URBAN,MELB_URBAN,DAREBIN,METROPOLITAN NORTH WEST REGION,2014,3,March,NORTHCOTE
145.1179414508763,-38.05506557412919,3410063,20/3/2014,14.46.00,No,Collision with vehicle,Thursday,LEFT TURN SIDESWIPE,Day,145.11794,-38.05507,KINGSTON,METROPOLITAN SOUTH EAST REGION,2,1,0,0,1,1,1,1,1,0,1,0,0,0,0,0,0,0,0,0,No,0,2,0,1,0,0,MELB_URBAN,MELB_URBAN,KINGSTON,METROPOLITAN SOUTH EAST REGION,2014,3,March,CHELSEA
144.99567727474053,-37.83919965262045,3410068,20/3/2014,19.30.00,Yes,Collision with vehicle,Thursday,VEHICLE STRIKES DOOR OF PARKED/STATIONARY VEHICLE,Dusk/Dawn,144.99568,-37.8392,STONNINGTON,METROPOLITAN SOUTH EAST REGION,3,1,0,0,1,2,3,0,1,1,1,0,0,0,0,0,0,0,0,0,No,0,2,0,1,0,0,MELB_URBAN,MELB_URBAN,STONNINGTON,METROPOLITAN SOUTH EAST REGION,2014,3,March,SOUTH YARRA
147.6115331491507,-37.83056981006122,3410072,20/3/2014,17.57.00,No,Collision with vehicle,Thursday,VEHICLE OFF FOOTPATH STRIKES VEH ON CARRIAGEWAY,Dusk/Dawn,147.61153000000002,-37.83057,EAST GIPPSLAND,EASTERN REGION,2,1,0,1,0,1,2,0,1,0,1,0,0,0,0,0,0,0,0,0,Yes,0,2,0,1,0,0,SMALL_CITIES,SMALL_CITIES,EAST GIPPSLAND,"EASTERN REGION,EASTERN REGION",2014,3,March,BAIRNSDALE
145.00758309688973,-37.92105827520319,3410078,25/3/2014,19.10.00,Yes,Collision with vehicle,Tuesday,LEFT NEAR (INTERSECTIONS ONLY),Dusk/Dawn,145.00758000000002,-37.92106,BAYSIDE,METROPOLITAN SOUTH EAST REGION,2,1,0,0,1,1,1,1,1,0,1,0,0,0,0,0,1,0,0,0,No,0,2,0,1,0,0,MELB_URBAN,MELB_URBAN,BAYSIDE,METROPOLITAN SOUTH EAST REGION,2014,3,March,BRIGHTON EAST
145.06840025412475,-37.974308729323525,3410092,8/3/2014,12.30.00,No,Collision with vehicle,Saturday,VEHICLE STRIKES ANOTHER VEH WHILE EMERGING FROM DRIVEWAY,Day,145.0684,-37.974309999999996,KINGSTON,METROPOLITAN SOUTH EAST REGION,2,1,0,0,1,1,2,0,1,0,1,0,0,0,0,0,1,0,0,0,No,0,2,0,1,0,0,MELB_URBAN,MELB_URBAN,KINGSTON,METROPOLITAN SOUTH EAST REGION,2014,3,March,MENTONE
143.8912880185349,-38.63649090455807,3410093,10/3/2014,12.00.00,No,Collision with vehicle,Monday,LANE SIDE SWIPE (VEHICLES IN PARALLEL LANES),Day,143.89129,-38.63649,COLAC OTWAY,SOUTH WESTERN REGION,5,1,0,0,1,4,1,2,1,3,1,0,0,0,0,0,0,0,0,0,No,0,2,0,1,0,0,RURAL_VICTORIA,RURAL_VICTORIA,COLAC OTWAY,SOUTH WESTERN REGION,2014,3,March,WYE RIVER
147.6264274597534,-37.82566943502921,3410105,15/3/2014,17.45.00,Yes,Collision with vehicle,Saturday,RIGHT FAR (INTERSECTIONS ONLY),Dusk/Dawn,147.62643,-37.82567,EAST GIPPSLAND,EASTERN REGION,2,1,0,0,1,1,1,1,1,0,1,0,0,0,0,0,0,0,0,0,No,0,2,0,1,0,0,SMALL_CITIES,SMALL_CITIES,EAST GIPPSLAND,"EASTERN REGION,EASTERN REGION",2014,3,March,BAIRNSDALE
144.97883994100678,-37.805920056702256,3410112,15/3/2014,17.10.00,Yes,Collision with vehicle,Saturday,VEHICLE STRIKES DOOR OF PARKED/STATIONARY VEHICLE,Dusk/Dawn,144.97884,-37.80592,YARRA,METROPOLITAN NORTH WEST REGION,2,1,0,0,1,1,0,2,1,0,1,0,0,0,0,0,0,0,0,0,No,0,2,0,1,0,0,MELB_URBAN,MELB_URBAN,YARRA,METROPOLITAN NORTH WEST REGION,2014,3,March,FITZROY
144.9703903079746,-37.797981543157775,3410125,17/3/2014,08.40.00,No,Collision with vehicle,Monday,VEHICLE STRIKES DOOR OF PARKED/STATIONARY VEHICLE,Day,144.97038999999998,-37.797979999999995,MELBOURNE,METROPOLITAN NORTH WEST REGION,2,1,0,0,1,1,2,0,1,0,1,0,0,0,0,0,0,0,0,0,No,0,2,0,1,0,0,MELB_URBAN,MELB_URBAN,MELBOURNE,METROPOLITAN NORTH WEST REGION,2014,3,March,CARLTON
144.9973959990001,-37.801648538738014,3410129,12/2/2014,08.15.00,No,Collision with vehicle,Wednesday,LEFT TURN SIDESWIPE,Day,144.9974,-37.80165,YARRA,METROPOLITAN NORTH WEST REGION,2,1,0,0,1,1,1,0,1,0,0,0,0,0,1,0,0,0,0,0,No,0,2,0,0,0,0,MELB_URBAN,MELB_URBAN,YARRA,METROPOLITAN NORTH WEST REGION,2014,2,February,ABBOTSFORD
144.98877211879827,-37.790641417382666,3410130,5/3/2014,18.20.00,Yes,Collision with vehicle,Wednesday,RIGHT THROUGH,Dusk/Dawn,144.98877,-37.79064,YARRA,METROPOLITAN NORTH WEST REGION,2,1,0,0,1,1,1,1,1,0,1,0,0,0,0,0,0,0,0,0,No,0,2,0,1,0,0,MELB_URBAN,MELB_URBAN,YARRA,METROPOLITAN NORTH WEST REGION,2014,3,March,CLIFTON HILL
144.99413151769355,-37.84686376917417,3410143,10/3/2014,22.08.00,Yes,Collision with vehicle,Monday,RIGHT THROUGH,Dark Street lights on,144.99413,-37.84686,STONNINGTON,METROPOLITAN SOUTH EAST REGION,2,1,0,1,0,1,2,0,1,0,1,0,0,0,0,0,0,0,0,0,No,0,2,0,1,0,0,MELB_URBAN,MELB_URBAN,STONNINGTON,METROPOLITAN SOUTH EAST REGION,2014,3,March,SOUTH YARRA
145.0914542741599,-37.825254090296134,3410145,3/12/2013,07.30.00,No,Collision with vehicle,Tuesday,RIGHT THROUGH,Day,145.09145,-37.82525,BOROONDARA,METROPOLITAN SOUTH EAST REGION,2,1,0,0,1,1,1,0,1,0,1,0,0,0,0,0,0,0,0,0,No,0,2,0,1,0,0,MELB_URBAN,MELB_URBAN,BOROONDARA,METROPOLITAN SOUTH EAST REGION,2013,12,December,SURREY HILLS
144.38755230963068,-38.177960251331896,3410148,10/3/2014,23.05.00,Yes,No collision and no object struck,Sunday,OUT OF CONTROL ON CARRIAGEWAY (ON STRAIGHT),Dark Street lights on,144.38755,-38.17796,GEELONG,SOUTH WESTERN REGION,1,1,0,0,1,0,1,0,1,0,0,0,0,0,0,0,0,0,0,0,No,0,1,0,0,0,0,LARGE_PROVINCIAL_CITIES,LARGE_PROVINCIAL_CITIES,GEELONG,SOUTH WESTERN REGION,2014,3,March,WHITTINGTON
144.98470055355054,-37.78231029446393,3410156,9/3/2014,23.15.00,Yes,No collision and no object struck,Sunday,OTHER ACCIDENTS NOT CLASSIFIABLE ELSEWHERE,Dark Street lights on,144.9847,-37.782309999999995,YARRA,METROPOLITAN NORTH WEST REGION,2,1,0,0,1,1,1,0,1,0,1,0,0,0,0,0,0,0,0,0,No,0,2,0,1,0,0,MELB_URBAN,MELB_URBAN,YARRA,METROPOLITAN NORTH WEST REGION,2014,3,March,FITZROY NORTH
144.31528981245344,-36.74932022774049,3410162,17/12/2013,11.00.00,No,No collision and no object struck,Tuesday,OUT OF CONTROL ON CARRIAGEWAY (ON STRAIGHT),Day,144.31529,-36.749320000000004,BENDIGO,NORTHERN REGION,1,1,0,0,1,0,0,1,1,0,0,0,0,0,0,0,0,0,0,0,No,0,1,0,0,0,0,LARGE_PROVINCIAL_CITIES,LARGE_PROVINCIAL_CITIES,BENDIGO,NORTHERN REGION,2013,12,December,EAST BENDIGO
144.98075517356668,-37.7868903619137,3410164,16/3/2014,11.10.00,No,Collision with vehicle,Sunday,LEFT NEAR (INTERSECTIONS ONLY),Day,144.98076,-37.78689,YARRA,METROPOLITAN NORTH WEST REGION,2,1,0,0,1,1,1,1,1,0,1,0,0,0,0,0,0,0,0,0,No,0,2,0,1,0,0,MELB_URBAN,MELB_URBAN,YARRA,METROPOLITAN NORTH WEST REGION,2014,3,March,FITZROY NORTH
144.9914626623066,-37.87224558073731,3410185,6/3/2014,08.35.00,No,Collision with vehicle,Thursday,CROSS TRAFFIC(INTERSECTIONS ONLY),Day,144.99146000000002,-37.87225,PORT PHILLIP,METROPOLITAN NORTH WEST REGION,4,1,0,0,1,3,2,2,1,2,1,0,0,0,0,0,0,0,0,1,No,0,2,0,1,0,0,MELB_URBAN,MELB_URBAN,PORT PHILLIP,METROPOLITAN NORTH WEST REGION,2014,3,March,BALACLAVA
144.92060720982417,-37.835834142909654,3410195,11/3/2014,07.20.00,No,Collision with vehicle,Tuesday,RIGHT FAR (INTERSECTIONS ONLY),Dusk/Dawn,144.92061,-37.83583,PORT PHILLIP,METROPOLITAN NORTH WEST REGION,2,1,0,1,0,1,2,0,1,0,1,0,0,0,0,0,0,0,0,0,No,0,2,0,1,0,0,MELB_URBAN,MELB_URBAN,PORT PHILLIP,METROPOLITAN NORTH WEST REGION,2014,3,March,PORT MELBOURNE
145.19352453186403,-38.30934260135832,3410199,11/3/2014,10.10.00,No,Collision with vehicle,Tuesday,RIGHT TURN SIDESWIPE,Day,145.19352,-38.30934,MORNINGTON PENINSULA,METROPOLITAN SOUTH EAST REGION,2,1,0,0,1,1,1,1,1,0,1,0,0,0,0,0,0,0,1,0,No,0,2,0,1,0,0,MELB_URBAN,MELB_URBAN,MORNINGTON PENINSULA,METROPOLITAN SOUTH EAST REGION,2014,3,March,HASTINGS
144.97557868740597,-37.858178056857774,3410226,16/3/2014,15.12.00,No,Collision with vehicle,Sunday,RIGHT THROUGH,Day,144.97558,-37.85818,PORT PHILLIP,METROPOLITAN NORTH WEST REGION,3,1,0,0,1,2,2,1,1,1,1,0,0,0,0,0,0,0,0,0,No,0,2,0,1,0,0,MELB_URBAN,MELB_URBAN,PORT PHILLIP,METROPOLITAN NORTH WEST REGION,2014,3,March,ST KILDA WEST
144.43497554263996,-37.677563574852854,3410236,5/3/2014,08.45.00,No,Collision with vehicle,Wednesday,VEHICLE STRIKES DOOR OF PARKED/STATIONARY VEHICLE,Day,144.43498,-37.67756,MOORABOOL,WESTERN REGION,3,1,0,1,0,2,2,1,1,1,1,0,0,0,0,0,0,0,0,0,No,0,2,0,1,0,0,SMALL_CITIES,SMALL_CITIES,MOORABOOL,WESTERN REGION,2014,3,March,BACCHUS MARSH
144.9874870419619,-37.77906526343449,3410237,28/2/2014,17.30.00,Yes,Collision with vehicle,Friday,RIGHT THROUGH,Day,144.98748999999998,-37.779070000000004,YARRA,METROPOLITAN NORTH WEST REGION,2,1,0,0,1,1,1,1,1,0,1,0,0,0,0,0,0,0,0,1,No,0,2,0,1,0,0,MELB_URBAN,MELB_URBAN,YARRA,METROPOLITAN NORTH WEST REGION,2014,2,February,FITZROY NORTH
145.04714625624302,-37.724220180949075,3410242,6/3/2014,11.47.00,No,Collision with vehicle,Thursday,CROSS TRAFFIC(INTERSECTIONS ONLY),Day,145.04715,-37.72422,DAREBIN,METROPOLITAN NORTH WEST REGION,2,1,0,0,1,1,2,0,1,0,1,0,0,0,0,0,0,0,0,0,No,0,2,0,1,0,0,MELB_URBAN,MELB_URBAN,DAREBIN,METROPOLITAN NORTH WEST REGION,2014,3,March,BUNDOORA
144.9255307866144,-37.763544003778094,3410251,11/3/2014,14.15.00,No,No collision and no object struck,Tuesday,OUT OF CONTROL ON CARRIAGEWAY (ON STRAIGHT),Day,144.92553,-37.76354,MOONEE VALLEY,METROPOLITAN NORTH WEST REGION,1,1,0,1,0,0,0,1,1,0,0,0,0,0,0,0,0,0,0,0,No,0,1,0,0,0,0,MELB_URBAN,MELB_URBAN,MOONEE VALLEY,METROPOLITAN NORTH WEST REGION,2014,3,March,MOONEE PONDS
146.8740402502846,-36.1225855347812,3410268,17/3/2014,08.45.00,No,Collision with vehicle,Monday,VEHICLE OFF FOOTPATH STRIKES VEH ON CARRIAGEWAY,Day,146.87403999999998,-36.12259,WODONGA,NORTH EASTERN REGION,2,1,0,0,1,1,1,1,1,0,1,0,0,0,0,1,0,0,0,0,No,0,2,0,1,0,0,SMALL_CITIES,SMALL_CITIES,WODONGA,NORTH EASTERN REGION,2014,3,March,WODONGA
144.75764123961383,-37.763798275348904,3410270,21/3/2014,21.13.00,Yes,Collision with vehicle,Friday,VEHICLE OFF FOOTPATH STRIKES VEH ON CARRIAGEWAY,Dark Street lights on,144.75763999999998,-37.7638,BRIMBANK,METROPOLITAN NORTH WEST REGION,2,1,0,1,0,1,2,0,1,0,1,0,0,0,0,0,0,0,0,0,No,0,2,0,1,0,0,MELB_URBAN,MELB_URBAN,BRIMBANK,METROPOLITAN NORTH WEST REGION,2014,3,March,DEER PARK
144.92782408269207,-37.61902466051142,3410277,21/3/2014,22.50.00,Yes,Collision with vehicle,Friday,LEFT NEAR (INTERSECTIONS ONLY),Dark Street lights on,144.92782,-37.61902,HUME,METROPOLITAN NORTH WEST REGION,2,1,0,0,1,1,2,0,1,0,1,0,0,0,0,0,0,0,0,1,No,0,2,0,1,0,0,MELB_URBAN,MELB_URBAN,HUME,METROPOLITAN NORTH WEST REGION,2014,3,March,ROXBURGH PARK
144.9674379618447,-37.817453074304545,3410280,22/3/2014,02.13.00,Yes,Collision with vehicle,Saturday,VEHICLE COLLIDES WITH VEHICLE PARKED ON LEFT OF ROAD,Dark Street lights on,144.96743999999998,-37.81745,MELBOURNE,METROPOLITAN NORTH WEST REGION,2,1,0,0,1,1,1,1,1,0,1,0,0,0,0,0,0,0,0,0,No,0,2,0,1,0,0,MELBOURNE_CBD,"MELBOURNE_CBD,MELB_URBAN",MELBOURNE,METROPOLITAN NORTH WEST REGION,2014,3,March,MELBOURNE
144.94317367416764,-37.79038843554083,3410288,6/3/2014,19.00.00,Yes,Collision with vehicle,Thursday,LEFT NEAR (INTERSECTIONS ONLY),Dusk/Dawn,144.94317,-37.79039,MELBOURNE,METROPOLITAN NORTH WEST REGION,2,1,0,0,1,1,0,1,1,0,0,0,0,0,1,0,0,0,0,0,No,0,2,0,0,0,0,MELB_URBAN,MELB_URBAN,MELBOURNE,METROPOLITAN NORTH WEST REGION,2014,3,March,NORTH MELBOURNE
144.94493723610046,-37.800421578658316,3410297,11/3/2014,17.56.00,No,Collision with vehicle,Tuesday,RIGHT THROUGH,Dusk/Dawn,144.94494,-37.80042,MELBOURNE,METROPOLITAN NORTH WEST REGION,3,1,0,0,1,2,3,0,1,1,1,0,0,0,0,0,0,0,0,0,No,0,2,0,1,0,0,MELB_URBAN,MELB_URBAN,MELBOURNE,METROPOLITAN NORTH WEST REGION,2014,3,March,NORTH MELBOURNE
145.02925003481585,-37.924947721955206,3410311,17/3/2014,08.25.00,No,Collision with vehicle,Monday,LEFT THROUGH,Day,145.02925,-37.92495,GLEN EIRA,METROPOLITAN SOUTH EAST REGION,2,1,0,0,1,1,2,0,1,0,1,0,0,0,0,0,1,0,0,0,No,0,2,0,1,0,0,MELB_URBAN,MELB_URBAN,GLEN EIRA,METROPOLITAN SOUTH EAST REGION,2014,3,March,BENTLEIGH
144.28418710396187,-36.75856112216522,3410316,17/3/2014,11.15.00,No,Collision with vehicle,Monday,CROSS TRAFFIC(INTERSECTIONS ONLY),Day,144.28419,-36.758559999999996,BENDIGO,NORTHERN REGION,2,1,0,1,0,1,1,1,1,0,1,0,0,0,0,0,0,0,1,0,No,0,2,0,1,0,0,LARGE_PROVINCIAL_CITIES,LARGE_PROVINCIAL_CITIES,BENDIGO,NORTHERN REGION,2014,3,March,BENDIGO
145.17192890951247,-38.008909817392244,3410318,17/3/2014,11.50.00,No,Collision with vehicle,Monday,RIGHT NEAR (INTERSECTIONS ONLY),Day,145.17193,-38.00891,DANDENONG,METROPOLITAN SOUTH EAST REGION,2,1,0,0,1,1,1,1,1,0,1,0,0,0,0,0,0,0,0,0,No,0,2,0,1,0,0,MELB_URBAN,MELB_URBAN,DANDENONG,METROPOLITAN SOUTH EAST REGION,2014,3,March,KEYSBOROUGH
144.98780770227313,-37.79651422729592,3410323,19/3/2014,17.45.00,No,Collision with vehicle,Wednesday,CROSS TRAFFIC(INTERSECTIONS ONLY),Dusk/Dawn,144.98781,-37.79651,YARRA,METROPOLITAN NORTH WEST REGION,2,1,0,0,1,1,1,1,1,0,1,0,0,0,0,0,0,0,0,0,No,0,2,0,1,0,0,MELB_URBAN,MELB_URBAN,YARRA,METROPOLITAN NORTH WEST REGION,2014,3,March,COLLINGWOOD
145.0767687859626,-37.81229332044713,3410324,21/3/2014,07.30.00,No,Collision with vehicle,Friday,LEFT REAR,Dusk/Dawn,145.07676999999998,-37.812290000000004,BOROONDARA,METROPOLITAN SOUTH EAST REGION,2,1,0,0,1,1,1,1,1,0,1,0,0,0,0,0,0,0,0,0,No,0,2,0,1,0,0,MELB_URBAN,MELB_URBAN,BOROONDARA,METROPOLITAN SOUTH EAST REGION,2014,3,March,BALWYN
144.94609578734713,-37.829478522811904,3410328,22/3/2014,09.50.00,No,Collision with vehicle,Saturday,RIGHT FAR (INTERSECTIONS ONLY),Day,144.9461,-37.82948,PORT PHILLIP,METROPOLITAN NORTH WEST REGION,2,1,0,0,1,1,1,1,1,0,1,0,0,0,0,0,0,0,0,0,No,0,2,0,1,0,0,MELB_URBAN,MELB_URBAN,PORT PHILLIP,METROPOLITAN NORTH WEST REGION,2014,3,March,SOUTH MELBOURNE
144.97419440988747,-37.760600478042406,3410338,7/3/2014,02.40.00,Yes,Collision with vehicle,Friday,VEHICLE COLLIDES WITH VEHICLE PARKED ON LEFT OF ROAD,Dark Street lights on,144.97419,-37.7606,MORELAND,METROPOLITAN NORTH WEST REGION,1,1,0,0,1,0,1,0,1,0,0,0,0,0,0,0,0,0,0,0,No,0,2,0,1,0,0,MELB_URBAN,MELB_URBAN,MORELAND,METROPOLITAN NORTH WEST REGION,2014,3,March,BRUNSWICK EAST
143.82126685128003,-37.54419961275999,3410348,12/3/2014,06.30.00,No,Collision with vehicle,Wednesday,VEHICLE COLLIDES WITH VEHICLE PARKED ON LEFT OF ROAD,Dusk/Dawn,143.82127,-37.5442,BALLARAT,WESTERN REGION,1,1,0,0,1,0,1,0,1,0,0,0,0,0,0,0,0,0,0,0,No,0,2,0,1,0,0,LARGE_PROVINCIAL_CITIES,LARGE_PROVINCIAL_CITIES,BALLARAT,WESTERN REGION,2014,3,March,LAKE WENDOUREE
144.99588501041734,-37.83818224742323,3410375,22/3/2014,09.30.00,No,Collision with vehicle,Saturday,RIGHT THROUGH,Day,144.99589,-37.83818,STONNINGTON,METROPOLITAN SOUTH EAST REGION,2,1,0,0,1,1,2,0,1,0,1,0,0,0,0,0,0,0,0,0,No,0,2,0,1,0,0,MELB_URBAN,MELB_URBAN,STONNINGTON,METROPOLITAN SOUTH EAST REGION,2014,3,March,SOUTH YARRA
144.9636715006744,-37.75805015891803,3410378,19/3/2014,17.15.00,No,Collision with vehicle,Wednesday,LEFT TURN SIDESWIPE,Dusk/Dawn,144.96367,-37.75805,MORELAND,METROPOLITAN NORTH WEST REGION,2,1,0,1,0,1,1,0,1,0,1,0,0,0,0,0,0,0,0,0,No,0,2,0,1,0,0,MELB_URBAN,MELB_URBAN,MORELAND,METROPOLITAN NORTH WEST REGION,2014,3,March,BRUNSWICK
144.6688993421332,-37.895795577296624,3410381,22/3/2014,14.42.00,Yes,Collision with vehicle,Saturday,LEFT TURN SIDESWIPE,Day,144.6689,-37.8958,WYNDHAM,METROPOLITAN NORTH WEST REGION,2,1,0,0,1,1,1,0,1,0,0,0,0,0,1,0,0,0,0,0,No,0,2,0,0,0,0,MELB_URBAN,MELB_URBAN,WYNDHAM,METROPOLITAN NORTH WEST REGION,2014,3,March,WERRIBEE
144.97382714992509,-37.81447457739504,3410384,22/3/2014,17.05.00,Yes,Collision with vehicle,Saturday,CUTTING IN (OVERTAKING),Dusk/Dawn,144.97383,-37.81447,MELBOURNE,METROPOLITAN NORTH WEST REGION,2,1,0,0,1,1,2,0,1,0,1,0,0,0,0,0,0,0,0,0,No,0,2,0,1,0,0,MELBOURNE_CBD,MELBOURNE_CBD,MELBOURNE,METROPOLITAN NORTH WEST REGION,2014,3,March,MELBOURNE
144.96723605390946,-37.691264028235175,3410388,26/2/2014,01.25.00,Yes,Collision with vehicle,Wednesday,REAR END(VEHICLES IN SAME LANE),Unk.,144.96724,-37.69126,HUME,METROPOLITAN NORTH WEST REGION,2,1,0,0,1,1,1,0,1,0,0,0,0,0,1,0,0,0,0,0,No,0,2,0,0,0,0,MELB_URBAN,MELB_URBAN,HUME,METROPOLITAN NORTH WEST REGION,2014,2,February,FAWKNER