X,Y,OBJECTID,ACCIDENT_DATE,ACCIDENT_TIME,ALCOHOLTIME,ACCIDENT_TYPE,DAY_OF_WEEK,DCA_CODE,LIGHT_CONDITION,LONGITUDE,LATITUDE,LGA_NAME,REGION_NAME,TOTAL_PERSONS,INJ_OR_FATAL,FATALITY,SERIOUSINJURY,OTHERINJURY,NONINJURED,MALES,FEMALES,BICYCLIST,PASSENGER,DRIVER,PEDESTRIAN,PILLION,MOTORIST,UNKNOWN,PED_CYCLIST_5_12,PED_CYCLIST_13_18,OLD_PEDESTRIAN,OLD_DRIVER,YOUNG_DRIVER,ALCOHOL_RELATED,UNLICENCSED,NO_OF_VEHICLES,HEAVYVEHICLE,PASSENGERVEHICLE,MOTORCYCLE,PUBLICVEHICLE,DEG_URBAN_NAME,DEG_URBAN_ALL,LGA_NAME_ALL,REGION_NAME_ALL,Year,Month,Month_name,Suburb
144.93157338505262,-37.79106040106111,3402844,13/7/2013,15.00.00,Yes,Collision with vehicle,Saturday,ENTERING PARKING,Day,144.93157,-37.791059999999995,MELBOURNE,METROPOLITAN NORTH WEST REGION,2,1,0,0,1,1,0,2,1,0,1,0,0,0,0,0,0,0,0,0,No,0,2,0,1,0,0,MELB_URBAN,MELB_URBAN,MELBOURNE,METROPOLITAN NORTH WEST REGION,2013,7,July,KENSINGTON
145.06744203156083,-37.88474082576453,3402852,5/8/2013,17.45.00,No,Collision with vehicle,Monday,RIGHT THROUGH,Dark Street lights unknown,145.06744,-37.88474,GLEN EIRA,METROPOLITAN SOUTH EAST REGION,3,1,0,1,0,2,2,0,2,0,0,0,0,0,1,0,0,0,0,0,No,0,3,0,0,0,0,MELB_URBAN,MELB_URBAN,GLEN EIRA,METROPOLITAN SOUTH EAST REGION,2013,8,August,CARNEGIE
145.12547647626806,-38.09176032892936,3402886,2/8/2013,06.48.00,No,Collision with vehicle,Thursday,LANE SIDE SWIPE (VEHICLES IN PARALLEL LANES),Dark Street lights on,145.12548,-38.09176,FRANKSTON,METROPOLITAN SOUTH EAST REGION,3,1,0,0,1,2,3,0,2,0,1,0,0,0,0,0,0,0,0,1,No,0,3,0,1,0,0,MELB_URBAN,MELB_URBAN,FRANKSTON,METROPOLITAN SOUTH EAST REGION,2013,8,August,SEAFORD
145.2133511187497,-37.83232913349257,3402892,8/8/2013,16.00.00,No,Collision with vehicle,Thursday,VEHICLE OFF FOOTPATH STRIKES VEH ON CARRIAGEWAY,Day,145.21335,-37.83233,MAROONDAH,METROPOLITAN SOUTH EAST REGION,2,1,0,0,1,1,1,1,1,0,1,0,0,0,0,1,0,0,0,0,No,0,2,0,1,0,0,MELB_URBAN,MELB_URBAN,"WHITEHORSE,MAROONDAH",METROPOLITAN SOUTH EAST REGION,2013,8,August,RINGWOOD
145.3293290188763,-37.90300288057699,3402893,8/8/2013,07.09.00,No,Collision with vehicle,Thursday,RIGHT FAR (INTERSECTIONS ONLY),Dusk/Dawn,145.32933,-37.903,YARRA RANGES,METROPOLITAN SOUTH EAST REGION,2,1,0,0,1,1,1,1,1,0,1,0,0,0,0,0,0,0,0,0,No,0,2,0,1,0,0,MELB_URBAN,MELB_URBAN,YARRA RANGES,METROPOLITAN SOUTH EAST REGION,2013,8,August,UPWEY
144.95813938847903,-37.77779321324768,3402900,9/8/2013,12.03.00,No,Collision with vehicle,Friday,VEHICLE OFF FOOTPATH STRIKES VEH ON CARRIAGEWAY,Day,144.95814,-37.77779,MELBOURNE,METROPOLITAN NORTH WEST REGION,2,1,0,1,0,1,1,1,1,0,1,0,0,0,0,0,0,0,0,0,No,0,2,0,1,0,0,MELB_URBAN,MELB_URBAN,"MORELAND,MELBOURNE",METROPOLITAN NORTH WEST REGION,2013,8,August,BRUNSWICK
143.5871113642324,-38.34088557732499,3402905,6/8/2013,18.00.00,Yes,Collision with vehicle,Tuesday,VEHICLE OFF FOOTPATH STRIKES VEH ON CARRIAGEWAY,Dark Street lights on,143.58711,-38.34089,COLAC OTWAY,SOUTH WESTERN REGION,2,1,0,1,0,1,1,1,1,0,1,0,0,0,0,0,1,0,0,0,No,0,2,0,1,0,0,SMALL_CITIES,SMALL_CITIES,COLAC OTWAY,SOUTH WESTERN REGION,2013,8,August,COLAC
144.9584688664809,-37.80403937734096,3402906,6/8/2013,17.55.00,No,Collision with vehicle,Tuesday,RIGHT THROUGH,Dark Street lights on,144.95847,-37.80404,MELBOURNE,METROPOLITAN NORTH WEST REGION,3,1,0,0,1,2,0,2,1,1,1,0,0,0,0,0,0,0,0,1,No,0,2,0,1,0,0,MELB_URBAN,MELB_URBAN,MELBOURNE,METROPOLITAN NORTH WEST REGION,2013,8,August,MELBOURNE
144.9152316232118,-37.75142930209893,3402908,6/8/2013,06.20.00,No,Collision with vehicle,Tuesday,LEFT TURN SIDESWIPE,Dark Street lights unknown,144.91523,-37.75143,MOONEE VALLEY,METROPOLITAN NORTH WEST REGION,2,1,0,0,1,1,2,0,1,0,1,0,0,0,0,0,0,0,0,0,No,0,2,0,1,0,0,MELB_URBAN,MELB_URBAN,MOONEE VALLEY,METROPOLITAN NORTH WEST REGION,2013,8,August,ESSENDON
144.95829536884574,-37.79372189595998,3402909,3/8/2013,18.00.00,Yes,Collision with vehicle,Friday,LANE SIDE SWIPE (VEHICLES IN PARALLEL LANES),Dark Street lights unknown,144.9583,-37.79372,MELBOURNE,METROPOLITAN NORTH WEST REGION,3,1,0,0,1,2,2,1,2,0,1,0,0,0,0,0,0,0,0,0,No,0,3,0,1,0,0,MELB_URBAN,MELB_URBAN,MELBOURNE,METROPOLITAN NORTH WEST REGION,2013,8,August,PARKVILLE
145.1494490887497,-37.72681850465641,3402910,6/8/2013,16.20.00,No,Collision with vehicle,Monday,LANE SIDE SWIPE (VEHICLES IN PARALLEL LANES),Dusk/Dawn,145.14945,-37.726820000000004,NILLUMBIK,METROPOLITAN NORTH WEST REGION,2,1,0,0,1,1,1,0,1,0,1,0,0,0,0,0,0,0,0,0,No,0,2,0,1,0,0,MELB_URBAN,MELB_URBAN,NILLUMBIK,METROPOLITAN NORTH WEST REGION,2013,8,August,ELTHAM
144.9580369977693,-37.795817135358156,3402916,3/8/2013,18.45.00,Yes,Collision with vehicle,Saturday,LEFT NEAR (INTERSECTIONS ONLY),Dark Street lights on,144.95803999999998,-37.79582,MELBOURNE,METROPOLITAN NORTH WEST REGION,3,2,0,0,2,1,2,1,2,0,1,0,0,0,0,0,0,0,0,0,No,0,3,0,1,0,0,MELB_URBAN,MELB_URBAN,MELBOURNE,METROPOLITAN NORTH WEST REGION,2013,8,August,PARKVILLE
144.96428375896133,-37.75457126661664,3402920,7/8/2013,08.00.00,No,Collision with vehicle,Wednesday,LEFT TURN SIDESWIPE,Day,144.96428,-37.75457,MORELAND,METROPOLITAN NORTH WEST REGION,2,1,0,1,0,1,1,1,1,0,1,0,0,0,0,0,0,0,0,1,No,0,2,0,1,0,0,MELB_URBAN,MELB_URBAN,MORELAND,METROPOLITAN NORTH WEST REGION,2013,8,August,COBURG
144.98071756019684,-37.83391072409806,3402925,7/8/2013,07.54.00,No,No collision and no object struck,Wednesday,OUT OF CONTROL ON CARRIAGEWAY (ON STRAIGHT),Day,144.98072,-37.833909999999996,MELBOURNE,METROPOLITAN NORTH WEST REGION,2,1,0,1,0,1,1,1,1,0,1,0,0,0,0,0,0,0,0,0,No,0,2,0,1,0,0,MELB_URBAN,MELB_URBAN,MELBOURNE,METROPOLITAN NORTH WEST REGION,2013,8,August,MELBOURNE
145.18841992667618,-38.33878483911468,3402943,7/8/2013,17.15.00,No,Collision with vehicle,Wednesday,VEHICLE OFF FOOTPATH STRIKES VEH ON CARRIAGEWAY,Dark Street lights unknown,145.18842,-38.33878,MORNINGTON PENINSULA,METROPOLITAN SOUTH EAST REGION,2,1,0,0,1,1,1,1,1,0,1,0,0,0,0,0,1,0,0,0,No,0,2,0,1,0,0,MELB_URBAN,MELB_URBAN,MORNINGTON PENINSULA,METROPOLITAN SOUTH EAST REGION,2013,8,August,CRIB POINT
144.97681275535302,-37.84943784189442,3402946,7/8/2013,18.08.00,Yes,Collision with vehicle,Wednesday,REAR END(VEHICLES IN SAME LANE),Dark Street lights on,144.97681,-37.84944,PORT PHILLIP,METROPOLITAN NORTH WEST REGION,8,3,0,0,3,5,5,3,2,1,5,0,0,0,0,0,0,0,1,0,No,0,7,0,5,0,0,MELB_URBAN,MELB_URBAN,PORT PHILLIP,METROPOLITAN NORTH WEST REGION,2013,8,August,ALBERT PARK
144.9667947542907,-37.777836692799724,3402949,7/8/2013,17.45.00,No,Collision with vehicle,Wednesday,OTHER OPPOSING MANOEUVRES NOT INCLUDED IN DCAs 120-125.,Dark Street lights on,144.96679,-37.777840000000005,MORELAND,METROPOLITAN NORTH WEST REGION,2,2,0,0,2,0,1,0,1,0,1,0,0,0,0,0,0,0,0,0,No,0,2,0,1,0,0,MELB_URBAN,MELB_URBAN,MORELAND,METROPOLITAN NORTH WEST REGION,2013,8,August,BRUNSWICK
145.13670490047238,-38.11824077272101,3402973,8/8/2013,20.00.00,Yes,Vehicle overturned (no collision),Thursday,OUT OF CONTROL ON CARRIAGEWAY (ON STRAIGHT),Dark Street lights on,145.1367,-38.11824,FRANKSTON,METROPOLITAN SOUTH EAST REGION,1,1,0,0,1,0,1,0,1,0,0,0,0,0,0,0,0,0,0,0,Yes,0,1,0,0,0,0,MELB_URBAN,MELB_URBAN,FRANKSTON,METROPOLITAN SOUTH EAST REGION,2013,8,August,SEAFORD
145.01844394261195,-37.742076965760475,3402980,7/8/2013,19.00.00,Yes,Collision with vehicle,Wednesday,CROSS TRAFFIC(INTERSECTIONS ONLY),Dark Street lights on,145.01844,-37.74208,DAREBIN,METROPOLITAN NORTH WEST REGION,2,1,0,0,1,1,1,1,1,0,1,0,0,0,0,0,0,0,0,0,No,0,2,0,1,0,0,MELB_URBAN,MELB_URBAN,DAREBIN,METROPOLITAN NORTH WEST REGION,2013,8,August,PRESTON
144.92781432820638,-37.76379905615857,3402981,10/8/2013,14.30.00,Yes,Collision with vehicle,Saturday,CROSS TRAFFIC(INTERSECTIONS ONLY),Day,144.92781000000002,-37.7638,MOONEE VALLEY,METROPOLITAN NORTH WEST REGION,2,2,0,0,2,0,1,0,1,0,0,0,0,0,1,0,0,0,0,0,No,0,2,0,0,0,0,MELB_URBAN,MELB_URBAN,MOONEE VALLEY,METROPOLITAN NORTH WEST REGION,2013,8,August,MOONEE PONDS
144.9658189277676,-37.79851457288262,3402992,13/8/2013,09.00.00,No,Collision with vehicle,Tuesday,CROSS TRAFFIC(INTERSECTIONS ONLY),Day,144.96582,-37.79851,MELBOURNE,METROPOLITAN NORTH WEST REGION,2,1,0,1,0,1,2,0,1,0,1,0,0,0,0,0,0,0,0,0,No,0,2,0,1,0,0,MELB_URBAN,MELB_URBAN,MELBOURNE,METROPOLITAN NORTH WEST REGION,2013,8,August,CARLTON
145.01956753495782,-37.959136715594546,3402993,13/8/2013,10.13.00,No,Collision with vehicle,Tuesday,LEFT NEAR (INTERSECTIONS ONLY),Day,145.01957,-37.959140000000005,BAYSIDE,METROPOLITAN SOUTH EAST REGION,2,1,0,0,1,1,1,1,1,0,1,0,0,0,0,0,0,0,0,0,No,0,2,0,1,0,0,MELB_URBAN,MELB_URBAN,BAYSIDE,METROPOLITAN SOUTH EAST REGION,2013,8,August,SANDRINGHAM
145.12254627967334,-38.14025508628197,3403011,11/8/2013,08.20.00,No,Collision with vehicle,,LANE SIDE SWIPE (VEHICLES IN PARALLEL LANES),Day,145.12255,-38.14026,FRANKSTON,METROPOLITAN SOUTH EAST REGION,2,1,0,0,1,1,2,0,1,0,1,0,0,0,0,0,0,0,0,0,No,0,2,0,0,0,1,MELB_URBAN,MELB_URBAN,FRANKSTON,METROPOLITAN SOUTH EAST REGION,2013,8,August,FRANKSTON
144.93216112773996,-37.82193663505984,3403027,12/8/2013,08.30.00,Yes,Collision with vehicle,Sunday,LANE SIDE SWIPE (VEHICLES IN PARALLEL LANES),Day,144.93216,-37.821940000000005,MELBOURNE,METROPOLITAN NORTH WEST REGION,2,1,0,1,0,1,2,0,1,0,1,0,0,0,0,0,0,0,0,0,No,0,3,0,2,0,0,MELB_URBAN,MELB_URBAN,MELBOURNE,METROPOLITAN NORTH WEST REGION,2013,8,August,PORT MELBOURNE
143.79588954966306,-37.56030247303487,3403042,12/8/2013,17.50.00,No,Collision with vehicle,Monday,VEHICLE STRIKES ANOTHER VEH WHILE EMERGING FROM DRIVEWAY,Dusk/Dawn,143.79588999999999,-37.5603,BALLARAT,WESTERN REGION,2,1,0,0,1,1,1,1,1,0,1,0,0,0,0,1,0,0,0,0,No,0,2,0,1,0,0,LARGE_PROVINCIAL_CITIES,LARGE_PROVINCIAL_CITIES,BALLARAT,WESTERN REGION,2013,8,August,ALFREDTON
145.00313827261428,-37.89729388612109,3403070,10/8/2013,08.26.00,No,Collision with vehicle,Saturday,CROSS TRAFFIC(INTERSECTIONS ONLY),Day,145.00314,-37.897290000000005,BAYSIDE,METROPOLITAN SOUTH EAST REGION,2,1,0,0,1,1,1,1,1,0,1,0,0,0,0,0,0,0,0,1,No,0,2,0,1,0,0,MELB_URBAN,MELB_URBAN,BAYSIDE,METROPOLITAN SOUTH EAST REGION,2013,8,August,BRIGHTON
144.94356400092678,-37.76940258787311,3403075,10/8/2013,13.00.00,No,Collision with vehicle,Friday,LANE SIDE SWIPE (VEHICLES IN PARALLEL LANES),Day,144.94356000000002,-37.7694,MORELAND,METROPOLITAN NORTH WEST REGION,2,1,0,0,1,1,0,1,1,0,0,0,0,0,1,0,0,0,0,0,No,0,2,0,0,0,0,MELB_URBAN,MELB_URBAN,MORELAND,METROPOLITAN NORTH WEST REGION,2013,8,August,BRUNSWICK WEST
143.8413009344955,-37.534350379064215,3403078,10/8/2013,12.30.00,No,Collision with vehicle,Saturday,CROSS TRAFFIC(INTERSECTIONS ONLY),Day,143.8413,-37.53435,BALLARAT,WESTERN REGION,2,1,0,1,0,1,1,1,1,0,1,0,0,0,0,0,0,0,0,0,No,0,2,0,1,0,0,LARGE_PROVINCIAL_CITIES,LARGE_PROVINCIAL_CITIES,BALLARAT,WESTERN REGION,2013,8,August,WENDOUREE
144.99427203194244,-37.70552870371264,3403082,8/8/2013,14.30.00,No,Collision with vehicle,Thursday,LEFT REAR,Day,144.99427,-37.705529999999996,DAREBIN,METROPOLITAN NORTH WEST REGION,2,1,0,1,0,1,1,0,1,0,0,0,0,0,1,0,0,0,0,0,No,0,2,0,0,0,0,MELB_URBAN,MELB_URBAN,DAREBIN,METROPOLITAN NORTH WEST REGION,2013,8,August,RESERVOIR
143.83910800456738,-37.57261674028896,3403095,16/8/2013,06.50.00,No,Collision with vehicle,Friday,CROSS TRAFFIC(INTERSECTIONS ONLY),Dusk/Dawn,143.83911,-37.57262,BALLARAT,WESTERN REGION,2,1,0,0,1,1,1,1,1,0,1,0,0,0,0,0,0,0,0,1,No,0,2,0,1,0,0,LARGE_PROVINCIAL_CITIES,LARGE_PROVINCIAL_CITIES,BALLARAT,WESTERN REGION,2013,8,August,REDAN
145.0097372774169,-37.94547946348523,3403096,13/8/2013,15.00.00,No,Other accident,Tuesday,UNKNOWN-NO DETAILS ON MANOEUVRES OF ROAD-USERS IN ACCIDENT,Day,145.00974,-37.945479999999996,BAYSIDE,METROPOLITAN SOUTH EAST REGION,1,1,0,1,0,0,0,1,1,0,0,0,0,0,0,0,0,0,0,0,No,0,1,0,0,0,0,MELB_URBAN,MELB_URBAN,BAYSIDE,METROPOLITAN SOUTH EAST REGION,2013,8,August,HAMPTON
146.31487462761092,-36.36519422380668,3403098,13/8/2013,16.20.00,No,Collision with vehicle,Tuesday,CROSS TRAFFIC(INTERSECTIONS ONLY),Day,146.31486999999998,-36.365190000000005,WANGARATTA,NORTH EASTERN REGION,2,1,0,0,1,1,0,2,1,0,1,0,0,0,0,0,0,0,0,0,No,0,2,0,1,0,0,SMALL_CITIES,SMALL_CITIES,WANGARATTA,NORTH EASTERN REGION,2013,8,August,WANGARATTA
144.45360154361066,-38.17373594378757,3403099,13/8/2013,16.45.00,No,Collision with vehicle,Tuesday,OTHER ADJACENT (INTERSECTIONS ONLY),Day,144.4536,-38.17374,GEELONG,SOUTH WESTERN REGION,2,1,0,1,0,1,1,0,1,0,0,0,0,0,1,0,0,0,0,0,No,0,2,0,0,0,0,RURAL_VICTORIA,RURAL_VICTORIA,GEELONG,SOUTH WESTERN REGION,2013,8,August,LEOPOLD
144.9147208485287,-37.77377513750335,3403151,8/8/2013,19.30.00,Yes,Collision with vehicle,Thursday,U TURN,Dark Street lights on,144.91472,-37.77378,MOONEE VALLEY,METROPOLITAN NORTH WEST REGION,2,1,0,1,0,1,1,1,1,0,1,0,0,0,0,0,0,0,0,0,No,0,2,0,1,0,0,MELB_URBAN,MELB_URBAN,MOONEE VALLEY,METROPOLITAN NORTH WEST REGION,2013,8,August,ASCOT VALE
145.0867563768631,-37.901018067932355,3403152,15/8/2013,10.20.00,No,Collision with vehicle,Thursday,VEHICLE OFF FOOTPATH STRIKES VEH ON CARRIAGEWAY,Day,145.08676,-37.90102,MONASH,METROPOLITAN SOUTH EAST REGION,2,1,0,0,1,1,0,2,1,0,1,0,0,0,0,0,0,0,0,0,No,0,2,0,1,0,0,MELB_URBAN,MELB_URBAN,MONASH,METROPOLITAN SOUTH EAST REGION,2013,8,August,OAKLEIGH
145.03815912471623,-37.88628242114313,3403153,15/8/2013,11.00.00,No,Collision with vehicle,Thursday,RIGHT TURN SIDESWIPE,Day,145.03816,-37.88628,GLEN EIRA,METROPOLITAN SOUTH EAST REGION,3,1,0,0,1,2,2,1,1,1,1,0,0,0,0,0,0,0,0,1,No,0,2,0,1,0,0,MELB_URBAN,MELB_URBAN,GLEN EIRA,METROPOLITAN SOUTH EAST REGION,2013,8,August,CAULFIELD EAST
144.9628972187914,-37.806656940146034,3403157,15/8/2013,12.30.00,No,Collision with vehicle,Thursday,LEFT REAR,Day,144.9629,-37.80666,MELBOURNE,METROPOLITAN NORTH WEST REGION,2,1,0,1,0,1,2,0,1,0,1,0,0,0,0,0,0,0,0,0,No,0,2,0,1,0,0,MELB_URBAN,MELB_URBAN,MELBOURNE,METROPOLITAN NORTH WEST REGION,2013,8,August,MELBOURNE
145.0147957175326,-37.63635088505677,3403165,15/8/2013,07.15.00,No,Collision with vehicle,Wednesday,LEFT NEAR (INTERSECTIONS ONLY),Day,145.0148,-37.63635,WHITTLESEA,METROPOLITAN NORTH WEST REGION,2,2,0,0,2,0,1,1,1,0,1,0,0,0,0,0,0,0,0,0,No,0,2,0,1,0,0,MELB_URBAN,MELB_URBAN,WHITTLESEA,METROPOLITAN NORTH WEST REGION,2013,8,August,EPPING
145.22183157880787,-37.69636734797648,3403188,19/8/2013,10.30.00,No,Collision with vehicle,Sunday,LANE SIDE SWIPE (VEHICLES IN PARALLEL LANES),Day,145.22183,-37.69637,NILLUMBIK,METROPOLITAN NORTH WEST REGION,2,1,0,1,0,1,1,1,1,0,1,0,0,0,0,0,0,0,0,1,No,0,2,0,0,0,0,RURAL_VICTORIA,RURAL_VICTORIA,NILLUMBIK,METROPOLITAN NORTH WEST REGION,2013,8,August,KANGAROO GROUND
146.156529471145,-38.40089440652702,3403197,17/8/2013,01.25.00,Yes,Vehicle overturned (no collision),Saturday,OUT OF CONTROL ON CARRIAGEWAY (ON STRAIGHT),Dark Street lights on,146.15653,-38.400890000000004,SOUTH GIPPSLAND,EASTERN REGION,3,1,0,0,1,2,1,0,1,1,1,0,0,0,0,0,0,0,0,0,No,0,2,0,1,0,0,TOWNS,TOWNS,SOUTH GIPPSLAND,"EASTERN REGION,EASTERN REGION",2013,8,August,MIRBOO NORTH
144.8830695720839,-37.85726099022022,3403248,19/8/2013,08.00.00,No,Collision with vehicle,Monday,RIGHT NEAR (INTERSECTIONS ONLY),Day,144.88307,-37.85726,HOBSONS BAY,METROPOLITAN NORTH WEST REGION,2,1,0,0,1,1,2,0,1,0,1,0,0,0,0,0,0,0,0,1,No,0,2,0,1,0,0,MELB_URBAN,MELB_URBAN,HOBSONS BAY,METROPOLITAN NORTH WEST REGION,2013,8,August,WILLIAMSTOWN NORTH
145.01807311940613,-37.980189062631055,3403252,16/8/2013,09.10.00,No,Collision with vehicle,Friday,VEHICLE COLLIDES WITH VEHICLE PARKED ON LEFT OF ROAD,Day,145.01807,-37.98019,BAYSIDE,METROPOLITAN SOUTH EAST REGION,2,1,0,0,1,1,2,0,1,0,1,0,0,0,0,0,0,0,0,0,No,0,2,0,1,0,0,MELB_URBAN,MELB_URBAN,BAYSIDE,METROPOLITAN SOUTH EAST REGION,2013,8,August,BLACK ROCK
145.01448400870393,-37.82022019977695,3403254,16/8/2013,07.00.00,No,Collision with vehicle,Friday,RIGHT THROUGH,Day,145.01448,-37.82022,YARRA,METROPOLITAN NORTH WEST REGION,2,1,0,0,1,1,2,0,1,0,1,0,0,0,0,0,0,0,0,0,No,0,2,0,1,0,0,MELB_URBAN,MELB_URBAN,YARRA,METROPOLITAN NORTH WEST REGION,2013,8,August,RICHMOND
146.89989985281548,-36.13144017041781,3403267,13/8/2013,15.30.00,No,Collision with vehicle,Tuesday,VEHICLE STRIKES ANOTHER VEH WHILE EMERGING FROM DRIVEWAY,Day,146.8999,-36.131440000000005,WODONGA,NORTH EASTERN REGION,2,1,0,0,1,1,2,0,1,0,1,0,0,0,0,0,1,0,0,1,No,0,2,0,1,0,0,SMALL_CITIES,SMALL_CITIES,WODONGA,NORTH EASTERN REGION,2013,8,August,WODONGA
144.74563142951789,-37.87159361979949,3403281,21/9/2013,13.00.00,No,Collision with vehicle,Saturday,LANE SIDE SWIPE (VEHICLES IN PARALLEL LANES),Day,144.74563,-37.871590000000005,WYNDHAM,METROPOLITAN NORTH WEST REGION,3,1,0,0,1,2,2,1,1,1,1,0,0,0,0,0,1,0,0,0,No,0,2,0,1,0,0,MELB_URBAN,MELB_URBAN,WYNDHAM,METROPOLITAN NORTH WEST REGION,2013,9,September,POINT COOK
144.98852945173735,-37.86813267456431,3403283,21/9/2013,15.16.00,Yes,Collision with vehicle,Saturday,HEAD ON (NOT OVERTAKING),Day,144.98853,-37.86813,PORT PHILLIP,METROPOLITAN NORTH WEST REGION,2,1,0,1,0,1,2,0,1,0,1,0,0,0,0,0,0,0,0,0,No,0,2,0,0,0,1,MELB_URBAN,MELB_URBAN,PORT PHILLIP,METROPOLITAN NORTH WEST REGION,2013,9,September,ST KILDA
146.1623525274953,-38.21515705359789,3403295,27/9/2013,16.40.00,Yes,Collision with vehicle,Friday,RIGHT FAR (INTERSECTIONS ONLY),Day,146.16235,-38.21516,BAW BAW,EASTERN REGION,2,1,0,0,1,1,2,0,1,0,1,0,0,0,0,0,0,0,1,0,No,0,2,0,1,0,0,TOWNS,TOWNS,BAW BAW,"EASTERN REGION,EASTERN REGION",2013,9,September,TRAFALGAR
145.07624943402777,-37.83362650428539,3403298,23/9/2013,17.20.00,No,Collision with vehicle,Monday,VEHICLE STRIKES ANOTHER VEH WHILE EMERGING FROM DRIVEWAY,Unk.,145.07625,-37.83363,BOROONDARA,METROPOLITAN SOUTH EAST REGION,2,1,0,0,1,1,1,1,1,0,1,0,0,0,0,0,0,0,0,0,No,0,2,0,1,0,0,MELB_URBAN,MELB_URBAN,BOROONDARA,METROPOLITAN SOUTH EAST REGION,2013,9,September,CAMBERWELL
144.9591105643167,-37.817643259426816,3403307,21/8/2013,08.30.00,No,Collision with vehicle,Wednesday,RIGHT TURN SIDESWIPE,Day,144.95911,-37.817640000000004,MELBOURNE,METROPOLITAN NORTH WEST REGION,2,1,0,0,1,1,1,0,1,0,0,0,0,0,1,0,0,0,0,0,No,0,2,0,0,0,0,MELBOURNE_CBD,MELBOURNE_CBD,MELBOURNE,METROPOLITAN NORTH WEST REGION,2013,8,August,MELBOURNE
144.99481007059674,-38.30475998725104,3403309,2/10/2013,17.45.00,No,Collision with vehicle,Wednesday,LEFT NEAR (INTERSECTIONS ONLY),Dusk/Dawn,144.99481,-38.304759999999995,MORNINGTON PENINSULA,METROPOLITAN SOUTH EAST REGION,2,1,0,0,1,1,1,0,1,0,0,0,0,0,1,0,0,0,0,0,No,0,2,0,0,0,0,MELB_URBAN,MELB_URBAN,MORNINGTON PENINSULA,METROPOLITAN SOUTH EAST REGION,2013,10,October,SAFETY BEACH
144.95712132931175,-37.8438349212397,3403311,2/10/2013,18.40.00,Yes,Collision with vehicle,Wednesday,LEFT NEAR (INTERSECTIONS ONLY),Day,144.95712,-37.84383,PORT PHILLIP,METROPOLITAN NORTH WEST REGION,2,1,0,0,1,1,1,1,1,0,1,0,0,0,0,0,0,0,0,0,No,0,2,0,1,0,0,MELB_URBAN,MELB_URBAN,PORT PHILLIP,METROPOLITAN NORTH WEST REGION,2013,10,October,ALBERT PARK
142.3499909174374,-38.29009503127628,3403330,20/9/2013,19.23.00,Yes,Collision with vehicle,Friday,REAR END(VEHICLES IN SAME LANE),Dark No street lights,142.34999,-38.2901,MOYNE,SOUTH WESTERN REGION,2,2,0,2,0,0,1,1,1,0,1,0,0,0,0,0,0,0,0,1,No,0,2,0,1,0,0,RURAL_VICTORIA,RURAL_VICTORIA,MOYNE,SOUTH WESTERN REGION,2013,9,September,KOROIT
145.13486296092898,-38.15715948820554,3403346,20/9/2013,05.45.00,Yes,Collision with vehicle,Friday,REAR END(VEHICLES IN SAME LANE),Unk.,145.13486,-38.15716,FRANKSTON,METROPOLITAN SOUTH EAST REGION,2,1,0,0,1,1,2,0,1,0,1,0,0,0,0,0,0,0,0,0,No,0,2,0,0,0,1,MELB_URBAN,MELB_URBAN,FRANKSTON,METROPOLITAN SOUTH EAST REGION,2013,9,September,FRANKSTON
144.8587359283562,-37.78591751475575,3403363,3/10/2013,09.10.00,No,Collision with vehicle,Thursday,CROSS TRAFFIC(INTERSECTIONS ONLY),Day,144.85873999999998,-37.785920000000004,MARIBYRNONG,METROPOLITAN NORTH WEST REGION,3,1,0,1,0,2,2,1,1,1,1,0,0,0,0,0,0,0,0,1,No,0,2,0,1,0,0,MELB_URBAN,MELB_URBAN,MARIBYRNONG,METROPOLITAN NORTH WEST REGION,2013,10,October,BRAYBROOK
145.065853446975,-37.861794405270906,3403383,20/9/2013,18.45.00,Yes,Collision with vehicle,Friday,RIGHT THROUGH,Dark Street lights on,145.06585,-37.86179,BOROONDARA,METROPOLITAN SOUTH EAST REGION,2,1,0,0,1,1,2,0,1,0,1,0,0,0,0,0,1,0,0,0,No,0,2,0,1,0,0,MELB_URBAN,MELB_URBAN,BOROONDARA,METROPOLITAN SOUTH EAST REGION,2013,9,September,GLEN IRIS
144.99848999546396,-37.85255000136596,3403417,3/10/2013,11.40.00,No,Collision with vehicle,Thursday,RIGHT THROUGH,Day,144.99849,-37.85255,STONNINGTON,METROPOLITAN SOUTH EAST REGION,2,1,0,1,0,1,2,0,1,0,1,0,0,0,0,0,0,0,0,0,No,0,2,0,0,0,0,MELB_URBAN,MELB_URBAN,STONNINGTON,METROPOLITAN SOUTH EAST REGION,2013,10,October,PRAHRAN
144.98080795501843,-37.88516835955978,3403442,22/9/2013,17.20.00,Yes,Collision with vehicle,Sunday,LANE CHANGE LEFT (NOT OVERTAKING),Day,144.98081000000002,-37.88517,PORT PHILLIP,METROPOLITAN NORTH WEST REGION,2,1,0,0,1,1,2,0,1,0,1,0,0,0,0,0,0,0,0,0,No,0,2,0,1,0,0,MELB_URBAN,MELB_URBAN,PORT PHILLIP,METROPOLITAN NORTH WEST REGION,2013,9,September,ELWOOD