X,Y,OBJECTID,ACCIDENT_DATE,ACCIDENT_TIME,ALCOHOLTIME,ACCIDENT_TYPE,DAY_OF_WEEK,DCA_CODE,LIGHT_CONDITION,LONGITUDE,LATITUDE,LGA_NAME,REGION_NAME,TOTAL_PERSONS,INJ_OR_FATAL,FATALITY,SERIOUSINJURY,OTHERINJURY,NONINJURED,MALES,FEMALES,BICYCLIST,PASSENGER,DRIVER,PEDESTRIAN,PILLION,MOTORIST,UNKNOWN,PED_CYCLIST_5_12,PED_CYCLIST_13_18,OLD_PEDESTRIAN,OLD_DRIVER,YOUNG_DRIVER,ALCOHOL_RELATED,UNLICENCSED,NO_OF_VEHICLES,HEAVYVEHICLE,PASSENGERVEHICLE,MOTORCYCLE,PUBLICVEHICLE,DEG_URBAN_NAME,DEG_URBAN_ALL,LGA_NAME_ALL,REGION_NAME_ALL,Year,Month,Month_name,Suburb
145.02580999416162,-37.652089996993816,3413091,12/4/2014,08.20.00,No,Collision with vehicle,Saturday,VEHICLE STRIKES ANOTHER VEH WHILE EMERGING FROM DRIVEWAY,Day,145.02581,-37.65209,WHITTLESEA,METROPOLITAN NORTH WEST REGION,2,1,0,0,1,1,2,0,1,0,1,0,0,0,0,0,0,0,0,0,No,0,2,0,1,0,0,MELB_URBAN,MELB_URBAN,WHITTLESEA,METROPOLITAN NORTH WEST REGION,2014,4,April,EPPING
145.3386890272511,-37.86084929898097,3413092,12/4/2014,09.00.00,No,Vehicle overturned (no collision),Saturday,OUT OF CONTROL ON CARRIAGEWAY (ON BEND),Day,145.33868999999999,-37.86085,YARRA RANGES,METROPOLITAN SOUTH EAST REGION,1,1,0,1,0,0,1,0,1,0,0,0,0,0,0,0,0,0,0,0,No,0,1,0,0,0,0,MELB_URBAN,MELB_URBAN,YARRA RANGES,METROPOLITAN SOUTH EAST REGION,2014,4,April,FERNY CREEK
144.972307605571,-37.7681361479334,3413099,19/3/2014,17.00.00,No,Collision with vehicle,Wednesday,VEHICLE STRIKES DOOR OF PARKED/STATIONARY VEHICLE,Dusk/Dawn,144.97231000000002,-37.76814,MORELAND,METROPOLITAN NORTH WEST REGION,3,1,0,0,1,2,2,0,1,1,1,0,0,0,0,0,0,0,0,0,No,0,2,0,1,0,0,MELB_URBAN,MELB_URBAN,MORELAND,METROPOLITAN NORTH WEST REGION,2014,3,March,BRUNSWICK EAST
144.97484899578038,-37.83503054072379,3413100,28/3/2014,20.35.00,Yes,Collision with vehicle,Friday,VEHICLE STRIKES DOOR OF PARKED/STATIONARY VEHICLE,Dusk/Dawn,144.97485,-37.835029999999996,MELBOURNE,METROPOLITAN NORTH WEST REGION,3,1,0,0,1,2,2,1,1,1,1,0,0,0,0,0,0,0,0,0,No,0,2,0,1,0,0,MELB_URBAN,MELB_URBAN,"PORT PHILLIP,MELBOURNE",METROPOLITAN NORTH WEST REGION,2014,3,March,MELBOURNE
144.99282958338853,-37.854703917736366,3413117,27/3/2014,15.00.00,No,Collision with vehicle,Thursday,VEHICLE STRIKES DOOR OF PARKED/STATIONARY VEHICLE,Day,144.99283,-37.8547,STONNINGTON,METROPOLITAN SOUTH EAST REGION,2,1,0,0,1,1,0,2,1,0,1,0,0,0,0,0,0,0,0,0,No,0,2,0,1,0,0,MELB_URBAN,MELB_URBAN,STONNINGTON,METROPOLITAN SOUTH EAST REGION,2014,3,March,WINDSOR
144.98367887132278,-37.83429592491542,3413119,31/3/2014,16.30.00,No,Collision with vehicle,Monday,RIGHT TURN SIDESWIPE,Day,144.98368,-37.8343,MELBOURNE,METROPOLITAN NORTH WEST REGION,2,1,0,0,1,1,0,2,1,0,1,0,0,0,0,0,0,0,0,0,No,0,2,0,1,0,0,MELB_URBAN,MELB_URBAN,MELBOURNE,METROPOLITAN NORTH WEST REGION,2014,3,March,SOUTH YARRA
145.04387315528854,-37.911793457165544,3413146,8/6/2014,10.00.00,Yes,No collision and no object struck,Sunday,OUT OF CONTROL ON CARRIAGEWAY (ON STRAIGHT),Day,145.04387,-37.91179,GLEN EIRA,METROPOLITAN SOUTH EAST REGION,4,1,0,0,1,3,3,1,2,1,1,0,0,0,0,0,0,0,0,0,No,0,3,0,1,0,0,MELB_URBAN,MELB_URBAN,GLEN EIRA,METROPOLITAN SOUTH EAST REGION,2014,6,June,MCKINNON
145.1142755417018,-38.022596085920576,3413151,13/6/2014,09.00.00,No,Collision with vehicle,Friday,LEFT NEAR (INTERSECTIONS ONLY),Day,145.11428,-38.0226,KINGSTON,METROPOLITAN SOUTH EAST REGION,2,1,0,1,0,1,0,2,1,0,1,0,0,0,0,0,0,0,0,1,No,0,2,0,1,0,0,MELB_URBAN,MELB_URBAN,KINGSTON,METROPOLITAN SOUTH EAST REGION,2014,6,June,ASPENDALE GARDENS
144.975907018155,-37.8372306835196,3413153,13/6/2014,08.50.00,No,No collision and no object struck,Friday,OUT OF CONTROL ON CARRIAGEWAY (ON STRAIGHT),Dusk/Dawn,144.97591,-37.83723,MELBOURNE,METROPOLITAN NORTH WEST REGION,2,1,0,0,1,1,0,2,1,0,1,0,0,0,0,0,0,0,0,0,No,0,2,0,1,0,0,MELB_URBAN,MELB_URBAN,"PORT PHILLIP,MELBOURNE",METROPOLITAN NORTH WEST REGION,2014,6,June,MELBOURNE
144.96884642980308,-37.807294391820996,3413173,29/5/2014,09.28.00,No,Collision with vehicle,Thursday,REAR END(VEHICLES IN SAME LANE),Day,144.96885,-37.80729,MELBOURNE,METROPOLITAN NORTH WEST REGION,2,1,0,0,1,1,2,0,1,0,1,0,0,0,0,0,0,0,0,0,No,0,2,0,1,0,0,MELB_URBAN,MELB_URBAN,MELBOURNE,METROPOLITAN NORTH WEST REGION,2014,5,May,CARLTON
144.66651575940088,-37.863802630183116,3413181,3/6/2014,14.55.00,No,Collision with vehicle,Tuesday,VEHICLE OFF FOOTPATH STRIKES VEH ON CARRIAGEWAY,Day,144.66652,-37.8638,WYNDHAM,METROPOLITAN NORTH WEST REGION,2,1,0,0,1,1,1,1,1,0,1,0,0,0,0,0,1,0,0,0,No,0,2,0,1,0,0,MELB_URBAN,MELB_URBAN,WYNDHAM,METROPOLITAN NORTH WEST REGION,2014,6,June,HOPPERS CROSSING
144.94401323489524,-37.84473327372685,3413188,6/6/2014,18.10.00,Yes,Collision with vehicle,Friday,LEFT TURN SIDESWIPE,Dark Street lights on,144.94401000000002,-37.84473,PORT PHILLIP,METROPOLITAN NORTH WEST REGION,2,1,0,0,1,1,2,0,1,0,1,0,0,0,0,0,0,0,0,0,No,0,2,0,1,0,0,MELB_URBAN,MELB_URBAN,PORT PHILLIP,METROPOLITAN NORTH WEST REGION,2014,6,June,PORT MELBOURNE
144.98798508280046,-37.91888678251053,3413190,25/5/2014,10.00.00,Yes,Collision with vehicle,Sunday,RIGHT THROUGH,Day,144.98799,-37.918890000000005,BAYSIDE,METROPOLITAN SOUTH EAST REGION,2,1,0,0,1,1,1,1,1,0,1,0,0,0,0,0,0,0,0,1,No,0,2,0,1,0,0,MELB_URBAN,MELB_URBAN,BAYSIDE,METROPOLITAN SOUTH EAST REGION,2014,5,May,BRIGHTON
145.00476582181147,-37.925467338278885,3413208,13/6/2014,17.45.00,Yes,No collision and no object struck,Friday,OUT OF CONTROL ON CARRIAGEWAY (ON STRAIGHT),Dusk/Dawn,145.00477,-37.925470000000004,BAYSIDE,METROPOLITAN SOUTH EAST REGION,2,1,0,1,0,1,1,1,1,0,1,0,0,0,0,0,0,0,0,0,No,0,2,0,1,0,0,MELB_URBAN,MELB_URBAN,BAYSIDE,METROPOLITAN SOUTH EAST REGION,2014,6,June,BRIGHTON
144.95778957302107,-37.80256012595685,3413219,29/5/2014,08.40.00,No,Collision with vehicle,Thursday,VEHICLE STRIKES DOOR OF PARKED/STATIONARY VEHICLE,Day,144.95779,-37.80256,MELBOURNE,METROPOLITAN NORTH WEST REGION,2,1,0,0,1,1,1,1,1,0,1,0,0,0,0,0,0,0,0,0,No,0,2,0,1,0,0,MELB_URBAN,MELB_URBAN,MELBOURNE,METROPOLITAN NORTH WEST REGION,2014,5,May,MELBOURNE
145.02079158852874,-37.76309513415111,3413223,21/5/2014,08.00.00,No,Collision with vehicle,Wednesday,RIGHT THROUGH,Day,145.02078999999998,-37.7631,DAREBIN,METROPOLITAN NORTH WEST REGION,2,1,0,0,1,1,2,0,1,0,1,0,0,0,0,0,0,0,0,1,No,0,2,0,1,0,0,MELB_URBAN,MELB_URBAN,DAREBIN,METROPOLITAN NORTH WEST REGION,2014,5,May,THORNBURY
145.14339002936674,-37.865121667378524,3413260,13/6/2014,13.40.00,No,Collision with vehicle,Friday,CROSS TRAFFIC(INTERSECTIONS ONLY),Day,145.14338999999998,-37.865120000000005,MONASH,METROPOLITAN SOUTH EAST REGION,2,1,0,1,0,1,2,0,1,0,1,0,0,0,0,0,0,0,1,0,No,0,2,0,1,0,0,MELB_URBAN,MELB_URBAN,MONASH,METROPOLITAN SOUTH EAST REGION,2014,6,June,MOUNT WAVERLEY
145.07580044673236,-37.826387292389946,3413263,14/6/2014,07.30.00,Yes,Struck Pedestrian,Saturday,PED NEAR SIDE. PED HIT BY VEHICLE FROM THE RIGHT.,Dusk/Dawn,145.0758,-37.82639,BOROONDARA,METROPOLITAN SOUTH EAST REGION,2,1,0,1,0,1,2,0,1,0,0,1,0,0,0,0,0,0,0,0,No,0,1,0,0,0,0,MELB_URBAN,MELB_URBAN,BOROONDARA,METROPOLITAN SOUTH EAST REGION,2014,6,June,CANTERBURY
145.01889783216924,-37.77438215129256,3413271,29/5/2014,08.00.00,No,Collision with vehicle,Thursday,CROSS TRAFFIC(INTERSECTIONS ONLY),Day,145.0189,-37.77438,DAREBIN,METROPOLITAN NORTH WEST REGION,2,1,0,0,1,1,2,0,1,0,1,0,0,0,0,0,0,0,0,1,No,0,2,0,1,0,0,MELB_URBAN,MELB_URBAN,DAREBIN,METROPOLITAN NORTH WEST REGION,2014,5,May,FAIRFIELD
145.07590040172718,-37.85568526689156,3413284,27/5/2014,07.30.00,No,No collision and no object struck,Tuesday,OUT OF CONTROL ON CARRIAGEWAY (ON STRAIGHT),Dusk/Dawn,145.0759,-37.85569,BOROONDARA,METROPOLITAN SOUTH EAST REGION,1,1,0,1,0,0,1,0,1,0,0,0,0,0,0,0,0,0,0,0,No,0,1,0,0,0,0,MELB_URBAN,MELB_URBAN,BOROONDARA,METROPOLITAN SOUTH EAST REGION,2014,5,May,GLEN IRIS
144.73652829789205,-37.74099595260847,3413289,4/6/2014,14.00.00,No,Collision with vehicle,Wednesday,VEHICLE OFF FOOTPATH STRIKES VEH ON CARRIAGEWAY,Day,144.73653000000002,-37.741,MELTON,METROPOLITAN NORTH WEST REGION,2,1,0,0,1,1,2,0,1,0,1,0,0,0,0,1,0,0,0,1,No,0,2,0,1,0,0,MELB_URBAN,MELB_URBAN,MELTON,METROPOLITAN NORTH WEST REGION,2014,6,June,CAROLINE SPRINGS
145.03227911488563,-37.839639905306655,3413295,4/6/2014,20.30.00,Yes,Vehicle overturned (no collision),Wednesday,OUT OF CONTROL ON CARRIAGEWAY (ON STRAIGHT),Dark Street lights on,145.03228000000001,-37.83964,STONNINGTON,METROPOLITAN SOUTH EAST REGION,2,1,0,1,0,1,1,0,1,0,0,0,0,0,1,0,0,0,0,0,No,0,2,0,0,0,0,MELB_URBAN,MELB_URBAN,STONNINGTON,METROPOLITAN SOUTH EAST REGION,2014,6,June,KOOYONG
145.0520950692464,-37.855309412978244,3413310,14/6/2014,11.30.00,No,Collision with vehicle,Saturday,RIGHT THROUGH,Day,145.0521,-37.855309999999996,STONNINGTON,METROPOLITAN SOUTH EAST REGION,2,2,0,0,2,0,1,1,1,0,1,0,0,0,0,0,0,0,0,0,No,0,2,0,1,0,0,MELB_URBAN,MELB_URBAN,STONNINGTON,METROPOLITAN SOUTH EAST REGION,2014,6,June,GLEN IRIS
144.88924934445814,-37.73610104768417,3413313,13/6/2014,16.30.00,Yes,Collision with vehicle,Friday,VEHICLE STRIKES ANOTHER VEH WHILE EMERGING FROM DRIVEWAY,Dusk/Dawn,144.88925,-37.7361,MOONEE VALLEY,METROPOLITAN NORTH WEST REGION,2,1,0,0,1,1,2,0,1,0,1,0,0,0,0,0,0,0,0,0,No,0,2,0,1,0,0,MELB_URBAN,MELB_URBAN,MOONEE VALLEY,METROPOLITAN NORTH WEST REGION,2014,6,June,NIDDRIE
145.03250884898202,-38.22382615219971,3413323,23/5/2014,09.30.00,No,Collision with vehicle,Friday,RIGHT TURN SIDESWIPE,Day,145.03251,-38.22383,MORNINGTON PENINSULA,METROPOLITAN SOUTH EAST REGION,2,1,0,0,1,1,0,2,1,0,1,0,0,0,0,0,0,0,0,0,No,0,2,0,1,0,0,MELB_URBAN,MELB_URBAN,MORNINGTON PENINSULA,METROPOLITAN SOUTH EAST REGION,2014,5,May,MORNINGTON
145.01231708232825,-37.84928289300969,3413326,28/5/2014,17.05.00,No,Collision with vehicle,Wednesday,LANE SIDE SWIPE (VEHICLES IN PARALLEL LANES),Dusk/Dawn,145.01232,-37.84928,STONNINGTON,METROPOLITAN SOUTH EAST REGION,2,1,0,0,1,1,2,0,1,0,1,0,0,0,0,0,0,0,0,0,No,0,2,0,1,0,0,MELB_URBAN,MELB_URBAN,STONNINGTON,METROPOLITAN SOUTH EAST REGION,2014,5,May,TOORAK
144.97958790802332,-37.87563258694721,3413331,3/6/2014,08.15.00,No,Collision with vehicle,Tuesday,RIGHT THROUGH,Dusk/Dawn,144.97959,-37.87563,PORT PHILLIP,METROPOLITAN NORTH WEST REGION,2,1,0,0,1,1,2,0,1,0,1,0,0,0,0,0,0,0,0,0,No,0,2,0,1,0,0,MELB_URBAN,MELB_URBAN,PORT PHILLIP,METROPOLITAN NORTH WEST REGION,2014,6,June,ELWOOD
144.99407641946172,-37.84718964616993,3413337,4/6/2014,16.05.00,No,Collision with vehicle,Wednesday,VEHICLE STRIKES DOOR OF PARKED/STATIONARY VEHICLE,Dusk/Dawn,144.99408,-37.847190000000005,STONNINGTON,METROPOLITAN SOUTH EAST REGION,2,1,0,0,1,1,2,0,1,0,1,0,0,0,0,0,0,0,0,0,No,1,2,0,1,0,0,MELB_URBAN,MELB_URBAN,STONNINGTON,METROPOLITAN SOUTH EAST REGION,2014,6,June,PRAHRAN
144.89622036038256,-37.85327847862694,3413365,29/3/2014,17.30.00,Yes,Collision with vehicle,Saturday,VEHICLE STRIKES DOOR OF PARKED/STATIONARY VEHICLE,Dusk/Dawn,144.89622,-37.85328,HOBSONS BAY,METROPOLITAN NORTH WEST REGION,2,1,0,0,1,1,0,1,1,0,0,0,0,0,1,0,0,0,0,0,No,0,2,0,0,0,0,MELB_URBAN,MELB_URBAN,HOBSONS BAY,METROPOLITAN NORTH WEST REGION,2014,3,March,WILLIAMSTOWN
145.02997838229734,-37.64895676251976,3413373,30/5/2014,12.30.00,No,Collision with vehicle,Friday,CROSS TRAFFIC(INTERSECTIONS ONLY),Day,145.02998,-37.648959999999995,WHITTLESEA,METROPOLITAN NORTH WEST REGION,2,1,0,1,0,1,2,0,1,0,1,0,0,0,0,0,0,0,0,0,No,0,2,0,1,0,0,MELB_URBAN,MELB_URBAN,WHITTLESEA,METROPOLITAN NORTH WEST REGION,2014,5,May,EPPING
145.07868719090274,-37.75000507480193,3413374,30/5/2014,11.55.00,No,No collision and no object struck,Friday,OUT OF CONTROL ON CARRIAGEWAY (ON STRAIGHT),Day,145.07869,-37.750009999999996,BANYULE,METROPOLITAN NORTH WEST REGION,1,1,0,0,1,0,1,0,1,0,0,0,0,0,0,0,0,0,0,0,No,0,1,0,0,0,0,MELB_URBAN,MELB_URBAN,BANYULE,METROPOLITAN NORTH WEST REGION,2014,5,May,HEIDELBERG
144.9531580915562,-37.770559890311524,3413375,30/5/2014,09.30.00,No,Collision with vehicle,Friday,RIGHT THROUGH,Day,144.95316,-37.770559999999996,MORELAND,METROPOLITAN NORTH WEST REGION,2,1,0,0,1,1,1,1,1,0,1,0,0,0,0,0,0,0,0,1,No,0,2,0,1,0,0,MELB_URBAN,MELB_URBAN,MORELAND,METROPOLITAN NORTH WEST REGION,2014,5,May,BRUNSWICK
144.96785992245458,-37.818370030583225,3413391,27/5/2014,18.07.00,Yes,Collision with vehicle,Tuesday,REAR END(VEHICLES IN SAME LANE),Unk.,144.96786,-37.81837,MELBOURNE,METROPOLITAN NORTH WEST REGION,3,1,0,0,1,2,1,1,1,0,1,0,0,0,1,0,0,0,0,0,No,0,3,0,1,0,0,MELB_URBAN,MELB_URBAN,MELBOURNE,METROPOLITAN NORTH WEST REGION,2014,5,May,MELBOURNE
144.94510584998818,-37.83006335375972,3413398,30/5/2014,06.40.00,No,Collision with vehicle,Friday,CROSS TRAFFIC(INTERSECTIONS ONLY),Dark Street lights on,144.94511,-37.830059999999996,PORT PHILLIP,METROPOLITAN NORTH WEST REGION,2,1,0,0,1,1,1,1,1,0,1,0,0,0,0,0,0,0,0,0,No,0,2,0,1,0,0,MELB_URBAN,MELB_URBAN,PORT PHILLIP,METROPOLITAN NORTH WEST REGION,2014,5,May,SOUTH MELBOURNE
144.96030038604357,-37.80422744304453,3413413,7/5/2014,08.33.00,No,Collision with vehicle,Wednesday,RIGHT THROUGH,Day,144.9603,-37.80423,MELBOURNE,METROPOLITAN NORTH WEST REGION,2,1,0,0,1,1,1,1,1,0,1,0,0,0,0,0,0,0,0,0,No,0,2,0,1,0,0,MELB_URBAN,MELB_URBAN,MELBOURNE,METROPOLITAN NORTH WEST REGION,2014,5,May,CARLTON
144.98686951782082,-37.80916279210207,3413418,20/5/2014,14.20.00,No,Collision with vehicle,Tuesday,LEFT REAR,Unk.,144.98686999999998,-37.80916,YARRA,METROPOLITAN NORTH WEST REGION,2,1,0,0,1,1,2,0,1,0,1,0,0,0,0,0,0,0,0,0,No,0,2,0,1,0,0,MELB_URBAN,MELB_URBAN,YARRA,METROPOLITAN NORTH WEST REGION,2014,5,May,COLLINGWOOD
144.92843099119307,-37.607364570379694,3413423,8/5/2014,06.00.00,Yes,Collision with vehicle,Thursday,RIGHT NEAR (INTERSECTIONS ONLY),Dark Street lights on,144.92843,-37.60736,HUME,METROPOLITAN NORTH WEST REGION,2,1,0,0,1,1,2,0,1,0,1,0,0,0,0,0,0,0,0,0,No,0,2,0,1,0,0,MELB_URBAN,MELB_URBAN,HUME,METROPOLITAN NORTH WEST REGION,2014,5,May,CRAIGIEBURN
145.01624024603242,-37.975429969968154,3413427,30/5/2014,14.22.00,No,Collision with vehicle,Friday,RIGHT NEAR (INTERSECTIONS ONLY),Day,145.01623999999998,-37.975429999999996,BAYSIDE,METROPOLITAN SOUTH EAST REGION,3,1,0,1,0,2,2,1,1,1,1,0,0,0,0,0,0,0,1,0,No,0,2,0,1,0,0,MELB_URBAN,MELB_URBAN,BAYSIDE,METROPOLITAN SOUTH EAST REGION,2014,5,May,BLACK ROCK
144.96228836802004,-37.76608143793863,3413428,26/5/2014,06.00.00,Yes,Collision with vehicle,Monday,RIGHT REAR.,Dusk/Dawn,144.96229,-37.76608,MORELAND,METROPOLITAN NORTH WEST REGION,2,1,0,0,1,1,0,2,1,0,1,0,0,0,0,0,0,0,0,0,No,0,2,0,1,0,0,MELB_URBAN,MELB_URBAN,MORELAND,METROPOLITAN NORTH WEST REGION,2014,5,May,BRUNSWICK
145.12864627574405,-37.93517279274562,3413443,15/5/2014,22.00.00,Yes,No collision and no object struck,Thursday,OUT OF CONTROL ON CARRIAGEWAY (ON STRAIGHT),Dark Street lights on,145.12865,-37.93517,KINGSTON,METROPOLITAN SOUTH EAST REGION,1,1,0,0,1,0,1,0,1,0,0,0,0,0,0,0,0,0,0,0,No,0,1,0,0,0,0,MELB_URBAN,MELB_URBAN,KINGSTON,METROPOLITAN SOUTH EAST REGION,2014,5,May,CLAYTON SOUTH
144.892105032744,-37.84598932713204,3413452,10/6/2014,08.45.00,No,Collision with vehicle,Tuesday,VEHICLE STRIKES DOOR OF PARKED/STATIONARY VEHICLE,Dusk/Dawn,144.89211,-37.84599,HOBSONS BAY,METROPOLITAN NORTH WEST REGION,2,1,0,0,1,1,2,0,1,0,1,0,0,0,0,0,0,0,0,0,No,0,2,0,1,0,0,MELB_URBAN,MELB_URBAN,HOBSONS BAY,METROPOLITAN NORTH WEST REGION,2014,6,June,NEWPORT
145.0857433785079,-38.005861047816076,3413460,26/5/2014,06.25.00,No,Collision with vehicle,Monday,RIGHT NEAR (INTERSECTIONS ONLY),Dark Street lights on,145.08574,-38.00586,KINGSTON,METROPOLITAN SOUTH EAST REGION,2,1,0,0,1,1,1,0,1,0,1,0,0,0,0,0,0,0,0,0,No,0,2,0,1,0,0,MELB_URBAN,MELB_URBAN,KINGSTON,METROPOLITAN SOUTH EAST REGION,2014,5,May,MORDIALLOC
144.95494641336867,-37.81217752099506,3413472,29/4/2014,08.25.00,No,Collision with vehicle,Tuesday,VEHICLE STRIKES ANOTHER VEH WHILE EMERGING FROM DRIVEWAY,Day,144.95495,-37.81218,MELBOURNE,METROPOLITAN NORTH WEST REGION,2,1,0,0,1,1,2,0,1,0,1,0,0,0,0,0,0,0,0,0,No,0,2,0,1,0,0,MELBOURNE_CBD,"MELBOURNE_CBD,MELB_URBAN",MELBOURNE,METROPOLITAN NORTH WEST REGION,2014,4,April,MELBOURNE
144.9580369977693,-37.795817135358156,3413478,30/5/2014,15.30.00,No,Collision with vehicle,Friday,VEHICLE OFF FOOTPATH STRIKES VEH ON CARRIAGEWAY,Day,144.95803999999998,-37.79582,MELBOURNE,METROPOLITAN NORTH WEST REGION,2,1,0,1,0,1,1,1,1,0,1,0,0,0,0,0,1,0,0,0,No,0,2,0,1,0,0,MELB_URBAN,MELB_URBAN,MELBOURNE,METROPOLITAN NORTH WEST REGION,2014,5,May,PARKVILLE
144.9938719998933,-37.86567882160151,3413483,30/5/2014,15.50.00,No,Collision with vehicle,Friday,LEFT TURN SIDESWIPE,Day,144.99387,-37.86568,PORT PHILLIP,METROPOLITAN NORTH WEST REGION,2,1,0,0,1,1,0,0,1,0,0,0,0,0,1,0,1,0,0,0,No,0,2,0,0,0,0,MELB_URBAN,MELB_URBAN,PORT PHILLIP,METROPOLITAN NORTH WEST REGION,2014,5,May,BALACLAVA
144.96630387177868,-37.80888168382271,3413485,30/5/2014,23.20.00,Yes,Collision with vehicle,Friday,VEHICLE STRIKES DOOR OF PARKED/STATIONARY VEHICLE,Dark Street lights on,144.9663,-37.80888,MELBOURNE,METROPOLITAN NORTH WEST REGION,5,1,0,0,1,4,4,1,1,3,1,0,0,0,0,0,0,0,0,0,No,0,2,0,1,0,0,MELBOURNE_CBD,"MELBOURNE_CBD,MELB_URBAN",MELBOURNE,METROPOLITAN NORTH WEST REGION,2014,5,May,MELBOURNE
145.00598886046197,-37.815154179442786,3413487,12/5/2014,11.50.00,No,Collision with vehicle,Monday,PULLING OUT -REAR END,Day,145.00599,-37.81515,YARRA,METROPOLITAN NORTH WEST REGION,3,1,0,0,1,2,2,1,2,0,1,0,0,0,0,0,0,0,0,0,No,0,3,0,1,0,0,MELB_URBAN,MELB_URBAN,YARRA,METROPOLITAN NORTH WEST REGION,2014,5,May,RICHMOND
145.03221226700086,-37.840015043336884,3413488,4/6/2014,17.05.00,No,Collision with vehicle,Wednesday,VEHICLE STRIKES DOOR OF PARKED/STATIONARY VEHICLE,Unk.,145.03221000000002,-37.84002,STONNINGTON,METROPOLITAN SOUTH EAST REGION,2,2,0,0,2,0,1,1,1,0,1,0,0,0,0,0,0,0,0,0,No,0,2,0,1,0,0,MELB_URBAN,MELB_URBAN,STONNINGTON,METROPOLITAN SOUTH EAST REGION,2014,6,June,KOOYONG
144.89276728807684,-37.73749447732117,3413501,8/6/2014,09.30.00,Yes,No collision and no object struck,Sunday,OUT OF CONTROL ON CARRIAGEWAY (ON STRAIGHT),Day,144.89276999999998,-37.73749,MOONEE VALLEY,METROPOLITAN NORTH WEST REGION,1,1,0,0,1,0,1,0,1,0,0,0,0,0,0,0,0,0,0,0,No,0,2,0,0,0,0,MELB_URBAN,MELB_URBAN,MOONEE VALLEY,METROPOLITAN NORTH WEST REGION,2014,6,June,ESSENDON NORTH
145.2916691942626,-38.07346719553402,3413506,10/6/2014,17.30.00,No,Collision with vehicle,Tuesday,LEFT NEAR (INTERSECTIONS ONLY),Dusk/Dawn,145.29166999999998,-38.07347,CASEY,METROPOLITAN SOUTH EAST REGION,2,1,0,0,1,1,2,0,1,0,1,0,0,0,0,0,0,0,0,0,No,0,2,0,1,0,0,MELB_URBAN,MELB_URBAN,CASEY,METROPOLITAN SOUTH EAST REGION,2014,6,June,CRANBOURNE NORTH
145.27690558503707,-37.80004685025384,3413507,10/6/2014,16.55.00,No,Collision with vehicle,Tuesday,RIGHT THROUGH,Dusk/Dawn,145.27691000000002,-37.80005,MAROONDAH,METROPOLITAN SOUTH EAST REGION,2,1,0,0,1,1,2,0,1,0,1,0,0,0,0,0,0,0,0,0,No,0,2,0,1,0,0,MELB_URBAN,MELB_URBAN,MAROONDAH,METROPOLITAN SOUTH EAST REGION,2014,6,June,CROYDON
144.97545452830514,-37.8107128384976,3413508,10/6/2014,17.50.00,No,No collision and no object struck,Tuesday,OUT OF CONTROL ON CARRIAGEWAY (ON STRAIGHT),Dusk/Dawn,144.97545,-37.81071,MELBOURNE,METROPOLITAN NORTH WEST REGION,2,1,0,0,1,1,2,0,1,0,1,0,0,0,0,0,0,0,0,0,No,0,2,0,1,0,0,MELB_URBAN,MELB_URBAN,MELBOURNE,METROPOLITAN NORTH WEST REGION,2014,6,June,EAST MELBOURNE
145.04461001264303,-37.949069964324096,3413516,26/5/2014,12.05.00,No,Collision with vehicle,Monday,VEHICLE STRIKES DOOR OF PARKED/STATIONARY VEHICLE,Day,145.04461,-37.94907,KINGSTON,METROPOLITAN SOUTH EAST REGION,2,1,1,0,0,1,2,0,1,0,1,0,0,0,0,0,0,0,0,0,No,0,2,0,1,0,0,MELB_URBAN,MELB_URBAN,KINGSTON,METROPOLITAN SOUTH EAST REGION,2014,5,May,HIGHETT
144.97048758743034,-37.797481470286435,3413525,30/5/2014,15.50.00,No,Collision with vehicle,Friday,LANE CHANGE LEFT (NOT OVERTAKING),Day,144.97048999999998,-37.79748,MELBOURNE,METROPOLITAN NORTH WEST REGION,2,1,0,0,1,1,2,0,1,0,1,0,0,0,0,0,0,0,0,0,No,0,2,0,1,0,0,MELB_URBAN,MELB_URBAN,MELBOURNE,METROPOLITAN NORTH WEST REGION,2014,5,May,CARLTON
145.0175812658327,-37.72898024708061,3413530,31/5/2014,07.55.00,Yes,Collision with vehicle,Saturday,RIGHT NEAR (INTERSECTIONS ONLY),Dusk/Dawn,145.01758,-37.72898,DAREBIN,METROPOLITAN NORTH WEST REGION,2,1,0,1,0,1,2,0,1,0,1,0,0,0,0,0,0,0,0,0,No,0,2,0,1,0,0,MELB_URBAN,MELB_URBAN,DAREBIN,METROPOLITAN NORTH WEST REGION,2014,5,May,RESERVOIR
145.1122381842539,-38.044028166188475,3413531,29/5/2014,17.30.00,No,Collision with vehicle,Thursday,RIGHT THROUGH,Dusk/Dawn,145.11223999999999,-38.04403,KINGSTON,METROPOLITAN SOUTH EAST REGION,2,1,0,0,1,1,1,1,1,0,1,0,0,0,0,0,0,0,0,1,No,0,2,0,1,0,0,MELB_URBAN,MELB_URBAN,KINGSTON,METROPOLITAN SOUTH EAST REGION,2014,5,May,EDITHVALE
146.42212119799808,-38.22171541935033,3413542,5/6/2014,14.20.00,No,No collision and no object struck,Thursday,OFF CARRIAGEWAY TO RIGHT,Day,146.42212,-38.22172,LATROBE,EASTERN REGION,1,1,0,0,1,0,1,0,1,0,0,0,0,0,0,1,0,0,0,0,No,0,1,0,0,0,0,SMALL_CITIES,SMALL_CITIES,LATROBE,"EASTERN REGION,EASTERN REGION",2014,6,June,MORWELL