X,Y,OBJECTID,ACCIDENT_DATE,ACCIDENT_TIME,ALCOHOLTIME,ACCIDENT_TYPE,DAY_OF_WEEK,DCA_CODE,LIGHT_CONDITION,LONGITUDE,LATITUDE,LGA_NAME,REGION_NAME,TOTAL_PERSONS,INJ_OR_FATAL,FATALITY,SERIOUSINJURY,OTHERINJURY,NONINJURED,MALES,FEMALES,BICYCLIST,PASSENGER,DRIVER,PEDESTRIAN,PILLION,MOTORIST,UNKNOWN,PED_CYCLIST_5_12,PED_CYCLIST_13_18,OLD_PEDESTRIAN,OLD_DRIVER,YOUNG_DRIVER,ALCOHOL_RELATED,UNLICENCSED,NO_OF_VEHICLES,HEAVYVEHICLE,PASSENGERVEHICLE,MOTORCYCLE,PUBLICVEHICLE,DEG_URBAN_NAME,DEG_URBAN_ALL,LGA_NAME_ALL,REGION_NAME_ALL,Year,Month,Month_name,Suburb
145.02569937141183,-37.90374820142753,3409186,18/1/2014,09.00.00,No,Collision with vehicle,Saturday,RIGHT THROUGH,Day,145.0257,-37.90375,GLEN EIRA,METROPOLITAN SOUTH EAST REGION,2,1,0,0,1,1,2,0,1,0,1,0,0,0,0,0,0,0,1,0,No,0,2,0,1,0,0,MELB_URBAN,MELB_URBAN,"GLEN EIRA,BAYSIDE",METROPOLITAN SOUTH EAST REGION,2014,1,January,BRIGHTON EAST
145.12110335681547,-38.0707293321897,3409188,18/1/2014,08.45.00,No,Collision with vehicle,Saturday,OTHER SAME DIRECTION-MANOUEVRES NOT INCLUDED IN DCAs 130-137,Day,145.1211,-38.07073,KINGSTON,METROPOLITAN SOUTH EAST REGION,2,1,0,0,1,1,1,0,1,0,1,0,0,0,0,0,0,0,0,0,No,0,2,0,1,0,0,MELB_URBAN,MELB_URBAN,KINGSTON,METROPOLITAN SOUTH EAST REGION,2014,1,January,BONBEACH
144.91409228572806,-38.35327421612264,3409189,31/12/2013,08.10.00,No,Collision with vehicle,Tuesday,RIGHT THROUGH,Day,144.91409,-38.35327,MORNINGTON PENINSULA,METROPOLITAN SOUTH EAST REGION,2,1,0,1,0,1,2,0,1,0,1,0,0,0,0,0,0,0,0,0,No,0,2,0,1,0,0,MELB_URBAN,MELB_URBAN,MORNINGTON PENINSULA,METROPOLITAN SOUTH EAST REGION,2013,12,December,ROSEBUD
145.21994970011562,-37.783741777079115,3409190,23/1/2014,17.30.00,No,Vehicle overturned (no collision),Thursday,OUT OF CONTROL ON CARRIAGEWAY (ON STRAIGHT),Day,145.21995,-37.78374,MANNINGHAM,METROPOLITAN SOUTH EAST REGION,3,1,0,0,1,2,3,0,1,1,1,0,0,0,0,0,0,0,0,1,No,0,2,0,1,0,0,MELB_URBAN,MELB_URBAN,MANNINGHAM,METROPOLITAN SOUTH EAST REGION,2014,1,January,PARK ORCHARDS
144.97393140100817,-37.83838966249428,3409192,23/1/2014,17.50.00,No,Collision with vehicle,Thursday,LANE SIDE SWIPE (VEHICLES IN PARALLEL LANES),Day,144.97393,-37.838390000000004,PORT PHILLIP,METROPOLITAN NORTH WEST REGION,2,1,0,0,1,1,1,1,1,0,1,0,0,0,0,0,0,0,0,0,No,0,2,0,1,0,0,MELB_URBAN,MELB_URBAN,PORT PHILLIP,METROPOLITAN NORTH WEST REGION,2014,1,January,MELBOURNE
144.99323599117554,-37.852593653474436,3409193,20/1/2014,17.00.00,No,Collision with vehicle,Monday,VEHICLE STRIKES DOOR OF PARKED/STATIONARY VEHICLE,Day,144.99324,-37.85259,STONNINGTON,METROPOLITAN SOUTH EAST REGION,2,1,0,0,1,1,1,1,1,0,1,0,0,0,0,0,0,0,0,1,No,0,2,0,1,0,0,MELB_URBAN,MELB_URBAN,STONNINGTON,METROPOLITAN SOUTH EAST REGION,2014,1,January,WINDSOR
145.04141596249397,-37.76963702515432,3409200,19/1/2014,19.00.00,Yes,No collision and no object struck,Sunday,OUT OF CONTROL ON CARRIAGEWAY (ON STRAIGHT),Day,145.04142,-37.76964,BANYULE,METROPOLITAN NORTH WEST REGION,2,1,0,1,0,1,0,2,1,0,1,0,0,0,0,0,0,0,0,0,No,0,2,0,1,0,0,MELB_URBAN,MELB_URBAN,BANYULE,METROPOLITAN NORTH WEST REGION,2014,1,January,IVANHOE
144.74201840855048,-37.70347355298929,3409214,5/1/2014,21.00.00,Yes,Collision with vehicle,Sunday,LEFT NEAR (INTERSECTIONS ONLY),Dark Street lights on,144.74202,-37.70347,MELTON,METROPOLITAN NORTH WEST REGION,2,1,0,0,1,1,0,1,1,0,1,0,0,0,0,0,1,0,0,0,No,0,2,0,1,0,0,MELB_URBAN,MELB_URBAN,MELTON,METROPOLITAN NORTH WEST REGION,2014,1,January,HILLSIDE
145.17029145196355,-37.92014029267929,3409219,12/1/2014,14.04.00,No,Collision with vehicle,Sunday,LEFT NEAR (INTERSECTIONS ONLY),Day,145.17029,-37.92014,MONASH,METROPOLITAN SOUTH EAST REGION,5,1,0,0,1,4,5,0,1,3,1,0,0,0,0,0,0,0,0,0,No,0,2,0,1,0,0,MELB_URBAN,MELB_URBAN,MONASH,METROPOLITAN SOUTH EAST REGION,2014,1,January,MULGRAVE
145.0278614462441,-37.81376017833573,3409233,18/1/2014,09.30.00,No,Collision with vehicle,Saturday,REAR END(VEHICLES IN SAME LANE),Day,145.02786,-37.813759999999995,BOROONDARA,METROPOLITAN SOUTH EAST REGION,2,1,0,0,1,1,2,0,1,0,1,0,0,0,0,0,0,0,0,0,No,0,2,0,1,0,0,MELB_URBAN,MELB_URBAN,BOROONDARA,METROPOLITAN SOUTH EAST REGION,2014,1,January,HAWTHORN
145.40141834952655,-37.63423948279039,3409244,23/1/2014,06.10.00,No,Collision with vehicle,Thursday,REAR END(VEHICLES IN SAME LANE),Dusk/Dawn,145.40142,-37.634240000000005,YARRA RANGES,METROPOLITAN SOUTH EAST REGION,2,1,0,1,0,1,1,1,1,0,1,0,0,0,0,0,0,0,0,1,No,0,2,0,1,0,0,RURAL_VICTORIA,RURAL_VICTORIA,YARRA RANGES,METROPOLITAN SOUTH EAST REGION,2014,1,January,YARRA GLEN
142.2300165427096,-38.37675970225308,3409261,6/1/2014,09.15.00,No,Collision with vehicle,Monday,VEHICLE STRIKES ANOTHER VEH WHILE EMERGING FROM DRIVEWAY,Day,142.23002,-38.37676,MOYNE,SOUTH WESTERN REGION,2,1,0,0,1,1,0,2,1,0,1,0,0,0,0,0,0,0,0,0,No,0,2,0,1,0,0,TOWNS,TOWNS,MOYNE,SOUTH WESTERN REGION,2014,1,January,PORT FAIRY
144.2701920797598,-36.75663757257185,3409264,6/1/2014,12.00.00,No,No collision and no object struck,Monday,OUT OF CONTROL ON CARRIAGEWAY (ON STRAIGHT),Day,144.27018999999999,-36.756640000000004,BENDIGO,NORTHERN REGION,1,1,0,1,0,0,1,0,1,0,0,0,0,0,0,0,0,0,0,0,No,0,1,0,0,0,0,LARGE_PROVINCIAL_CITIES,LARGE_PROVINCIAL_CITIES,BENDIGO,NORTHERN REGION,2014,1,January,IRONBARK
144.34565497024602,-38.15463258933713,3409296,29/12/2013,09.57.00,Yes,Collision with vehicle,Sunday,RIGHT THROUGH,Day,144.34565,-38.15463,GEELONG,SOUTH WESTERN REGION,2,2,0,1,1,0,1,1,1,0,1,0,0,0,0,0,0,0,0,0,No,0,2,0,1,0,0,LARGE_PROVINCIAL_CITIES,LARGE_PROVINCIAL_CITIES,GEELONG,SOUTH WESTERN REGION,2013,12,December,NEWTOWN
144.8779297989547,-37.731930313236155,3409297,30/12/2013,07.30.00,No,Collision with vehicle,Monday,LANE SIDE SWIPE (VEHICLES IN PARALLEL LANES),Day,144.87793,-37.73193,MOONEE VALLEY,METROPOLITAN NORTH WEST REGION,2,1,0,0,1,1,1,0,1,0,1,0,0,0,0,0,0,0,0,0,No,0,2,0,0,0,0,MELB_URBAN,MELB_URBAN,MOONEE VALLEY,METROPOLITAN NORTH WEST REGION,2013,12,December,NIDDRIE
144.98816387861842,-37.79438769618465,3409300,12/12/2013,17.20.00,No,No collision and no object struck,Thursday,OUT OF CONTROL ON CARRIAGEWAY (ON STRAIGHT),Day,144.98816000000002,-37.79439,YARRA,METROPOLITAN NORTH WEST REGION,2,1,0,0,1,1,1,0,1,0,1,0,0,0,0,0,0,0,0,0,No,0,2,0,1,0,0,MELB_URBAN,MELB_URBAN,YARRA,METROPOLITAN NORTH WEST REGION,2013,12,December,COLLINGWOOD
145.03133727019983,-38.29684135842929,3409301,30/12/2013,08.45.00,No,Collision with vehicle,Monday,LANE CHANGE LEFT (NOT OVERTAKING),Day,145.03134,-38.29684,MORNINGTON PENINSULA,METROPOLITAN SOUTH EAST REGION,2,1,0,0,1,1,1,1,1,0,1,0,0,0,0,0,0,0,0,0,No,0,2,0,1,0,0,RURAL_VICTORIA,RURAL_VICTORIA,MORNINGTON PENINSULA,METROPOLITAN SOUTH EAST REGION,2013,12,December,MOUNT MARTHA
144.951891141052,-37.81415824810241,3409312,6/1/2014,08.35.00,No,Collision with vehicle,Monday,RIGHT THROUGH,Day,144.95189,-37.81416,MELBOURNE,METROPOLITAN NORTH WEST REGION,2,1,0,0,1,1,1,1,1,0,1,0,0,0,0,0,0,0,0,0,No,0,2,0,1,0,0,MELBOURNE_CBD,"MELBOURNE_CBD,MELB_URBAN",MELBOURNE,METROPOLITAN NORTH WEST REGION,2014,1,January,DOCKLANDS
144.91615038130536,-37.801657830623476,3409343,19/1/2014,15.45.00,No,Collision with vehicle,Sunday,LEFT TURN SIDESWIPE,Day,144.91615,-37.80166,MELBOURNE,METROPOLITAN NORTH WEST REGION,2,1,0,0,1,1,0,1,1,0,0,0,0,0,1,0,0,0,0,0,No,0,2,0,0,0,0,MELB_URBAN,MELB_URBAN,MELBOURNE,METROPOLITAN NORTH WEST REGION,2014,1,January,WEST MELBOURNE
145.1413225462131,-37.909858223816535,3409365,7/1/2014,07.15.00,No,Collision with vehicle,Tuesday,REAR END(VEHICLES IN SAME LANE),Day,145.14132,-37.909859999999995,MONASH,METROPOLITAN SOUTH EAST REGION,2,1,0,0,1,1,1,1,1,0,1,0,0,0,0,0,0,0,0,0,No,0,2,0,1,0,0,MELB_URBAN,MELB_URBAN,MONASH,METROPOLITAN SOUTH EAST REGION,2014,1,January,CLAYTON
144.5245950050747,-38.26962974941814,3409368,7/1/2014,11.45.00,No,Collision with vehicle,Tuesday,CROSS TRAFFIC(INTERSECTIONS ONLY),Day,144.5246,-38.26963,GEELONG,SOUTH WESTERN REGION,2,1,0,1,0,1,1,1,1,0,1,0,0,0,0,0,0,0,1,0,No,0,2,0,1,0,0,SMALL_CITIES,SMALL_CITIES,GEELONG,SOUTH WESTERN REGION,2014,1,January,OCEAN GROVE
145.17815976982058,-37.90536112930434,3409373,11/1/2014,13.50.00,No,Collision with vehicle,Saturday,REAR END(VEHICLES IN SAME LANE),Day,145.17816000000002,-37.905359999999995,MONASH,METROPOLITAN SOUTH EAST REGION,2,1,0,0,1,1,2,0,1,0,1,0,0,0,0,0,0,0,0,0,No,0,2,0,0,0,1,MELB_URBAN,MELB_URBAN,MONASH,METROPOLITAN SOUTH EAST REGION,2014,1,January,WHEELERS HILL
145.13808021969413,-37.73308363647807,3409381,13/1/2014,13.00.00,No,Collision with vehicle,Monday,REAR END(VEHICLES IN SAME LANE),Day,145.13808,-37.73308,NILLUMBIK,METROPOLITAN NORTH WEST REGION,2,1,0,0,1,1,0,2,1,0,1,0,0,0,0,0,0,0,0,0,No,0,2,0,1,0,0,MELB_URBAN,MELB_URBAN,NILLUMBIK,METROPOLITAN NORTH WEST REGION,2014,1,January,ELTHAM
144.9628972187914,-37.806656940146034,3409394,19/1/2014,23.03.00,Yes,Collision with vehicle,Sunday,VEHICLE OFF FOOTPATH STRIKES VEH ON CARRIAGEWAY,Dark Street lights on,144.9629,-37.80666,MELBOURNE,METROPOLITAN NORTH WEST REGION,4,1,0,1,0,3,3,1,1,2,1,0,0,0,0,0,0,0,0,0,No,0,2,0,1,0,0,MELB_URBAN,MELB_URBAN,MELBOURNE,METROPOLITAN NORTH WEST REGION,2014,1,January,MELBOURNE
145.0027670390521,-37.93609965680128,3409411,24/12/2013,10.30.00,No,Collision with vehicle,Tuesday,VEHICLE STRIKES DOOR OF PARKED/STATIONARY VEHICLE,Day,145.00277,-37.9361,BAYSIDE,METROPOLITAN SOUTH EAST REGION,2,1,0,0,1,1,0,2,1,0,1,0,0,0,0,0,0,0,0,0,No,0,2,0,1,0,0,MELB_URBAN,MELB_URBAN,BAYSIDE,METROPOLITAN SOUTH EAST REGION,2013,12,December,HAMPTON
144.98885784953387,-37.79018974749553,3409414,7/1/2014,15.15.00,No,Collision with vehicle,Tuesday,U TURN,Day,144.98886000000002,-37.79019,YARRA,METROPOLITAN NORTH WEST REGION,2,1,0,0,1,1,2,0,1,0,1,0,0,0,0,0,0,0,0,0,No,0,2,0,1,0,0,MELB_URBAN,MELB_URBAN,YARRA,METROPOLITAN NORTH WEST REGION,2014,1,January,CLIFTON HILL
144.97811784266437,-37.80035631735,3409421,7/1/2014,17.30.00,No,Collision with vehicle,Tuesday,RIGHT THROUGH,Unk.,144.97812,-37.80036,YARRA,METROPOLITAN NORTH WEST REGION,2,1,0,0,1,1,0,2,1,0,1,0,0,0,0,0,0,0,0,1,No,0,2,0,1,0,0,MELB_URBAN,MELB_URBAN,YARRA,METROPOLITAN NORTH WEST REGION,2014,1,January,FITZROY
144.99410289540677,-37.847020288062055,3409440,20/1/2014,09.45.00,No,Collision with vehicle,Monday,VEHICLE STRIKES DOOR OF PARKED/STATIONARY VEHICLE,Day,144.9941,-37.84702,STONNINGTON,METROPOLITAN SOUTH EAST REGION,2,1,0,1,0,1,1,1,1,0,1,0,0,0,0,0,0,0,0,0,No,0,2,0,1,0,0,MELB_URBAN,MELB_URBAN,STONNINGTON,METROPOLITAN SOUTH EAST REGION,2014,1,January,PRAHRAN
144.99749359418428,-37.828138715431116,3409447,20/1/2014,12.07.00,No,Collision with vehicle,Monday,RIGHT THROUGH,Day,144.99749,-37.828140000000005,YARRA,METROPOLITAN NORTH WEST REGION,2,1,0,0,1,1,1,1,1,0,1,0,0,0,0,0,0,0,0,0,No,0,2,0,1,0,0,MELB_URBAN,MELB_URBAN,YARRA,METROPOLITAN NORTH WEST REGION,2014,1,January,CREMORNE
145.03813876638637,-38.22146898489544,3409458,31/12/2013,14.30.00,No,Collision with vehicle,Tuesday,CROSS TRAFFIC(INTERSECTIONS ONLY),Day,145.03814,-38.221470000000004,MORNINGTON PENINSULA,METROPOLITAN SOUTH EAST REGION,3,1,0,0,1,2,2,1,1,1,1,0,0,0,0,0,0,0,0,0,No,0,2,0,1,0,0,MELB_URBAN,MELB_URBAN,MORNINGTON PENINSULA,METROPOLITAN SOUTH EAST REGION,2013,12,December,MORNINGTON
143.8466667805621,-37.5650338057316,3409465,7/1/2014,08.50.00,No,Collision with vehicle,Tuesday,CROSS TRAFFIC(INTERSECTIONS ONLY),Day,143.84667,-37.56503,BALLARAT,WESTERN REGION,2,1,0,0,1,1,1,1,1,0,1,0,0,0,0,0,0,0,0,0,No,0,2,0,1,0,0,LARGE_PROVINCIAL_CITIES,LARGE_PROVINCIAL_CITIES,BALLARAT,WESTERN REGION,2014,1,January,BALLARAT CENTRAL
144.974944701891,-37.79756051141249,3409466,7/1/2014,15.00.00,No,No collision and no object struck,Tuesday,OUT OF CONTROL ON CARRIAGEWAY (ON STRAIGHT),Day,144.97494,-37.79756,MELBOURNE,METROPOLITAN NORTH WEST REGION,2,1,0,1,0,1,1,1,1,0,0,0,0,0,1,0,0,0,0,0,No,0,2,0,0,0,0,MELB_URBAN,MELB_URBAN,"YARRA,MELBOURNE",METROPOLITAN NORTH WEST REGION,2014,1,January,CARLTON
145.36160987362746,-36.39410935450769,3409469,25/11/2013,08.15.00,No,No collision and no object struck,Monday,OUT OF CONTROL ON CARRIAGEWAY (ON STRAIGHT),Day,145.36161,-36.39411,SHEPPARTON,NORTH EASTERN REGION,2,1,0,0,1,1,1,0,1,0,0,0,0,0,1,0,0,0,0,0,No,0,2,0,0,0,0,SMALL_CITIES,SMALL_CITIES,SHEPPARTON,NORTH EASTERN REGION,2013,11,November,MOOROOPNA
144.18477152486875,-38.41438127087155,3409474,8/1/2014,11.25.00,No,Collision with vehicle,Wednesday,VEHICLE STRIKES ANOTHER VEH WHILE EMERGING FROM DRIVEWAY,Day,144.18477,-38.41438,SURF COAST,SOUTH WESTERN REGION,3,2,0,0,2,1,3,0,2,0,1,0,0,0,0,0,1,0,0,0,No,0,3,0,1,0,0,TOWNS,TOWNS,SURF COAST,SOUTH WESTERN REGION,2014,1,January,ANGLESEA
144.36915345854007,-38.147411796856254,3409477,14/1/2014,06.45.00,No,Collision with vehicle,Tuesday,RIGHT THROUGH,Dusk/Dawn,144.36915,-38.14741,GEELONG,SOUTH WESTERN REGION,2,1,0,0,1,1,1,1,1,0,1,0,0,0,0,0,0,0,0,0,No,0,2,0,1,0,0,LARGE_PROVINCIAL_CITIES,LARGE_PROVINCIAL_CITIES,GEELONG,SOUTH WESTERN REGION,2014,1,January,GEELONG
144.96492349271938,-37.81197899097242,3409478,14/1/2014,08.10.00,No,Collision with vehicle,Tuesday,HEAD ON (NOT OVERTAKING),Day,144.96492,-37.81198,MELBOURNE,METROPOLITAN NORTH WEST REGION,2,1,0,1,0,1,2,0,1,0,1,0,0,0,0,0,0,0,0,0,No,0,2,0,0,0,1,MELBOURNE_CBD,MELBOURNE_CBD,MELBOURNE,METROPOLITAN NORTH WEST REGION,2014,1,January,MELBOURNE
145.09922051156116,-37.85063231303528,3409479,14/1/2014,08.50.00,No,Collision with vehicle,Tuesday,RIGHT/LEFT. ONE VEH TURNING RIGHT THE OTHER LEFT.,Day,145.09922,-37.850629999999995,WHITEHORSE,METROPOLITAN SOUTH EAST REGION,2,1,0,0,1,1,0,2,1,0,1,0,0,0,0,0,0,0,0,0,No,0,2,0,1,0,0,MELB_URBAN,MELB_URBAN,WHITEHORSE,METROPOLITAN SOUTH EAST REGION,2014,1,January,BURWOOD
145.065178736975,-37.99178126200879,3409485,14/1/2014,06.35.00,No,Collision with vehicle,Tuesday,LANE SIDE SWIPE (VEHICLES IN PARALLEL LANES),Dusk/Dawn,145.06518,-37.99178,KINGSTON,METROPOLITAN SOUTH EAST REGION,2,1,0,1,0,1,2,0,1,0,1,0,0,0,0,0,0,0,0,0,No,0,2,0,1,0,0,MELB_URBAN,MELB_URBAN,KINGSTON,METROPOLITAN SOUTH EAST REGION,2014,1,January,MENTONE
144.99143100313074,-37.8877024748554,3409499,19/1/2014,10.45.00,No,Collision with vehicle,Sunday,RIGHT THROUGH,Day,144.99143,-37.8877,BAYSIDE,METROPOLITAN NORTH WEST REGION,2,1,0,0,1,1,1,1,1,0,1,0,0,0,0,0,1,0,1,0,No,0,2,0,1,0,0,MELB_URBAN,MELB_URBAN,"PORT PHILLIP,BAYSIDE","METROPOLITAN NORTH WEST REGION,METROPOLITAN SOUTH EAST REGION",2014,1,January,ELWOOD
144.98784523531108,-37.83063297298215,3409502,20/1/2014,19.26.00,Yes,Collision with vehicle,Monday,VEHICLE OFF FOOTPATH STRIKES VEH ON CARRIAGEWAY,Dusk/Dawn,144.98785,-37.83063,MELBOURNE,METROPOLITAN NORTH WEST REGION,2,1,0,0,1,1,2,0,1,0,1,0,0,0,0,0,0,0,0,0,No,0,2,0,1,0,0,MELB_URBAN,MELB_URBAN,"STONNINGTON,MELBOURNE","METROPOLITAN NORTH WEST REGION,METROPOLITAN SOUTH EAST REGION",2014,1,January,SOUTH YARRA
148.55369133690112,-37.79564236718887,3409508,1/1/2014,10.20.00,No,Collision with vehicle,Wednesday,RIGHT FAR (INTERSECTIONS ONLY),Day,148.55369,-37.79564,EAST GIPPSLAND,EASTERN REGION,3,1,0,1,0,2,2,1,1,1,1,0,0,0,0,0,0,0,0,1,No,0,2,0,1,0,0,RURAL_VICTORIA,RURAL_VICTORIA,EAST GIPPSLAND,"EASTERN REGION,EASTERN REGION",2014,1,January,MARLO
144.8923932617162,-37.80325902541111,3409538,14/1/2014,18.30.00,Yes,Collision with vehicle,Tuesday,RIGHT THROUGH,Day,144.89238999999998,-37.803259999999995,MARIBYRNONG,METROPOLITAN NORTH WEST REGION,3,2,0,0,2,1,2,1,1,0,2,0,0,0,0,0,0,0,0,0,No,0,3,0,2,0,0,MELB_URBAN,MELB_URBAN,MARIBYRNONG,METROPOLITAN NORTH WEST REGION,2014,1,January,SEDDON
145.0028507227803,-37.84805664743863,3409553,17/1/2014,08.30.00,No,Collision with vehicle,Friday,LEFT TURN SIDESWIPE,Day,145.00285,-37.84806,STONNINGTON,METROPOLITAN SOUTH EAST REGION,2,1,0,1,0,1,2,0,1,0,1,0,0,0,0,0,0,0,0,0,No,0,2,0,1,0,0,MELB_URBAN,MELB_URBAN,STONNINGTON,METROPOLITAN SOUTH EAST REGION,2014,1,January,PRAHRAN
145.0742718988789,-37.83015827191702,3409566,10/12/2013,20.20.00,Yes,Collision with vehicle,Monday,RIGHT FAR (INTERSECTIONS ONLY),Dusk/Dawn,145.07426999999998,-37.83016,BOROONDARA,METROPOLITAN SOUTH EAST REGION,2,1,0,0,1,1,1,0,1,0,1,0,0,0,0,0,0,0,0,0,No,0,2,0,1,0,0,MELB_URBAN,MELB_URBAN,BOROONDARA,METROPOLITAN SOUTH EAST REGION,2013,12,December,CANTERBURY
144.9985490482907,-37.771614933510044,3409572,5/1/2014,21.00.00,Yes,Collision with vehicle,Sunday,LEFT TURN SIDESWIPE,Dusk/Dawn,144.99855,-37.771609999999995,DAREBIN,METROPOLITAN NORTH WEST REGION,2,1,0,0,1,1,0,1,1,0,0,0,0,0,1,0,0,0,0,0,No,0,2,0,0,0,0,MELB_URBAN,MELB_URBAN,DAREBIN,METROPOLITAN NORTH WEST REGION,2014,1,January,NORTHCOTE
144.9832260647508,-37.8789674336984,3409575,8/1/2014,19.50.00,Yes,Other accident,Wednesday,OTHER SAME DIRECTION-MANOUEVRES NOT INCLUDED IN DCAs 130-137,Dusk/Dawn,144.98323,-37.87897,PORT PHILLIP,METROPOLITAN NORTH WEST REGION,2,1,0,0,1,1,0,0,1,0,0,0,0,0,1,0,0,0,0,0,No,0,2,0,0,0,0,MELB_URBAN,MELB_URBAN,PORT PHILLIP,METROPOLITAN NORTH WEST REGION,2014,1,January,ELWOOD
143.86118461762527,-37.52898994491483,3409583,15/1/2014,07.30.00,No,Collision with vehicle,Wednesday,CROSS TRAFFIC(INTERSECTIONS ONLY),Day,143.86118000000002,-37.52899,BALLARAT,WESTERN REGION,2,1,0,1,0,1,2,0,1,0,1,0,0,0,0,0,0,0,0,0,No,0,2,0,0,0,0,LARGE_PROVINCIAL_CITIES,LARGE_PROVINCIAL_CITIES,BALLARAT,WESTERN REGION,2014,1,January,INVERMAY PARK
144.97990953604972,-37.88451213923833,3409588,13/1/2014,16.00.00,No,Collision with vehicle,Monday,VEHICLE STRIKES DOOR OF PARKED/STATIONARY VEHICLE,Day,144.97991000000002,-37.88451,PORT PHILLIP,METROPOLITAN NORTH WEST REGION,2,1,0,1,0,1,1,1,1,0,1,0,0,0,0,0,0,0,0,0,No,0,2,0,1,0,0,MELB_URBAN,MELB_URBAN,PORT PHILLIP,METROPOLITAN NORTH WEST REGION,2014,1,January,ELWOOD
145.1794007480305,-38.11539606492345,3409589,11/1/2014,14.30.00,Yes,Collision with vehicle,Saturday,VEHICLE COLLIDES WITH VEHICLE PARKED ON LEFT OF ROAD,Day,145.1794,-38.1154,FRANKSTON,METROPOLITAN SOUTH EAST REGION,2,1,0,1,0,1,1,1,1,0,1,0,0,0,0,0,0,0,1,0,No,0,2,0,1,0,0,MELB_URBAN,MELB_URBAN,FRANKSTON,METROPOLITAN SOUTH EAST REGION,2014,1,January,CARRUM DOWNS
144.966988559603,-37.816485129867694,3409597,21/1/2014,07.18.00,No,Collision with vehicle,Tuesday,OUT OF CONTROL (OVERTAKING),Day,144.96698999999998,-37.81649,MELBOURNE,METROPOLITAN NORTH WEST REGION,1,1,0,0,1,0,1,0,1,0,0,0,0,0,0,0,0,0,0,0,No,0,2,0,1,0,0,MELBOURNE_CBD,MELBOURNE_CBD,MELBOURNE,METROPOLITAN NORTH WEST REGION,2014,1,January,MELBOURNE
145.3593709512009,-36.39443253547925,3409611,30/12/2013,14.50.00,No,Collision with vehicle,Monday,ENTERING PARKING,Day,145.35936999999998,-36.39443,SHEPPARTON,NORTH EASTERN REGION,2,1,0,0,1,1,1,1,1,0,1,0,0,0,0,0,0,0,0,0,No,0,2,0,1,0,0,SMALL_CITIES,SMALL_CITIES,SHEPPARTON,NORTH EASTERN REGION,2013,12,December,MOOROOPNA
147.26917028694842,-36.849679898158286,3409614,31/12/2013,15.30.00,No,No collision and no object struck,Tuesday,OFF CARRIAGEWAY ON LEFT BEND,Day,147.26917,-36.84968,(FALLS CREEK),NORTH EASTERN REGION,2,1,0,1,0,1,0,0,1,0,1,0,0,0,0,0,0,0,0,0,No,0,2,0,0,0,0,RURAL_VICTORIA,RURAL_VICTORIA,(FALLS CREEK),NORTH EASTERN REGION,2013,12,December,FALLS CREEK
145.08133658495427,-37.8240467705781,3409626,9/1/2014,07.40.00,No,Collision with vehicle,Thursday,RIGHT THROUGH,Day,145.08133999999998,-37.82405,BOROONDARA,METROPOLITAN SOUTH EAST REGION,2,1,0,0,1,1,1,1,1,0,1,0,0,0,0,0,0,0,0,0,No,0,2,0,1,0,0,MELB_URBAN,MELB_URBAN,BOROONDARA,METROPOLITAN SOUTH EAST REGION,2014,1,January,CANTERBURY
144.85638029935012,-37.83955826850143,3409633,14/1/2014,16.15.00,No,Collision with vehicle,Tuesday,VEHICLE STRIKES DOOR OF PARKED/STATIONARY VEHICLE,Day,144.85638,-37.83956,HOBSONS BAY,METROPOLITAN NORTH WEST REGION,2,1,0,1,0,1,1,1,1,0,1,0,0,0,0,0,0,0,0,0,No,0,2,0,1,0,0,MELB_URBAN,MELB_URBAN,HOBSONS BAY,METROPOLITAN NORTH WEST REGION,2014,1,January,ALTONA NORTH
144.9602593571369,-37.81063860687311,3409637,15/1/2014,08.15.00,No,No collision and no object struck,Wednesday,OUT OF CONTROL ON CARRIAGEWAY (ON STRAIGHT),Day,144.96026,-37.81064,MELBOURNE,METROPOLITAN NORTH WEST REGION,2,1,0,0,1,1,2,0,1,0,1,0,0,0,0,0,0,0,0,0,No,0,2,0,1,0,0,MELBOURNE_CBD,"MELBOURNE_CBD,MELB_URBAN",MELBOURNE,METROPOLITAN NORTH WEST REGION,2014,1,January,MELBOURNE
144.9551813712681,-37.81877301132232,3409643,14/1/2014,17.45.00,No,Collision with vehicle,Tuesday,VEHICLE STRIKES DOOR OF PARKED/STATIONARY VEHICLE,Day,144.95518,-37.81877,MELBOURNE,METROPOLITAN NORTH WEST REGION,2,1,0,0,1,1,1,1,1,0,1,0,0,0,0,0,0,0,0,0,No,0,2,0,1,0,0,MELBOURNE_CBD,MELBOURNE_CBD,MELBOURNE,METROPOLITAN NORTH WEST REGION,2014,1,January,MELBOURNE
144.97483296501895,-37.81178989772298,3409648,15/1/2014,09.04.00,No,Collision with vehicle,Wednesday,LEFT NEAR (INTERSECTIONS ONLY),Day,144.97483,-37.81179,MELBOURNE,METROPOLITAN NORTH WEST REGION,2,1,0,0,1,1,2,0,1,0,1,0,0,0,0,0,0,0,0,0,No,0,2,0,1,0,0,MELB_URBAN,MELB_URBAN,MELBOURNE,METROPOLITAN NORTH WEST REGION,2014,1,January,EAST MELBOURNE
143.67123919601596,-38.75949216853834,3409660,2/1/2014,10.30.00,No,Collision with vehicle,Thursday,RIGHT NEAR (INTERSECTIONS ONLY),Day,143.67123999999998,-38.75949,COLAC OTWAY,SOUTH WESTERN REGION,2,1,0,0,1,1,1,1,1,0,1,0,0,0,0,0,0,0,1,0,No,0,2,0,1,0,0,TOWNS,TOWNS,COLAC OTWAY,SOUTH WESTERN REGION,2014,1,January,APOLLO BAY