X,Y,OBJECTID,ACCIDENT_DATE,ACCIDENT_TIME,ALCOHOLTIME,ACCIDENT_TYPE,DAY_OF_WEEK,DCA_CODE,LIGHT_CONDITION,LONGITUDE,LATITUDE,LGA_NAME,REGION_NAME,TOTAL_PERSONS,INJ_OR_FATAL,FATALITY,SERIOUSINJURY,OTHERINJURY,NONINJURED,MALES,FEMALES,BICYCLIST,PASSENGER,DRIVER,PEDESTRIAN,PILLION,MOTORIST,UNKNOWN,PED_CYCLIST_5_12,PED_CYCLIST_13_18,OLD_PEDESTRIAN,OLD_DRIVER,YOUNG_DRIVER,ALCOHOL_RELATED,UNLICENCSED,NO_OF_VEHICLES,HEAVYVEHICLE,PASSENGERVEHICLE,MOTORCYCLE,PUBLICVEHICLE,DEG_URBAN_NAME,DEG_URBAN_ALL,LGA_NAME_ALL,REGION_NAME_ALL,Year,Month,Month_name,Suburb
145.10923731220586,-38.03891098919336,3414922,16/7/2014,17.15.00,No,Collision with vehicle,Wednesday,VEHICLE STRIKES DOOR OF PARKED/STATIONARY VEHICLE,Dusk/Dawn,145.10924,-38.038909999999994,KINGSTON,METROPOLITAN SOUTH EAST REGION,3,1,0,0,1,2,2,1,1,0,2,0,0,0,0,0,0,0,0,0,No,0,3,0,2,0,0,MELB_URBAN,MELB_URBAN,KINGSTON,METROPOLITAN SOUTH EAST REGION,2014,7,July,EDITHVALE
144.96230926921638,-37.810038441577866,3414923,16/7/2014,17.30.00,No,Struck Pedestrian,Wednesday,PED EMERGES FROM IN FRONT OF PARKED OR STATIONARY VEHICLE,Dusk/Dawn,144.96231,-37.81004,MELBOURNE,METROPOLITAN NORTH WEST REGION,2,1,0,0,1,1,2,0,1,0,0,1,0,0,0,0,0,0,0,0,No,0,1,0,0,0,0,MELBOURNE_CBD,"MELBOURNE_CBD,MELB_URBAN",MELBOURNE,METROPOLITAN NORTH WEST REGION,2014,7,July,MELBOURNE
144.98679700908824,-37.914390873379936,3414951,27/7/2014,15.00.00,No,Collision with vehicle,Sunday,VEHICLE COLLIDES WITH VEHICLE PARKED ON LEFT OF ROAD,Day,144.9868,-37.914390000000004,BAYSIDE,METROPOLITAN SOUTH EAST REGION,1,1,0,1,0,0,1,0,1,0,0,0,0,0,0,0,0,0,0,0,No,0,2,0,1,0,0,MELB_URBAN,MELB_URBAN,BAYSIDE,METROPOLITAN SOUTH EAST REGION,2014,7,July,BRIGHTON
145.1572605733546,-37.925448595827476,3414971,16/7/2014,07.40.00,No,Collision with vehicle,Wednesday,RIGHT NEAR (INTERSECTIONS ONLY),Dusk/Dawn,145.15726,-37.92545,MONASH,METROPOLITAN SOUTH EAST REGION,2,1,0,1,0,1,2,0,1,0,1,0,0,0,0,0,0,0,1,0,No,0,2,0,1,0,0,MELB_URBAN,MELB_URBAN,MONASH,METROPOLITAN SOUTH EAST REGION,2014,7,July,MULGRAVE
145.08086236483268,-37.8788110219618,3414982,22/7/2014,11.35.00,No,Collision with vehicle,Monday,RIGHT NEAR (INTERSECTIONS ONLY),Day,145.08086,-37.878809999999994,STONNINGTON,METROPOLITAN SOUTH EAST REGION,2,1,0,1,0,1,1,1,1,0,1,0,0,0,0,0,0,0,0,0,No,0,2,0,1,0,0,MELB_URBAN,MELB_URBAN,STONNINGTON,METROPOLITAN SOUTH EAST REGION,2014,7,July,MALVERN EAST
144.26191503229478,-36.76967098941041,3414991,22/7/2014,16.20.00,No,Collision with vehicle,Tuesday,CROSS TRAFFIC(INTERSECTIONS ONLY),Dusk/Dawn,144.26192,-36.76967,BENDIGO,NORTHERN REGION,2,1,0,0,1,1,1,1,1,0,1,0,0,0,0,0,0,0,0,0,No,0,2,0,1,0,0,LARGE_PROVINCIAL_CITIES,LARGE_PROVINCIAL_CITIES,BENDIGO,NORTHERN REGION,2014,7,July,GOLDEN SQUARE
145.1755087119899,-37.751613500617644,3414992,22/7/2014,11.00.00,No,Collision with vehicle,Tuesday,VEHICLE OFF FOOTPATH STRIKES VEH ON CARRIAGEWAY,Day,145.17551,-37.75161,MANNINGHAM,METROPOLITAN SOUTH EAST REGION,2,1,0,0,1,1,1,1,1,0,1,0,0,0,0,0,0,0,0,0,No,0,2,0,1,0,0,MELB_URBAN,MELB_URBAN,MANNINGHAM,METROPOLITAN SOUTH EAST REGION,2014,7,July,DONCASTER EAST
144.95950390670413,-37.806293214510326,3414997,27/7/2014,17.43.00,No,Collision with vehicle,,VEHICLE OFF FOOTPATH STRIKES VEH ON CARRIAGEWAY,Dark Street lights on,144.9595,-37.806290000000004,MELBOURNE,METROPOLITAN NORTH WEST REGION,2,1,0,0,1,1,2,0,1,0,1,0,0,0,0,0,0,0,1,0,No,0,2,0,1,0,0,MELB_URBAN,MELB_URBAN,MELBOURNE,METROPOLITAN NORTH WEST REGION,2014,7,July,MELBOURNE
144.25925879861202,-36.77219708321208,3415006,28/7/2014,06.20.00,No,Collision with vehicle,Monday,LEFT NEAR (INTERSECTIONS ONLY),Dark Street lights on,144.25926,-36.7722,BENDIGO,NORTHERN REGION,2,1,0,0,1,1,2,0,1,0,1,0,0,0,0,0,0,0,0,0,No,0,2,0,1,0,0,LARGE_PROVINCIAL_CITIES,LARGE_PROVINCIAL_CITIES,BENDIGO,NORTHERN REGION,2014,7,July,GOLDEN SQUARE
146.30702597201915,-36.340622941159,3415028,14/7/2014,06.30.00,No,Collision with vehicle,Monday,RIGHT THROUGH,Dusk/Dawn,146.30703,-36.34062,WANGARATTA,NORTH EASTERN REGION,2,1,0,0,1,1,1,1,1,0,1,0,0,0,0,0,0,0,0,0,No,0,2,0,1,0,0,SMALL_CITIES,SMALL_CITIES,WANGARATTA,NORTH EASTERN REGION,2014,7,July,WANGARATTA
144.79119107542172,-37.73293809020291,3415033,22/7/2014,16.30.00,No,Collision with vehicle,Tuesday,LEFT NEAR (INTERSECTIONS ONLY),Dusk/Dawn,144.79119,-37.73294,BRIMBANK,METROPOLITAN NORTH WEST REGION,2,1,0,0,1,1,1,1,1,0,1,0,0,0,0,0,0,0,0,1,No,0,2,0,1,0,0,MELB_URBAN,MELB_URBAN,BRIMBANK,METROPOLITAN NORTH WEST REGION,2014,7,July,ST ALBANS
144.9818113383501,-37.785665930644896,3415036,22/7/2014,18.34.00,Yes,Collision with vehicle,Tuesday,RIGHT NEAR (INTERSECTIONS ONLY),Dusk/Dawn,144.98181,-37.78567,YARRA,METROPOLITAN NORTH WEST REGION,2,1,0,0,1,1,2,0,1,0,1,0,0,0,0,0,0,0,0,1,No,0,2,0,1,0,0,MELB_URBAN,MELB_URBAN,YARRA,METROPOLITAN NORTH WEST REGION,2014,7,July,FITZROY NORTH
144.97170505906604,-37.83210149262316,3415048,3/7/2014,18.15.00,Yes,Collision with vehicle,Thursday,ENTERING PARKING,Dusk/Dawn,144.97171,-37.8321,MELBOURNE,METROPOLITAN NORTH WEST REGION,2,1,0,1,0,1,1,1,1,0,1,0,0,0,0,0,0,0,0,0,No,0,2,0,1,0,0,MELB_URBAN,MELB_URBAN,"PORT PHILLIP,MELBOURNE",METROPOLITAN NORTH WEST REGION,2014,7,July,MELBOURNE
144.92803052370243,-37.794197068230346,3415052,24/6/2014,08.49.00,No,Collision with vehicle,Tuesday,RIGHT THROUGH,Unk.,144.92803,-37.7942,MELBOURNE,METROPOLITAN NORTH WEST REGION,2,1,0,0,1,1,1,1,1,0,1,0,0,0,0,0,0,0,0,0,No,0,2,0,1,0,0,MELB_URBAN,MELB_URBAN,MELBOURNE,METROPOLITAN NORTH WEST REGION,2014,6,June,KENSINGTON
144.9947520098032,-37.82396023144759,3415061,11/7/2014,08.50.00,No,Collision with vehicle,Friday,U TURN,Dusk/Dawn,144.99475,-37.82396,YARRA,METROPOLITAN NORTH WEST REGION,2,1,0,0,1,1,2,0,1,0,1,0,0,0,0,0,0,0,0,0,No,0,2,0,1,0,0,MELB_URBAN,MELB_URBAN,YARRA,METROPOLITAN NORTH WEST REGION,2014,7,July,RICHMOND
145.18494402389987,-37.90625259616481,3415067,26/6/2014,08.30.00,No,Collision with vehicle,Thursday,LEFT NEAR (INTERSECTIONS ONLY),Unk.,145.18493999999998,-37.90625,MONASH,METROPOLITAN SOUTH EAST REGION,2,1,0,0,1,1,2,0,1,0,1,0,0,0,0,0,0,0,0,0,No,0,2,0,1,0,0,MELB_URBAN,MELB_URBAN,MONASH,METROPOLITAN SOUTH EAST REGION,2014,6,June,WHEELERS HILL
144.99395439438004,-37.84797043033246,3415091,13/6/2014,12.00.00,No,Collision with vehicle,Friday,VEHICLE STRIKES DOOR OF PARKED/STATIONARY VEHICLE,Day,144.99395,-37.847970000000004,STONNINGTON,METROPOLITAN SOUTH EAST REGION,2,2,0,0,2,0,1,1,1,0,1,0,0,0,0,0,0,0,0,0,No,0,2,0,1,0,0,MELB_URBAN,MELB_URBAN,STONNINGTON,METROPOLITAN SOUTH EAST REGION,2014,6,June,PRAHRAN
145.00839266470757,-37.81894397911461,3415110,29/5/2014,19.45.00,Yes,Collision with vehicle,Thursday,LEFT NEAR (INTERSECTIONS ONLY),Dark Street lights on,145.00839,-37.818940000000005,YARRA,METROPOLITAN NORTH WEST REGION,2,1,0,0,1,1,0,2,1,0,1,0,0,0,0,0,0,0,0,0,No,0,2,0,1,0,0,MELB_URBAN,MELB_URBAN,YARRA,METROPOLITAN NORTH WEST REGION,2014,5,May,RICHMOND
145.023676427413,-37.8267589947176,3415126,17/7/2014,14.10.00,No,Collision with vehicle,Thursday,VEHICLE STRIKES ANOTHER VEH WHILE EMERGING FROM DRIVEWAY,Day,145.02368,-37.82676,BOROONDARA,METROPOLITAN SOUTH EAST REGION,2,1,0,0,1,1,1,1,1,0,1,0,0,0,0,0,0,0,0,0,No,0,2,0,1,0,0,MELB_URBAN,MELB_URBAN,BOROONDARA,METROPOLITAN SOUTH EAST REGION,2014,7,July,HAWTHORN
144.96668064421863,-37.815451395381494,3415136,17/7/2014,15.00.00,No,Collision with vehicle,Thursday,LANE CHANGE RIGHT (NOT OVERTAKING),Day,144.96668,-37.81545,MELBOURNE,METROPOLITAN NORTH WEST REGION,2,1,0,0,1,1,2,0,1,0,1,0,0,0,0,0,0,0,0,0,No,0,2,0,1,0,0,MELBOURNE_CBD,MELBOURNE_CBD,MELBOURNE,METROPOLITAN NORTH WEST REGION,2014,7,July,MELBOURNE
145.00375732738968,-37.739599760264475,3415137,22/7/2014,17.15.00,No,Collision with vehicle,Tuesday,VEHICLE STRIKES DOOR OF PARKED/STATIONARY VEHICLE,Dusk/Dawn,145.00376,-37.7396,DAREBIN,METROPOLITAN NORTH WEST REGION,2,1,0,0,1,1,1,0,1,0,0,0,0,0,1,0,0,0,0,0,No,0,2,0,0,0,0,MELB_URBAN,MELB_URBAN,DAREBIN,METROPOLITAN NORTH WEST REGION,2014,7,July,PRESTON
144.7557900553356,-37.69348970517795,3415156,26/5/2014,21.30.00,Yes,Collision with vehicle,Monday,REAR END(VEHICLES IN SAME LANE),Dark Street lights on,144.75579,-37.693490000000004,BRIMBANK,METROPOLITAN NORTH WEST REGION,2,1,0,1,0,1,1,0,1,0,0,0,0,0,1,0,0,0,0,0,No,0,2,0,0,0,0,MELB_URBAN,MELB_URBAN,BRIMBANK,METROPOLITAN NORTH WEST REGION,2014,5,May,HILLSIDE
145.12884847197532,-37.87684335547395,3415172,12/7/2014,17.30.00,Yes,Collision with vehicle,Saturday,VEHICLE OFF FOOTPATH STRIKES VEH ON CARRIAGEWAY,Dark Street lights on,145.12885,-37.87684,MONASH,METROPOLITAN SOUTH EAST REGION,2,1,0,1,0,1,1,1,1,0,1,0,0,0,0,1,0,0,0,0,No,0,2,0,1,0,0,MELB_URBAN,MELB_URBAN,MONASH,METROPOLITAN SOUTH EAST REGION,2014,7,July,MOUNT WAVERLEY
144.9874870419619,-37.77906526343449,3415188,18/7/2014,07.50.00,No,Collision with vehicle,Friday,LEFT TURN SIDESWIPE,Unk.,144.98748999999998,-37.779070000000004,YARRA,METROPOLITAN NORTH WEST REGION,2,1,0,0,1,1,2,0,1,0,1,0,0,0,0,0,0,0,0,1,No,0,2,0,1,0,0,MELB_URBAN,MELB_URBAN,YARRA,METROPOLITAN NORTH WEST REGION,2014,7,July,FITZROY NORTH
144.98757884050596,-37.79788064948525,3415211,7/7/2014,08.30.00,No,Collision with vehicle,Monday,RIGHT THROUGH,Dusk/Dawn,144.98758,-37.79788,YARRA,METROPOLITAN NORTH WEST REGION,2,1,0,0,1,1,1,0,1,0,1,0,0,0,0,0,0,0,0,0,No,0,2,0,1,0,0,MELB_URBAN,MELB_URBAN,YARRA,METROPOLITAN NORTH WEST REGION,2014,7,July,COLLINGWOOD
145.03239070566204,-38.29817060134874,3415229,17/7/2014,09.10.00,No,Collision with vehicle,Thursday,LEFT NEAR (INTERSECTIONS ONLY),Day,145.03239,-38.29817,MORNINGTON PENINSULA,METROPOLITAN SOUTH EAST REGION,3,2,0,1,1,1,3,0,2,0,1,0,0,0,0,0,0,0,0,0,No,0,3,0,1,0,0,RURAL_VICTORIA,RURAL_VICTORIA,MORNINGTON PENINSULA,METROPOLITAN SOUTH EAST REGION,2014,7,July,MOUNT MARTHA
145.00318907053412,-37.866844719157356,3415232,3/2/2014,12.00.00,No,Collision with vehicle,Monday,VEHICLE STRIKES DOOR OF PARKED/STATIONARY VEHICLE,Day,145.00319,-37.86684,GLEN EIRA,METROPOLITAN NORTH WEST REGION,3,1,0,0,1,2,1,0,1,0,0,0,0,0,2,0,1,0,0,0,No,0,3,0,0,0,0,MELB_URBAN,MELB_URBAN,"PORT PHILLIP,GLEN EIRA","METROPOLITAN NORTH WEST REGION,METROPOLITAN SOUTH EAST REGION",2014,2,February,ST KILDA EAST
144.97665741993177,-37.866883226330316,3415235,17/7/2014,17.25.00,No,Collision with vehicle,Thursday,VEHICLE OFF FOOTPATH STRIKES VEH ON CARRIAGEWAY,Dusk/Dawn,144.97666,-37.86688,PORT PHILLIP,METROPOLITAN NORTH WEST REGION,2,1,0,0,1,1,0,2,1,0,1,0,0,0,0,0,0,0,0,0,No,0,2,0,1,0,0,MELB_URBAN,MELB_URBAN,PORT PHILLIP,METROPOLITAN NORTH WEST REGION,2014,7,July,ST KILDA
144.98384677916738,-37.783308111740226,3415256,8/7/2014,08.59.00,No,Collision with vehicle,Tuesday,VEHICLE STRIKES DOOR OF PARKED/STATIONARY VEHICLE,Dusk/Dawn,144.98385,-37.78331,YARRA,METROPOLITAN NORTH WEST REGION,3,1,0,0,1,2,1,2,1,1,1,0,0,0,0,0,0,0,0,0,No,0,2,0,1,0,0,MELB_URBAN,MELB_URBAN,YARRA,METROPOLITAN NORTH WEST REGION,2014,7,July,FITZROY NORTH
144.89573686724037,-37.82910066478167,3415269,11/6/2014,07.45.00,No,Vehicle overturned (no collision),Wednesday,OUT OF CONTROL ON CARRIAGEWAY (ON STRAIGHT),Dusk/Dawn,144.89574,-37.8291,HOBSONS BAY,METROPOLITAN NORTH WEST REGION,1,1,0,1,0,0,1,0,1,0,0,0,0,0,0,0,0,0,0,0,No,0,1,0,0,0,0,MELB_URBAN,MELB_URBAN,HOBSONS BAY,METROPOLITAN NORTH WEST REGION,2014,6,June,SPOTSWOOD
144.99922336928836,-37.74972169654762,3415292,9/7/2014,18.00.00,Yes,Collision with vehicle,Wednesday,OTHER ADJACENT (INTERSECTIONS ONLY),Dusk/Dawn,144.99922,-37.74972,DAREBIN,METROPOLITAN NORTH WEST REGION,2,1,0,0,1,1,2,0,1,0,1,0,0,0,0,0,0,0,0,0,No,0,2,0,1,0,0,MELB_URBAN,MELB_URBAN,DAREBIN,METROPOLITAN NORTH WEST REGION,2014,7,July,PRESTON
144.87209383136113,-37.74638165523758,3415293,24/7/2014,14.17.00,No,Collision with vehicle,Thursday,RIGHT THROUGH,Day,144.87209,-37.74638,MOONEE VALLEY,METROPOLITAN NORTH WEST REGION,2,1,0,0,1,1,1,1,1,0,1,0,0,0,0,0,0,0,0,0,No,0,2,0,1,0,0,MELB_URBAN,MELB_URBAN,MOONEE VALLEY,METROPOLITAN NORTH WEST REGION,2014,7,July,KEILOR EAST
144.6531595352421,-37.88907267934297,3415294,24/7/2014,15.20.00,No,No collision and no object struck,Thursday,OUT OF CONTROL ON CARRIAGEWAY (ON STRAIGHT),Day,144.65316,-37.889070000000004,WYNDHAM,METROPOLITAN NORTH WEST REGION,2,1,0,0,1,1,2,0,1,0,1,0,0,0,0,0,0,0,0,0,No,0,2,0,1,0,0,MELB_URBAN,MELB_URBAN,WYNDHAM,METROPOLITAN NORTH WEST REGION,2014,7,July,WERRIBEE
145.05979967611137,-37.804391733047275,3415298,24/7/2014,17.30.00,No,Collision with vehicle,Thursday,VEHICLE OFF FOOTPATH STRIKES VEH ON CARRIAGEWAY,Dusk/Dawn,145.0598,-37.804390000000005,BOROONDARA,METROPOLITAN SOUTH EAST REGION,2,1,0,0,1,1,0,2,1,0,1,0,0,0,0,0,0,0,1,0,No,0,2,0,1,0,0,MELB_URBAN,MELB_URBAN,BOROONDARA,METROPOLITAN SOUTH EAST REGION,2014,7,July,KEW
144.9927167678949,-37.85528961664213,3415304,24/7/2014,17.20.00,No,Collision with vehicle,Thursday,LEAVING PARKING,Dark Street lights on,144.99272,-37.855290000000004,STONNINGTON,METROPOLITAN SOUTH EAST REGION,2,1,0,0,1,1,0,2,1,0,1,0,0,0,0,0,0,0,0,0,No,0,2,0,1,0,0,MELB_URBAN,MELB_URBAN,STONNINGTON,METROPOLITAN SOUTH EAST REGION,2014,7,July,WINDSOR
144.95823119881032,-37.68955385672575,3415313,3/7/2014,07.00.00,No,Collision with vehicle,Thursday,LANE CHANGE LEFT (NOT OVERTAKING),Dusk/Dawn,144.95823000000001,-37.68955,HUME,METROPOLITAN NORTH WEST REGION,2,1,0,0,1,1,2,0,1,0,1,0,0,0,0,0,0,0,0,0,No,0,2,0,1,0,0,MELB_URBAN,MELB_URBAN,HUME,METROPOLITAN NORTH WEST REGION,2014,7,July,CAMPBELLFIELD
144.92396891825658,-37.71498930490439,3415318,5/7/2014,15.47.00,Yes,Collision with vehicle,Saturday,CROSS TRAFFIC(INTERSECTIONS ONLY),Day,144.92397,-37.71499,MORELAND,METROPOLITAN NORTH WEST REGION,2,1,0,0,1,1,1,1,1,0,1,0,0,0,0,0,0,0,0,0,No,0,2,0,1,0,0,MELB_URBAN,MELB_URBAN,MORELAND,METROPOLITAN NORTH WEST REGION,2014,7,July,OAK PARK
145.0312401876918,-37.822128978300455,3415319,13/7/2014,14.30.00,No,Collision with vehicle,Sunday,VEHICLE STRIKES DOOR OF PARKED/STATIONARY VEHICLE,Day,145.03124,-37.82213,BOROONDARA,METROPOLITAN SOUTH EAST REGION,2,1,0,0,1,1,1,1,1,0,1,0,0,0,0,0,0,0,0,0,No,0,2,0,1,0,0,MELB_URBAN,MELB_URBAN,BOROONDARA,METROPOLITAN SOUTH EAST REGION,2014,7,July,HAWTHORN
144.98405731475654,-37.80019971209336,3415338,19/7/2014,08.46.00,No,No collision and no object struck,Saturday,OUT OF CONTROL ON CARRIAGEWAY (ON STRAIGHT),Dusk/Dawn,144.98406,-37.8002,YARRA,METROPOLITAN NORTH WEST REGION,1,1,0,0,1,0,0,1,1,0,0,0,0,0,0,0,0,0,0,0,No,0,1,0,0,0,0,MELB_URBAN,MELB_URBAN,YARRA,METROPOLITAN NORTH WEST REGION,2014,7,July,COLLINGWOOD
144.956628902265,-37.81835682944453,3415346,14/4/2014,17.20.00,No,Collision with vehicle,Monday,REAR END(VEHICLES IN SAME LANE),Dusk/Dawn,144.95663000000002,-37.81836,MELBOURNE,METROPOLITAN NORTH WEST REGION,2,1,0,0,1,1,1,1,1,0,1,0,0,0,0,0,0,0,0,0,No,0,2,0,0,0,1,MELBOURNE_CBD,MELBOURNE_CBD,MELBOURNE,METROPOLITAN NORTH WEST REGION,2014,4,April,MELBOURNE
143.38359649777215,-37.43029964350336,3415361,4/7/2014,11.20.00,No,Collision with vehicle,Friday,VEHICLE STRIKES ANOTHER VEH WHILE EMERGING FROM DRIVEWAY,Day,143.3836,-37.4303,PYRENEES,WESTERN REGION,2,1,0,0,1,1,1,1,1,0,1,0,0,0,0,0,1,0,0,0,No,0,2,0,1,0,0,SMALL_TOWNS,SMALL_TOWNS,PYRENEES,WESTERN REGION,2014,7,July,BEAUFORT
144.66967260892847,-38.113747118494494,3415364,9/7/2014,08.45.00,No,Collision with vehicle,Wednesday,VEHICLE COLLIDES WITH VEHICLE PARKED ON LEFT OF ROAD,Dusk/Dawn,144.66967,-38.11375,GEELONG,SOUTH WESTERN REGION,1,1,0,1,0,0,1,0,1,0,0,0,0,0,0,0,0,0,0,0,No,0,2,0,0,0,0,TOWNS,TOWNS,GEELONG,SOUTH WESTERN REGION,2014,7,July,PORTARLINGTON
145.26363588290883,-37.830069718856784,3415365,10/4/2014,19.45.00,Yes,Collision with vehicle,Thursday,VEHICLE OFF FOOTPATH STRIKES VEH ON CARRIAGEWAY,Dark Street lights on,145.26363999999998,-37.83007,MAROONDAH,METROPOLITAN SOUTH EAST REGION,2,1,0,0,1,1,1,1,1,0,1,0,0,0,0,0,0,0,0,0,No,0,2,0,1,0,0,MELB_URBAN,MELB_URBAN,MAROONDAH,METROPOLITAN SOUTH EAST REGION,2014,4,April,HEATHMONT
144.9451841455089,-37.83199743584832,3415385,30/3/2014,13.30.00,No,Collision with vehicle,Sunday,OTHER SAME DIRECTION-MANOUEVRES NOT INCLUDED IN DCAs 130-137,Day,144.94518,-37.832,PORT PHILLIP,METROPOLITAN NORTH WEST REGION,3,1,0,1,0,2,1,1,2,0,0,0,0,0,1,0,0,0,0,0,No,0,3,0,0,0,0,MELB_URBAN,MELB_URBAN,PORT PHILLIP,METROPOLITAN NORTH WEST REGION,2014,3,March,PORT MELBOURNE
144.9615822854509,-37.816932490891034,3415390,12/7/2014,09.20.00,No,Collision with vehicle,Saturday,RIGHT THROUGH,Day,144.96158,-37.81693,MELBOURNE,METROPOLITAN NORTH WEST REGION,2,1,0,0,1,1,1,1,1,0,1,0,0,0,0,0,0,0,0,0,No,0,2,0,1,0,0,MELBOURNE_CBD,MELBOURNE_CBD,MELBOURNE,METROPOLITAN NORTH WEST REGION,2014,7,July,MELBOURNE
144.96805207875093,-37.802979049862586,3415393,18/7/2014,17.15.00,Yes,Collision with vehicle,Friday,LEFT NEAR (INTERSECTIONS ONLY),Dusk/Dawn,144.96805,-37.80298,MELBOURNE,METROPOLITAN NORTH WEST REGION,2,1,0,0,1,1,1,1,1,0,1,0,0,0,0,0,0,0,0,0,No,0,2,0,1,0,0,MELB_URBAN,MELB_URBAN,MELBOURNE,METROPOLITAN NORTH WEST REGION,2014,7,July,CARLTON
144.9711399947394,-37.7519899954693,3415401,24/7/2014,08.30.00,No,Collision with vehicle,Thursday,CROSS TRAFFIC(INTERSECTIONS ONLY),Dusk/Dawn,144.97114,-37.75199,MORELAND,METROPOLITAN NORTH WEST REGION,2,1,0,0,1,1,1,1,1,0,1,0,0,0,0,0,0,0,0,0,No,0,2,0,1,0,0,MELB_URBAN,MELB_URBAN,MORELAND,METROPOLITAN NORTH WEST REGION,2014,7,July,COBURG
145.5249945323526,-37.63894419021953,3415402,20/7/2014,13.00.00,No,No collision and no object struck,,OUT OF CONTROL ON CARRIAGEWAY (ON BEND),Day,145.52499,-37.638940000000005,YARRA RANGES,METROPOLITAN SOUTH EAST REGION,1,1,0,0,1,0,1,0,1,0,0,0,0,0,0,0,0,0,0,0,No,0,1,0,0,0,0,RURAL_VICTORIA,RURAL_VICTORIA,YARRA RANGES,METROPOLITAN SOUTH EAST REGION,2014,7,July,HEALESVILLE
145.12246787274913,-38.14038922405041,3415405,25/7/2014,10.55.00,No,Collision with vehicle,Friday,LEFT TURN SIDESWIPE,Day,145.12247,-38.140390000000004,FRANKSTON,METROPOLITAN SOUTH EAST REGION,2,1,0,1,0,1,1,1,1,0,1,0,0,0,0,0,0,0,0,0,No,0,2,0,1,0,0,MELB_URBAN,MELB_URBAN,FRANKSTON,METROPOLITAN SOUTH EAST REGION,2014,7,July,FRANKSTON
144.95776301763814,-37.814695051347385,3415410,4/7/2014,08.30.00,No,Collision with vehicle,Friday,CROSS TRAFFIC(INTERSECTIONS ONLY),Dusk/Dawn,144.95776,-37.8147,MELBOURNE,METROPOLITAN NORTH WEST REGION,2,1,0,0,1,1,1,1,1,0,1,0,0,0,0,0,0,0,0,0,No,0,2,0,1,0,0,MELBOURNE_CBD,MELBOURNE_CBD,MELBOURNE,METROPOLITAN NORTH WEST REGION,2014,7,July,MELBOURNE
145.03003087878218,-37.887925676060455,3415423,14/7/2014,09.40.00,No,Collision with vehicle,Monday,VEHICLE STRIKES DOOR OF PARKED/STATIONARY VEHICLE,Day,145.03003,-37.88793,GLEN EIRA,METROPOLITAN SOUTH EAST REGION,3,1,0,1,0,2,3,0,1,1,1,0,0,0,0,0,0,0,1,0,No,0,2,0,1,0,0,MELB_URBAN,MELB_URBAN,GLEN EIRA,METROPOLITAN SOUTH EAST REGION,2014,7,July,CAULFIELD SOUTH
142.15146922023,-34.19411295136916,3415430,10/7/2014,21.55.00,Yes,Collision with vehicle,Thursday,CROSS TRAFFIC(INTERSECTIONS ONLY),Dark Street lights on,142.15147,-34.194109999999995,MILDURA,WESTERN REGION,3,1,0,1,0,2,3,0,1,1,1,0,0,0,0,0,1,0,0,1,No,0,2,0,1,0,0,SMALL_CITIES,SMALL_CITIES,MILDURA,WESTERN REGION,2014,7,July,MILDURA
143.72583160177413,-37.05470061621666,3415435,10/8/2013,18.00.00,Yes,Collision with vehicle,Saturday,VEHICLE COLLIDES WITH VEHICLE PARKED ON LEFT OF ROAD,Dark Street lights unknown,143.72583,-37.0547,CENTRAL GOLDFIELDS,WESTERN REGION,1,1,0,1,0,0,1,0,1,0,0,0,0,0,0,0,1,0,0,0,No,0,2,0,1,0,0,TOWNS,TOWNS,CENTRAL GOLDFIELDS,WESTERN REGION,2013,8,August,MARYBOROUGH
146.30597778119798,-36.349736995311105,3415436,19/7/2014,17.31.00,Yes,Collision with vehicle,Saturday,RIGHT THROUGH,Dusk/Dawn,146.30598,-36.349740000000004,WANGARATTA,NORTH EASTERN REGION,2,1,0,0,1,1,2,0,1,0,1,0,0,0,0,0,1,0,0,0,No,0,2,0,1,0,0,SMALL_CITIES,SMALL_CITIES,WANGARATTA,NORTH EASTERN REGION,2014,7,July,WANGARATTA
144.9711833141549,-37.82576939285041,3415440,19/7/2014,19.30.00,Yes,Collision with vehicle,Saturday,VEHICLE STRIKES DOOR OF PARKED/STATIONARY VEHICLE,Dark Street lights on,144.97118,-37.82577,MELBOURNE,METROPOLITAN NORTH WEST REGION,2,1,0,0,1,1,0,2,1,0,1,0,0,0,0,0,0,0,0,0,No,0,2,0,1,0,0,MELB_URBAN,MELB_URBAN,MELBOURNE,METROPOLITAN NORTH WEST REGION,2014,7,July,SOUTHBANK
145.0696135143653,-37.75663787439049,3415450,25/7/2014,12.15.00,No,Collision with vehicle,Friday,VEHICLE OFF FOOTPATH STRIKES VEH ON CARRIAGEWAY,Day,145.06961,-37.756640000000004,BANYULE,METROPOLITAN NORTH WEST REGION,2,1,0,0,1,1,2,0,1,1,0,0,0,0,0,0,0,0,0,0,No,0,2,0,1,0,0,MELB_URBAN,MELB_URBAN,BANYULE,METROPOLITAN NORTH WEST REGION,2014,7,July,HEIDELBERG
144.97268801304196,-37.78465727992077,3415472,9/7/2014,18.10.00,Yes,Collision with vehicle,Wednesday,RIGHT THROUGH,Dusk/Dawn,144.97269,-37.784659999999995,YARRA,METROPOLITAN NORTH WEST REGION,2,1,0,0,1,1,2,0,1,0,1,0,0,0,0,0,0,0,0,0,No,0,2,0,1,0,0,MELB_URBAN,MELB_URBAN,YARRA,METROPOLITAN NORTH WEST REGION,2014,7,July,CARLTON NORTH
144.94743711433054,-37.82101409464352,3415495,18/7/2014,11.00.00,No,Collision with vehicle,Thursday,LEFT TURN SIDESWIPE,Day,144.94744,-37.82101,MELBOURNE,METROPOLITAN NORTH WEST REGION,2,1,0,0,1,1,1,1,1,0,1,0,0,0,0,0,0,0,0,0,No,0,2,0,1,0,0,MELB_URBAN,MELB_URBAN,MELBOURNE,METROPOLITAN NORTH WEST REGION,2014,7,July,DOCKLANDS