X,Y,OBJECTID,ACCIDENT_DATE,ACCIDENT_TIME,ALCOHOLTIME,ACCIDENT_TYPE,DAY_OF_WEEK,DCA_CODE,LIGHT_CONDITION,LONGITUDE,LATITUDE,LGA_NAME,REGION_NAME,TOTAL_PERSONS,INJ_OR_FATAL,FATALITY,SERIOUSINJURY,OTHERINJURY,NONINJURED,MALES,FEMALES,BICYCLIST,PASSENGER,DRIVER,PEDESTRIAN,PILLION,MOTORIST,UNKNOWN,PED_CYCLIST_5_12,PED_CYCLIST_13_18,OLD_PEDESTRIAN,OLD_DRIVER,YOUNG_DRIVER,ALCOHOL_RELATED,UNLICENCSED,NO_OF_VEHICLES,HEAVYVEHICLE,PASSENGERVEHICLE,MOTORCYCLE,PUBLICVEHICLE,DEG_URBAN_NAME,DEG_URBAN_ALL,LGA_NAME_ALL,REGION_NAME_ALL,Year,Month,Month_name,Suburb
145.0557353600368,-37.965199457587275,3418747,5/10/2014,09.50.00,Yes,Collision with vehicle,Sunday,VEHICLE STRIKES DOOR OF PARKED/STATIONARY VEHICLE,Day,145.05574,-37.9652,KINGSTON,METROPOLITAN SOUTH EAST REGION,3,1,0,0,1,2,3,0,1,1,1,0,0,0,0,0,0,0,0,0,No,0,2,0,1,0,0,MELB_URBAN,MELB_URBAN,KINGSTON,METROPOLITAN SOUTH EAST REGION,2014,10,October,CHELTENHAM
145.6294394169689,-38.58044819827996,3418749,5/10/2014,07.15.00,Yes,No collision and no object struck,Sunday,OUT OF CONTROL ON CARRIAGEWAY (ON STRAIGHT),Dusk/Dawn,145.62944,-38.58045,BASS COAST,EASTERN REGION,1,1,0,0,1,0,1,0,1,0,0,0,0,0,0,0,0,0,0,0,No,0,1,0,0,0,0,RURAL_VICTORIA,RURAL_VICTORIA,BASS COAST,"EASTERN REGION,EASTERN REGION",2014,10,October,ST CLAIR
145.023676427413,-37.8267589947176,3418756,10/10/2014,08.20.00,No,Collision with vehicle,Friday,RIGHT THROUGH,Day,145.02368,-37.82676,BOROONDARA,METROPOLITAN SOUTH EAST REGION,2,1,0,0,1,1,2,0,1,0,1,0,0,0,0,0,0,0,0,0,No,0,2,0,1,0,0,MELB_URBAN,MELB_URBAN,BOROONDARA,METROPOLITAN SOUTH EAST REGION,2014,10,October,HAWTHORN
145.28294727260212,-37.86235737805268,3418781,21/10/2014,08.50.00,No,Collision with vehicle,Tuesday,LEFT NEAR (INTERSECTIONS ONLY),Day,145.28295,-37.862359999999995,KNOX,METROPOLITAN SOUTH EAST REGION,2,1,0,1,0,1,1,1,1,0,1,0,0,0,0,0,0,0,0,0,No,0,2,0,1,0,0,MELB_URBAN,MELB_URBAN,KNOX,METROPOLITAN SOUTH EAST REGION,2014,10,October,BORONIA
144.96735886134374,-37.81728032151069,3418785,21/10/2014,08.40.00,No,No collision and no object struck,Tuesday,OUT OF CONTROL (OVERTAKING),Day,144.96736,-37.81728,MELBOURNE,METROPOLITAN NORTH WEST REGION,2,1,0,0,1,1,0,1,1,0,0,0,0,0,1,0,0,0,0,0,No,0,2,0,0,0,0,MELBOURNE_CBD,MELBOURNE_CBD,MELBOURNE,METROPOLITAN NORTH WEST REGION,2014,10,October,MELBOURNE
144.81395025510315,-37.87373614751306,3418803,5/10/2014,19.18.00,Yes,Collision with vehicle,Sunday,CROSS TRAFFIC(INTERSECTIONS ONLY),Dusk/Dawn,144.81395,-37.873740000000005,HOBSONS BAY,METROPOLITAN NORTH WEST REGION,2,1,0,1,0,1,2,0,1,0,1,0,0,0,0,0,0,0,0,0,No,0,2,0,1,0,0,MELB_URBAN,MELB_URBAN,HOBSONS BAY,METROPOLITAN NORTH WEST REGION,2014,10,October,ALTONA
144.99286310636262,-37.877047963829455,3418807,7/10/2014,10.10.00,No,Collision with vehicle,Tuesday,LEFT NEAR (INTERSECTIONS ONLY),Day,144.99286,-37.87705,PORT PHILLIP,METROPOLITAN NORTH WEST REGION,2,1,0,0,1,1,2,0,1,0,1,0,0,0,0,0,0,0,0,1,No,0,2,0,1,0,0,MELB_URBAN,MELB_URBAN,PORT PHILLIP,METROPOLITAN NORTH WEST REGION,2014,10,October,RIPPONLEA
144.99384820299983,-37.848649817384796,3418815,9/10/2014,20.15.00,Yes,Collision with vehicle,Wednesday,VEHICLE STRIKES DOOR OF PARKED/STATIONARY VEHICLE,Dark Street lights on,144.99385,-37.84865,STONNINGTON,METROPOLITAN SOUTH EAST REGION,3,1,0,0,1,2,2,0,1,0,2,0,0,0,0,0,0,0,0,1,No,0,3,0,2,0,0,MELB_URBAN,MELB_URBAN,STONNINGTON,METROPOLITAN SOUTH EAST REGION,2014,10,October,PRAHRAN
144.97138662407747,-37.831000163673295,3418821,8/9/2014,19.00.00,Yes,Collision with vehicle,Monday,VEHICLE STRIKES DOOR OF PARKED/STATIONARY VEHICLE,Dark Street lights on,144.97138999999999,-37.830999999999996,MELBOURNE,METROPOLITAN NORTH WEST REGION,2,1,0,1,0,1,2,0,1,0,1,0,0,0,0,0,0,0,0,0,No,0,2,0,1,0,0,MELB_URBAN,MELB_URBAN,"PORT PHILLIP,MELBOURNE",METROPOLITAN NORTH WEST REGION,2014,9,September,MELBOURNE
144.96473350330655,-37.804728157540396,3418834,21/10/2014,08.50.00,No,Collision with vehicle,Tuesday,ENTERING PARKING,Day,144.96473,-37.80473,MELBOURNE,METROPOLITAN NORTH WEST REGION,3,2,0,0,2,1,1,1,1,1,1,0,0,0,0,0,0,0,0,0,No,0,2,0,1,0,0,MELB_URBAN,MELB_URBAN,MELBOURNE,METROPOLITAN NORTH WEST REGION,2014,10,October,CARLTON
144.99255477802097,-37.85613058025085,3418838,15/10/2014,17.00.00,No,Collision with vehicle,Wednesday,VEHICLE STRIKES DOOR OF PARKED/STATIONARY VEHICLE,Dusk/Dawn,144.99255,-37.85613,STONNINGTON,METROPOLITAN SOUTH EAST REGION,2,1,0,0,1,1,1,0,1,0,0,0,0,0,1,0,0,0,0,0,No,0,2,0,0,0,0,MELB_URBAN,MELB_URBAN,STONNINGTON,METROPOLITAN SOUTH EAST REGION,2014,10,October,WINDSOR
145.02749069119932,-37.85638664405537,3418842,21/10/2014,13.20.00,No,Collision with vehicle,Monday,VEHICLE STRIKES DOOR OF PARKED/STATIONARY VEHICLE,Day,145.02749,-37.856390000000005,STONNINGTON,METROPOLITAN SOUTH EAST REGION,2,1,0,0,1,1,2,0,1,0,1,0,0,0,0,0,0,0,0,0,No,0,2,0,1,0,0,MELB_URBAN,MELB_URBAN,STONNINGTON,METROPOLITAN SOUTH EAST REGION,2014,10,October,ARMADALE
144.9662885510099,-37.826999730333576,3418847,18/9/2014,15.45.00,No,Collision with vehicle,Thursday,VEHICLE STRIKES DOOR OF PARKED/STATIONARY VEHICLE,Day,144.96629,-37.827,MELBOURNE,METROPOLITAN NORTH WEST REGION,2,1,0,1,0,1,2,0,1,0,1,0,0,0,0,0,0,0,0,0,No,0,2,0,1,0,0,MELB_URBAN,MELB_URBAN,MELBOURNE,METROPOLITAN NORTH WEST REGION,2014,9,September,SOUTHBANK
144.94525159864781,-37.81492355379374,3418849,18/3/2014,06.40.00,No,Collision with vehicle,Tuesday,VEHICLE STRIKES DOOR OF PARKED/STATIONARY VEHICLE,Dusk/Dawn,144.94525,-37.81492,MELBOURNE,METROPOLITAN NORTH WEST REGION,2,1,0,1,0,1,2,0,1,0,1,0,0,0,0,0,0,0,0,0,No,0,2,0,0,0,0,MELB_URBAN,MELB_URBAN,MELBOURNE,METROPOLITAN NORTH WEST REGION,2014,3,March,DOCKLANDS
142.15386759882142,-34.192526338137945,3418853,18/9/2014,18.10.00,Yes,Collision with vehicle,Thursday,VEHICLE STRIKES ANOTHER VEH WHILE EMERGING FROM DRIVEWAY,Dusk/Dawn,142.15386999999998,-34.19253,MILDURA,WESTERN REGION,2,1,0,0,1,1,1,1,1,0,1,0,0,0,0,0,0,0,0,0,No,0,2,0,1,0,0,SMALL_CITIES,SMALL_CITIES,MILDURA,WESTERN REGION,2014,9,September,MILDURA
144.9671728225217,-37.82856502900649,3418887,12/9/2014,18.30.00,Yes,Collision with vehicle,Friday,CROSS TRAFFIC(INTERSECTIONS ONLY),Dark Street lights on,144.96716999999998,-37.82857,MELBOURNE,METROPOLITAN NORTH WEST REGION,2,1,0,0,1,1,1,1,1,0,1,0,0,0,0,0,0,0,0,0,No,0,2,0,1,0,0,MELB_URBAN,MELB_URBAN,MELBOURNE,METROPOLITAN NORTH WEST REGION,2014,9,September,SOUTHBANK
145.06618153098762,-37.89149017855708,3418889,11/9/2014,18.00.00,Yes,Collision with vehicle,Thursday,LANE SIDE SWIPE (VEHICLES IN PARALLEL LANES),Dusk/Dawn,145.06618,-37.891490000000005,GLEN EIRA,METROPOLITAN SOUTH EAST REGION,2,1,0,0,1,1,1,0,1,0,1,0,0,0,0,0,0,0,0,0,No,0,2,0,1,0,0,MELB_URBAN,MELB_URBAN,GLEN EIRA,METROPOLITAN SOUTH EAST REGION,2014,9,September,MURRUMBEENA
144.92432707659358,-37.76627143899731,3418892,12/9/2014,14.35.00,No,Collision with vehicle,Friday,LEFT TURN SIDESWIPE,Day,144.92433,-37.76627,MOONEE VALLEY,METROPOLITAN NORTH WEST REGION,2,1,0,0,1,1,2,0,1,0,1,0,0,0,0,0,0,0,0,0,No,0,2,0,1,0,0,MELB_URBAN,MELB_URBAN,MOONEE VALLEY,METROPOLITAN NORTH WEST REGION,2014,9,September,MOONEE PONDS
144.7402058646826,-36.14051112952776,3418901,18/8/2014,15.00.00,No,Collision with vehicle,Sunday,LANE SIDE SWIPE (VEHICLES IN PARALLEL LANES),Day,144.74021000000002,-36.14051,CAMPASPE,NORTHERN REGION,3,1,0,1,0,2,1,0,1,0,0,0,0,0,2,0,0,0,0,0,No,0,2,0,0,0,0,SMALL_CITIES,SMALL_CITIES,CAMPASPE,NORTHERN REGION,2014,8,August,ECHUCA
144.96885127155963,-37.69214763962953,3418914,10/9/2014,16.10.00,No,Vehicle overturned (no collision),Wednesday,OUT OF CONTROL ON CARRIAGEWAY (ON BEND),Day,144.96885,-37.69215,MORELAND,METROPOLITAN NORTH WEST REGION,1,1,0,1,0,0,1,0,1,0,0,0,0,0,0,0,0,0,0,0,No,0,1,0,0,0,0,MELB_URBAN,MELB_URBAN,MORELAND,METROPOLITAN NORTH WEST REGION,2014,9,September,FAWKNER
144.9714040401491,-37.81389882330173,3418928,1/10/2014,07.25.00,No,Collision with vehicle,Wednesday,VEHICLE STRIKES DOOR OF PARKED/STATIONARY VEHICLE,Dusk/Dawn,144.9714,-37.8139,MELBOURNE,METROPOLITAN NORTH WEST REGION,2,1,0,0,1,1,2,0,1,0,1,0,0,0,0,0,0,0,0,0,No,0,2,0,1,0,0,MELBOURNE_CBD,MELBOURNE_CBD,MELBOURNE,METROPOLITAN NORTH WEST REGION,2014,10,October,MELBOURNE
144.99648118753467,-37.85227675220377,3418931,1/10/2014,07.45.00,No,Collision with vehicle,Tuesday,RIGHT THROUGH,Dusk/Dawn,144.99648,-37.85228,STONNINGTON,METROPOLITAN SOUTH EAST REGION,2,2,0,1,1,0,1,1,1,0,1,0,0,0,0,0,0,0,0,0,No,0,2,0,1,0,0,MELB_URBAN,MELB_URBAN,STONNINGTON,METROPOLITAN SOUTH EAST REGION,2014,10,October,WINDSOR
144.88301259500557,-37.789035966567845,3418933,18/9/2014,17.20.00,No,Collision with vehicle,Thursday,RIGHT THROUGH,Unk.,144.88301,-37.78904,MARIBYRNONG,METROPOLITAN NORTH WEST REGION,2,1,0,0,1,1,2,0,1,0,1,0,0,0,0,0,0,0,0,0,No,0,2,0,1,0,0,MELB_URBAN,MELB_URBAN,MARIBYRNONG,METROPOLITAN NORTH WEST REGION,2014,9,September,MAIDSTONE
144.96270816759673,-37.81326853495773,3418940,12/9/2014,21.00.00,Yes,Collision with vehicle,Friday,CROSS TRAFFIC(INTERSECTIONS ONLY),Dark Street lights on,144.96271000000002,-37.81327,MELBOURNE,METROPOLITAN NORTH WEST REGION,2,1,0,1,0,1,2,0,1,0,1,0,0,0,0,0,0,0,0,1,No,0,2,0,1,0,0,MELBOURNE_CBD,MELBOURNE_CBD,MELBOURNE,METROPOLITAN NORTH WEST REGION,2014,9,September,MELBOURNE
144.98239503521475,-37.80630544218953,3418965,23/9/2014,17.30.00,No,Collision with vehicle,Tuesday,ENTERING PARKING,Dusk/Dawn,144.9824,-37.806309999999996,YARRA,METROPOLITAN NORTH WEST REGION,2,1,0,0,1,1,2,0,1,0,1,0,0,0,0,0,0,0,0,1,No,0,2,0,1,0,0,MELB_URBAN,MELB_URBAN,YARRA,METROPOLITAN NORTH WEST REGION,2014,9,September,FITZROY
144.95503438007003,-37.79965240611463,3418974,1/10/2014,08.20.00,No,Collision with vehicle,Wednesday,RIGHT THROUGH,Day,144.95503,-37.79965,MELBOURNE,METROPOLITAN NORTH WEST REGION,2,1,0,1,0,1,2,0,1,0,1,0,0,0,0,0,0,0,0,0,No,0,2,0,0,0,0,MELB_URBAN,MELB_URBAN,MELBOURNE,METROPOLITAN NORTH WEST REGION,2014,10,October,NORTH MELBOURNE
144.95954848959195,-37.83078670815973,3418981,1/10/2014,08.35.00,No,Collision with vehicle,Wednesday,RIGHT THROUGH,Day,144.95955,-37.83079,PORT PHILLIP,METROPOLITAN NORTH WEST REGION,2,1,0,1,0,1,2,0,1,0,1,0,0,0,0,0,0,0,0,0,No,0,2,0,0,0,1,MELB_URBAN,MELB_URBAN,PORT PHILLIP,METROPOLITAN NORTH WEST REGION,2014,10,October,SOUTH MELBOURNE
144.960349361889,-37.84117953240551,3418983,1/10/2014,07.15.00,No,Collision with vehicle,Wednesday,VEHICLE STRIKES ANOTHER VEH WHILE EMERGING FROM DRIVEWAY,Dusk/Dawn,144.96035,-37.84118,PORT PHILLIP,METROPOLITAN NORTH WEST REGION,2,1,0,0,1,1,2,0,1,0,1,0,0,0,0,0,0,0,0,0,No,0,2,0,1,0,0,MELB_URBAN,MELB_URBAN,PORT PHILLIP,METROPOLITAN NORTH WEST REGION,2014,10,October,ALBERT PARK
144.97110675745282,-37.7939956627687,3418989,13/9/2014,02.30.00,Yes,Collision with vehicle,Saturday,VEHICLE COLLIDES WITH VEHICLE PARKED ON LEFT OF ROAD,Dark Street lights unknown,144.97111,-37.794000000000004,MELBOURNE,METROPOLITAN NORTH WEST REGION,1,1,0,1,0,0,1,0,1,0,0,0,0,0,0,0,0,0,0,0,No,0,2,0,0,0,0,MELB_URBAN,MELB_URBAN,MELBOURNE,METROPOLITAN NORTH WEST REGION,2014,9,September,CARLTON
145.1137000050818,-38.04759000245761,3419001,16/9/2014,11.00.00,No,Collision with vehicle,Tuesday,RIGHT THROUGH,Day,145.1137,-38.04759,KINGSTON,METROPOLITAN SOUTH EAST REGION,2,1,0,0,1,1,2,0,1,0,1,0,0,0,0,0,0,0,0,0,No,0,2,0,1,0,0,MELB_URBAN,MELB_URBAN,KINGSTON,METROPOLITAN SOUTH EAST REGION,2014,9,September,CHELSEA
145.18088707268006,-37.798271778044025,3419019,25/9/2014,17.30.00,No,Collision with vehicle,Thursday,REAR END(VEHICLES IN SAME LANE),Dusk/Dawn,145.18088999999998,-37.79827,MANNINGHAM,METROPOLITAN SOUTH EAST REGION,2,1,0,1,0,1,1,1,1,0,1,0,0,0,0,0,0,0,0,0,No,0,2,0,1,0,0,MELB_URBAN,MELB_URBAN,MANNINGHAM,METROPOLITAN SOUTH EAST REGION,2014,9,September,DONVALE
145.03239999710618,-37.74097000012968,3419028,27/9/2014,16.45.00,Yes,Collision with vehicle,Friday,RIGHT THROUGH,Day,145.0324,-37.740970000000004,DAREBIN,METROPOLITAN NORTH WEST REGION,2,1,0,1,0,1,2,0,1,0,1,0,0,0,0,0,0,0,0,1,No,0,2,0,1,0,0,MELB_URBAN,MELB_URBAN,DAREBIN,METROPOLITAN NORTH WEST REGION,2014,9,September,PRESTON
144.99236340198058,-37.87625025028081,3419042,12/9/2014,14.00.00,No,No collision and no object struck,Friday,OUT OF CONTROL ON CARRIAGEWAY (ON STRAIGHT),Day,144.99236000000002,-37.87625,PORT PHILLIP,METROPOLITAN NORTH WEST REGION,2,1,0,0,1,1,1,0,1,0,0,0,0,0,1,0,0,0,0,0,No,0,2,0,0,0,0,MELB_URBAN,MELB_URBAN,PORT PHILLIP,METROPOLITAN NORTH WEST REGION,2014,9,September,RIPPONLEA
145.19140064098684,-37.63748594635194,3419054,20/9/2014,08.15.00,No,Collision with vehicle,Saturday,HEAD ON (NOT OVERTAKING),Day,145.1914,-37.63749,NILLUMBIK,METROPOLITAN NORTH WEST REGION,2,1,0,1,0,1,2,0,1,0,1,0,0,0,0,0,0,0,0,0,No,0,2,0,1,0,0,MELB_URBAN,MELB_URBAN,NILLUMBIK,METROPOLITAN NORTH WEST REGION,2014,9,September,HURSTBRIDGE
145.00049520679227,-37.94844073584585,3419062,20/9/2014,13.40.00,No,Collision with a fixed object,Saturday,OFF RIGHT BEND INTO OBJECT/PARKED VEHICLE,Day,145.0005,-37.948440000000005,BAYSIDE,METROPOLITAN SOUTH EAST REGION,1,1,0,1,0,0,1,0,1,0,0,0,0,0,0,0,0,0,0,0,No,0,1,0,0,0,0,MELB_URBAN,MELB_URBAN,BAYSIDE,METROPOLITAN SOUTH EAST REGION,2014,9,September,SANDRINGHAM
145.08581108031362,-37.692245085230816,3419071,26/9/2014,08.00.00,No,Collision with vehicle,Friday,CROSS TRAFFIC(INTERSECTIONS ONLY),Day,145.08581,-37.69225,BANYULE,METROPOLITAN NORTH WEST REGION,2,1,0,1,0,1,1,1,1,0,1,0,0,0,0,0,0,0,0,0,No,0,2,0,1,0,0,MELB_URBAN,MELB_URBAN,BANYULE,METROPOLITAN NORTH WEST REGION,2014,9,September,WATSONIA NORTH
144.79384537267117,-37.74354691946185,3419076,26/9/2014,10.05.00,No,Collision with vehicle,Friday,RIGHT FAR (INTERSECTIONS ONLY),Day,144.79385,-37.74355,BRIMBANK,METROPOLITAN NORTH WEST REGION,2,1,0,0,1,1,1,1,1,0,1,0,0,0,0,0,1,0,1,0,No,0,2,0,1,0,0,MELB_URBAN,MELB_URBAN,BRIMBANK,METROPOLITAN NORTH WEST REGION,2014,9,September,ST ALBANS
145.03977821558644,-37.71874183841526,3419082,1/10/2014,18.50.00,Yes,Collision with vehicle,Wednesday,VEHICLE OFF FOOTPATH STRIKES VEH ON CARRIAGEWAY,Dark Street lights on,145.03978,-37.718740000000004,DAREBIN,METROPOLITAN NORTH WEST REGION,2,1,0,0,1,1,0,2,1,0,1,0,0,0,0,0,0,0,0,0,No,0,2,0,1,0,0,MELB_URBAN,MELB_URBAN,DAREBIN,METROPOLITAN NORTH WEST REGION,2014,10,October,KINGSBURY
145.0097372774169,-37.94547946348523,3419087,1/10/2014,17.45.00,No,Collision with vehicle,Tuesday,RIGHT FAR (INTERSECTIONS ONLY),Dusk/Dawn,145.00974,-37.945479999999996,BAYSIDE,METROPOLITAN SOUTH EAST REGION,2,1,0,0,1,1,1,1,1,0,1,0,0,0,0,0,0,0,0,0,No,0,2,0,1,0,0,MELB_URBAN,MELB_URBAN,BAYSIDE,METROPOLITAN SOUTH EAST REGION,2014,10,October,HAMPTON
144.95894696914635,-37.69574030353944,3419088,1/10/2014,22.45.00,Yes,Collision with vehicle,Wednesday,VEHICLE STRIKES ANOTHER VEH WHILE EMERGING FROM DRIVEWAY,Dark Street lights on,144.95895,-37.69574,MORELAND,METROPOLITAN NORTH WEST REGION,3,1,0,0,1,2,3,0,1,1,1,0,0,0,0,0,0,0,0,0,No,1,2,0,1,0,0,MELB_URBAN,MELB_URBAN,MORELAND,METROPOLITAN NORTH WEST REGION,2014,10,October,FAWKNER
144.99443361204362,-37.84538046226936,3419092,5/9/2014,13.30.00,No,Collision with vehicle,Friday,VEHICLE STRIKES DOOR OF PARKED/STATIONARY VEHICLE,Day,144.99443,-37.84538,STONNINGTON,METROPOLITAN SOUTH EAST REGION,2,1,0,0,1,1,0,1,1,0,0,0,0,0,1,0,0,0,0,0,No,0,2,0,0,0,0,MELB_URBAN,MELB_URBAN,STONNINGTON,METROPOLITAN SOUTH EAST REGION,2014,9,September,SOUTH YARRA
144.90395581082603,-37.80755720373117,3419095,14/9/2014,08.40.00,Yes,Collision with vehicle,Sunday,VEHICLE STRIKES ANOTHER VEH WHILE EMERGING FROM DRIVEWAY,Day,144.90396,-37.807559999999995,MARIBYRNONG,METROPOLITAN NORTH WEST REGION,2,1,0,0,1,1,1,1,1,0,1,0,0,0,0,0,0,0,0,0,No,0,2,0,1,0,0,MELB_URBAN,MELB_URBAN,MARIBYRNONG,METROPOLITAN NORTH WEST REGION,2014,9,September,FOOTSCRAY
145.0856669556286,-37.60290071559045,3419098,14/9/2014,09.11.00,No,Collision with vehicle,,CROSS TRAFFIC(INTERSECTIONS ONLY),Day,145.08567,-37.6029,WHITTLESEA,METROPOLITAN NORTH WEST REGION,2,1,0,0,1,1,2,0,1,0,1,0,0,0,0,0,0,0,0,0,No,0,2,0,1,0,0,MELB_URBAN,MELB_URBAN,WHITTLESEA,METROPOLITAN NORTH WEST REGION,2014,9,September,MERNDA
145.02503835862308,-37.781875988918266,3419130,8/9/2014,15.00.00,No,Collision with vehicle,Monday,LEFT TURN SIDESWIPE,Day,145.02504,-37.78188,YARRA,METROPOLITAN NORTH WEST REGION,2,1,0,0,1,1,0,1,1,0,0,0,0,0,1,0,0,0,0,0,No,0,2,0,0,0,0,MELB_URBAN,MELB_URBAN,"YARRA,DAREBIN",METROPOLITAN NORTH WEST REGION,2014,9,September,ALPHINGTON
144.99367000118806,-37.846800000556605,3419135,26/8/2014,11.30.00,No,Vehicle overturned (no collision),Tuesday,OUT OF CONTROL ON CARRIAGEWAY (ON STRAIGHT),Day,144.99367,-37.8468,STONNINGTON,METROPOLITAN SOUTH EAST REGION,2,1,0,1,0,1,1,1,1,0,1,0,0,0,0,0,0,0,0,0,No,0,2,0,1,0,0,MELB_URBAN,MELB_URBAN,STONNINGTON,METROPOLITAN SOUTH EAST REGION,2014,8,August,SOUTH YARRA
145.01125943213603,-37.81158352503293,3419150,16/7/2014,08.00.00,No,Collision with vehicle,Wednesday,VEHICLE STRIKES ANOTHER VEH WHILE EMERGING FROM DRIVEWAY,Dusk/Dawn,145.01126000000002,-37.81158,YARRA,METROPOLITAN NORTH WEST REGION,2,1,0,0,1,1,1,0,1,0,1,0,0,0,0,0,0,0,0,0,No,0,2,0,1,0,0,MELB_URBAN,MELB_URBAN,YARRA,METROPOLITAN NORTH WEST REGION,2014,7,July,RICHMOND
144.97610007356292,-37.77632000776836,3419152,12/9/2014,08.30.00,No,No collision and no object struck,Friday,OUT OF CONTROL ON CARRIAGEWAY (ON STRAIGHT),Day,144.9761,-37.77632,MORELAND,METROPOLITAN NORTH WEST REGION,2,1,0,0,1,1,1,1,1,0,1,0,0,0,0,0,0,0,0,0,No,0,2,0,1,0,0,MELB_URBAN,MELB_URBAN,MORELAND,METROPOLITAN NORTH WEST REGION,2014,9,September,BRUNSWICK EAST
144.25648821115715,-36.77419846195619,3419162,20/9/2014,13.30.00,No,Collision with vehicle,Saturday,VEHICLE STRIKES DOOR OF PARKED/STATIONARY VEHICLE,Day,144.25648999999999,-36.7742,BENDIGO,NORTHERN REGION,2,1,0,0,1,1,2,0,1,0,1,0,0,0,0,0,0,0,0,0,No,0,2,0,1,0,0,LARGE_PROVINCIAL_CITIES,LARGE_PROVINCIAL_CITIES,BENDIGO,NORTHERN REGION,2014,9,September,GOLDEN SQUARE
144.98283689872022,-37.78447831860054,3419173,24/9/2014,21.45.00,Yes,Collision with vehicle,Wednesday,RIGHT REAR.,Dark Street lights on,144.98283999999998,-37.78448,YARRA,METROPOLITAN NORTH WEST REGION,2,1,0,0,1,1,2,0,1,0,1,0,0,0,0,0,0,0,0,0,No,0,2,0,1,0,0,MELB_URBAN,MELB_URBAN,YARRA,METROPOLITAN NORTH WEST REGION,2014,9,September,FITZROY NORTH
144.56819111996774,-37.6843054524406,3419179,26/9/2014,22.44.00,Yes,Collision with vehicle,Friday,RIGHT/RIGHT BOTH VEHs FROM OPPOSITE DIRECTIONS TURNING RIGHT,Dark Street lights unknown,144.56819,-37.684309999999996,MELTON,METROPOLITAN NORTH WEST REGION,2,1,0,0,1,1,2,0,1,0,1,0,0,0,0,0,0,0,0,0,No,0,2,0,1,0,0,SMALL_CITIES,SMALL_CITIES,MELTON,METROPOLITAN NORTH WEST REGION,2014,9,September,MELTON
144.99431209952732,-37.87955916127145,3419185,2/9/2014,17.45.00,No,Collision with vehicle,Tuesday,LEFT TURN SIDESWIPE,Dusk/Dawn,144.99431,-37.87956,PORT PHILLIP,METROPOLITAN NORTH WEST REGION,2,1,0,0,1,1,2,0,1,0,1,0,0,0,0,0,0,0,0,0,No,0,2,0,1,0,0,MELB_URBAN,MELB_URBAN,PORT PHILLIP,METROPOLITAN NORTH WEST REGION,2014,9,September,ELWOOD
144.61978594182838,-37.47400980254703,3419207,21/9/2014,11.50.00,No,Collision with vehicle,Sunday,TWO RIGHT TURNING (INTERSECTIONS ONLY),Day,144.61979,-37.47401,MACEDON RANGES,NORTHERN REGION,2,1,0,0,1,1,2,0,1,0,1,0,0,0,0,0,0,0,1,0,No,0,2,0,1,0,0,RURAL_VICTORIA,RURAL_VICTORIA,MACEDON RANGES,NORTHERN REGION,2014,9,September,NEW GISBORNE
145.05693119731387,-37.98738837609661,3419220,26/9/2014,19.25.00,Yes,Collision with vehicle,Friday,REAR END(VEHICLES IN SAME LANE),Dark Street lights on,145.05693,-37.987390000000005,KINGSTON,METROPOLITAN SOUTH EAST REGION,2,2,0,1,1,0,2,0,1,0,1,0,0,0,0,0,0,0,0,0,No,0,3,0,2,0,0,MELB_URBAN,MELB_URBAN,KINGSTON,METROPOLITAN SOUTH EAST REGION,2014,9,September,MENTONE
144.92130864504395,-37.78745856608789,3419221,26/9/2014,22.25.00,Yes,Collision with vehicle,Friday,RIGHT FAR (INTERSECTIONS ONLY),Dark Street lights on,144.92131,-37.787459999999996,MELBOURNE,METROPOLITAN NORTH WEST REGION,2,1,0,0,1,1,1,1,1,0,1,0,0,0,0,0,0,0,0,0,No,0,2,0,1,0,0,MELB_URBAN,MELB_URBAN,"MOONEE VALLEY,MELBOURNE",METROPOLITAN NORTH WEST REGION,2014,9,September,FLEMINGTON
144.8935284776217,-38.358856519373454,3419232,27/9/2014,11.00.00,No,Collision with vehicle,Friday,VEHICLE STRIKES ANOTHER VEH WHILE EMERGING FROM DRIVEWAY,Day,144.89353,-38.35886,MORNINGTON PENINSULA,METROPOLITAN SOUTH EAST REGION,4,1,0,0,1,3,2,1,1,1,1,0,0,0,1,0,0,0,0,1,No,0,3,0,1,0,0,MELB_URBAN,MELB_URBAN,MORNINGTON PENINSULA,METROPOLITAN SOUTH EAST REGION,2014,9,September,ROSEBUD
144.97223536986212,-37.73724666738185,3419243,8/9/2014,22.42.00,Yes,Collision with vehicle,Monday,VEHICLE COLLIDES WITH VEHICLE PARKED ON LEFT OF ROAD,Dark Street lights on,144.97224,-37.73725,MORELAND,METROPOLITAN NORTH WEST REGION,1,1,0,1,0,0,1,0,1,0,0,0,0,0,0,0,0,0,0,0,Yes,0,2,0,1,0,0,MELB_URBAN,MELB_URBAN,MORELAND,METROPOLITAN NORTH WEST REGION,2014,9,September,COBURG