X,Y,OBJECTID,ACCIDENT_DATE,ACCIDENT_TIME,ALCOHOLTIME,ACCIDENT_TYPE,DAY_OF_WEEK,DCA_CODE,LIGHT_CONDITION,LONGITUDE,LATITUDE,LGA_NAME,REGION_NAME,TOTAL_PERSONS,INJ_OR_FATAL,FATALITY,SERIOUSINJURY,OTHERINJURY,NONINJURED,MALES,FEMALES,BICYCLIST,PASSENGER,DRIVER,PEDESTRIAN,PILLION,MOTORIST,UNKNOWN,PED_CYCLIST_5_12,PED_CYCLIST_13_18,OLD_PEDESTRIAN,OLD_DRIVER,YOUNG_DRIVER,ALCOHOL_RELATED,UNLICENCSED,NO_OF_VEHICLES,HEAVYVEHICLE,PASSENGERVEHICLE,MOTORCYCLE,PUBLICVEHICLE,DEG_URBAN_NAME,DEG_URBAN_ALL,LGA_NAME_ALL,REGION_NAME_ALL,Year,Month,Month_name,Suburb
146.5353546224984,-38.196014515446905,3419249,15/9/2014,09.45.00,No,Collision with vehicle,Monday,CROSS TRAFFIC(INTERSECTIONS ONLY),Day,146.53535,-38.19601,LATROBE,EASTERN REGION,2,1,0,0,1,1,0,1,1,0,0,0,0,0,1,0,0,0,0,0,No,0,2,0,0,0,0,SMALL_CITIES,SMALL_CITIES,LATROBE,"EASTERN REGION,EASTERN REGION",2014,9,September,TRARALGON
145.11815466004063,-37.90871538631324,3419255,15/9/2014,12.00.00,No,Collision with vehicle,Monday,VEHICLE STRIKES DOOR OF PARKED/STATIONARY VEHICLE,Day,145.11815,-37.90872,MONASH,METROPOLITAN SOUTH EAST REGION,2,1,0,1,0,1,1,1,1,0,1,0,0,0,0,0,0,0,0,0,No,0,2,0,1,0,0,MELB_URBAN,MELB_URBAN,MONASH,METROPOLITAN SOUTH EAST REGION,2014,9,September,OAKLEIGH EAST
145.11836988539432,-38.058340026145295,3419272,27/9/2014,11.45.00,No,No collision and no object struck,Saturday,OUT OF CONTROL ON CARRIAGEWAY (ON STRAIGHT),Day,145.11837,-38.05834,KINGSTON,METROPOLITAN SOUTH EAST REGION,2,1,0,0,1,1,1,1,1,0,1,0,0,0,0,0,0,0,0,0,No,0,2,0,1,0,0,MELB_URBAN,MELB_URBAN,KINGSTON,METROPOLITAN SOUTH EAST REGION,2014,9,September,CHELSEA
144.9932527346655,-37.798120257913205,3419275,13/9/2014,12.15.00,No,Collision with vehicle,Saturday,VEHICLE STRIKES ANOTHER VEH WHILE EMERGING FROM DRIVEWAY,Day,144.99325,-37.798120000000004,YARRA,METROPOLITAN NORTH WEST REGION,2,1,0,0,1,1,1,1,1,0,1,0,0,0,0,0,0,0,0,0,No,0,2,0,1,0,0,MELB_URBAN,MELB_URBAN,YARRA,METROPOLITAN NORTH WEST REGION,2014,9,September,COLLINGWOOD
145.0016194891958,-38.275756294078434,3419281,27/9/2014,10.45.00,No,Collision with vehicle,Saturday,CUTTING IN (OVERTAKING),Day,145.00162,-38.27576,MORNINGTON PENINSULA,METROPOLITAN SOUTH EAST REGION,2,1,0,0,1,1,1,1,1,0,1,0,0,0,0,0,0,0,1,0,No,0,2,0,1,0,0,MELB_URBAN,MELB_URBAN,MORNINGTON PENINSULA,METROPOLITAN SOUTH EAST REGION,2014,9,September,MOUNT MARTHA
144.9973803575011,-37.84730833422653,3419285,29/8/2014,19.30.00,Yes,Collision with vehicle,Friday,LEAVING PARKING,Dark Street lights on,144.99738,-37.84731,STONNINGTON,METROPOLITAN SOUTH EAST REGION,2,1,0,0,1,1,1,0,1,0,0,0,0,0,1,0,0,0,0,0,No,0,2,0,0,0,0,MELB_URBAN,MELB_URBAN,STONNINGTON,METROPOLITAN SOUTH EAST REGION,2014,8,August,PRAHRAN
145.0063907853704,-37.75283234381289,3419300,15/9/2014,10.00.00,No,Collision with vehicle,Monday,CROSS TRAFFIC(INTERSECTIONS ONLY),Day,145.00638999999998,-37.752829999999996,DAREBIN,METROPOLITAN NORTH WEST REGION,2,1,0,1,0,1,1,1,1,0,1,0,0,0,0,0,0,0,0,0,No,0,2,0,1,0,0,MELB_URBAN,MELB_URBAN,DAREBIN,METROPOLITAN NORTH WEST REGION,2014,9,September,PRESTON
144.95607133808096,-37.80492883653362,3419319,22/9/2014,13.30.00,No,Collision with vehicle,Sunday,RIGHT NEAR (INTERSECTIONS ONLY),Day,144.95606999999998,-37.80493,MELBOURNE,METROPOLITAN NORTH WEST REGION,2,1,0,1,0,1,2,0,1,0,1,0,0,0,0,0,0,0,0,0,No,0,2,0,1,0,0,MELB_URBAN,MELB_URBAN,MELBOURNE,METROPOLITAN NORTH WEST REGION,2014,9,September,NORTH MELBOURNE
144.9926503593956,-37.80184105868469,3419325,8/9/2014,13.00.00,No,Collision with vehicle,Monday,VEHICLE STRIKES DOOR OF PARKED/STATIONARY VEHICLE,Day,144.99265,-37.801840000000006,YARRA,METROPOLITAN NORTH WEST REGION,2,1,0,0,1,1,1,1,1,0,1,0,0,0,0,0,0,0,0,0,No,0,2,0,1,0,0,MELB_URBAN,MELB_URBAN,YARRA,METROPOLITAN NORTH WEST REGION,2014,9,September,COLLINGWOOD
143.8223361027849,-37.55187165354332,3419337,24/6/2014,09.35.00,No,Vehicle overturned (no collision),Tuesday,OUT OF CONTROL ON CARRIAGEWAY (ON BEND),Day,143.82234,-37.55187,BALLARAT,WESTERN REGION,2,1,0,1,0,1,1,0,1,0,0,0,0,0,1,0,0,0,0,0,No,0,2,0,0,0,0,LARGE_PROVINCIAL_CITIES,LARGE_PROVINCIAL_CITIES,BALLARAT,WESTERN REGION,2014,6,June,LAKE WENDOUREE
142.2023214414367,-36.716641691898964,3419361,16/9/2014,08.50.00,No,Collision with vehicle,Tuesday,RIGHT THROUGH,Day,142.20232,-36.716640000000005,HORSHAM,WESTERN REGION,3,1,0,0,1,2,2,1,1,1,1,0,0,0,0,0,0,0,1,0,No,0,2,0,1,0,0,SMALL_CITIES,SMALL_CITIES,HORSHAM,WESTERN REGION,2014,9,September,HORSHAM
144.24236728558975,-36.802644623783024,3419382,18/9/2014,17.50.00,No,Collision with vehicle,Thursday,LEFT REAR,Dusk/Dawn,144.24237,-36.802640000000004,BENDIGO,NORTHERN REGION,2,1,0,0,1,1,1,1,1,0,1,0,0,0,0,0,0,0,0,0,No,0,2,0,1,0,0,LARGE_PROVINCIAL_CITIES,LARGE_PROVINCIAL_CITIES,BENDIGO,NORTHERN REGION,2014,9,September,KANGAROO FLAT
144.97873634444932,-37.79674615307272,3419399,30/7/2014,08.45.00,No,Collision with vehicle,Wednesday,LEFT TURN SIDESWIPE,Dusk/Dawn,144.97874,-37.79675,YARRA,METROPOLITAN NORTH WEST REGION,2,1,0,0,1,1,0,2,1,0,1,0,0,0,0,0,0,0,0,0,No,0,2,0,1,0,0,MELB_URBAN,MELB_URBAN,YARRA,METROPOLITAN NORTH WEST REGION,2014,7,July,FITZROY
144.36188108522683,-38.153387630109,3419400,4/9/2014,07.40.00,No,No collision and no object struck,Thursday,OFF CARRIAGEWAY TO LEFT,Dusk/Dawn,144.36188,-38.15339,GEELONG,SOUTH WESTERN REGION,2,1,0,0,1,1,1,1,1,0,0,0,0,0,1,0,0,0,0,0,No,0,2,0,0,0,0,LARGE_PROVINCIAL_CITIES,LARGE_PROVINCIAL_CITIES,GEELONG,SOUTH WESTERN REGION,2014,9,September,GEELONG
145.01624024603242,-37.975429969968154,3419414,15/9/2014,09.05.00,No,Collision with vehicle,Monday,RIGHT TURN SIDESWIPE,Day,145.01623999999998,-37.975429999999996,BAYSIDE,METROPOLITAN SOUTH EAST REGION,2,1,0,0,1,1,1,1,1,0,1,0,0,0,0,0,0,0,0,0,No,0,2,0,1,0,0,MELB_URBAN,MELB_URBAN,BAYSIDE,METROPOLITAN SOUTH EAST REGION,2014,9,September,BLACK ROCK
144.62322070621974,-37.90107652028533,3419415,23/9/2014,07.30.00,No,Collision with vehicle,Monday,LANE SIDE SWIPE (VEHICLES IN PARALLEL LANES),Dusk/Dawn,144.62322,-37.90108,WYNDHAM,METROPOLITAN NORTH WEST REGION,2,1,0,0,1,1,2,0,1,0,1,0,0,0,0,0,0,0,0,0,No,0,2,0,1,0,0,MELB_URBAN,"RURAL_VICTORIA,MELB_URBAN",WYNDHAM,METROPOLITAN NORTH WEST REGION,2014,9,September,WERRIBEE
145.31029932591366,-37.654068347158436,3419421,23/9/2014,09.25.00,No,Collision with vehicle,Tuesday,CUTTING IN (OVERTAKING),Day,145.3103,-37.654070000000004,NILLUMBIK,METROPOLITAN NORTH WEST REGION,2,1,0,1,0,1,2,0,1,0,1,0,0,0,0,0,0,0,1,0,No,0,2,0,1,0,0,RURAL_VICTORIA,RURAL_VICTORIA,NILLUMBIK,METROPOLITAN NORTH WEST REGION,2014,9,September,CHRISTMAS HILLS
145.3282795353868,-37.886380638083615,3419429,28/9/2014,08.20.00,Yes,Collision with vehicle,Sunday,RIGHT NEAR (INTERSECTIONS ONLY),Day,145.32828,-37.886379999999996,YARRA RANGES,METROPOLITAN SOUTH EAST REGION,2,1,0,0,1,1,2,0,1,0,1,0,0,0,0,0,0,0,0,0,No,0,2,0,1,0,0,MELB_URBAN,MELB_URBAN,YARRA RANGES,METROPOLITAN SOUTH EAST REGION,2014,9,September,TREMONT
145.04323232938341,-37.76620026669916,3419430,28/9/2014,11.20.00,No,Collision with vehicle,Sunday,REAR END(VEHICLES IN SAME LANE),Day,145.04323,-37.7662,BANYULE,METROPOLITAN NORTH WEST REGION,3,1,0,0,1,2,3,0,1,0,2,0,0,0,0,0,0,0,0,0,No,0,3,0,2,0,0,MELB_URBAN,MELB_URBAN,BANYULE,METROPOLITAN NORTH WEST REGION,2014,9,September,IVANHOE
144.98088686123975,-37.85025008190285,3419435,28/9/2014,08.00.00,Yes,No collision and no object struck,Sunday,OUT OF CONTROL ON CARRIAGEWAY (ON STRAIGHT),Day,144.98089,-37.85025,MELBOURNE,METROPOLITAN NORTH WEST REGION,2,1,0,0,1,1,1,1,1,0,1,0,0,0,0,0,0,0,0,0,No,0,2,0,1,0,0,MELB_URBAN,MELB_URBAN,"PORT PHILLIP,MELBOURNE",METROPOLITAN NORTH WEST REGION,2014,9,September,MELBOURNE
144.74923146626273,-37.822770121375534,3419438,29/9/2014,04.34.00,Yes,Collision with vehicle,Monday,LANE SIDE SWIPE (VEHICLES IN PARALLEL LANES),Dark No street lights,144.74923,-37.82277,WYNDHAM,METROPOLITAN NORTH WEST REGION,2,1,0,1,0,1,2,0,1,0,1,0,0,0,0,0,0,0,0,0,No,0,2,0,1,0,0,RURAL_VICTORIA,RURAL_VICTORIA,WYNDHAM,METROPOLITAN NORTH WEST REGION,2014,9,September,TRUGANINA
144.98703278039204,-37.80102138564385,3419446,10/9/2014,14.17.00,No,Collision with vehicle,Wednesday,LEFT NEAR (INTERSECTIONS ONLY),Day,144.98703,-37.80102,YARRA,METROPOLITAN NORTH WEST REGION,2,1,0,0,1,1,2,0,1,0,1,0,0,0,0,0,0,0,0,0,No,0,2,0,1,0,0,MELB_URBAN,MELB_URBAN,YARRA,METROPOLITAN NORTH WEST REGION,2014,9,September,COLLINGWOOD
145.13891514273223,-38.10603573491786,3419459,14/8/2014,07.40.00,No,Collision with vehicle,Thursday,CROSS TRAFFIC(INTERSECTIONS ONLY),Dusk/Dawn,145.13891999999998,-38.10604,FRANKSTON,METROPOLITAN SOUTH EAST REGION,2,1,0,1,0,1,2,0,1,0,1,0,0,0,0,0,1,0,1,0,No,0,2,0,1,0,0,MELB_URBAN,MELB_URBAN,FRANKSTON,METROPOLITAN SOUTH EAST REGION,2014,8,August,SEAFORD
144.30786041884485,-36.72262948614595,3419469,23/9/2014,13.40.00,No,Collision with vehicle,Tuesday,LEFT FAR (INTERSECTIONS ONLY),Day,144.30786,-36.72263,BENDIGO,NORTHERN REGION,3,2,0,0,2,1,2,0,2,0,0,0,0,0,1,2,0,0,0,0,No,0,3,0,0,0,0,LARGE_PROVINCIAL_CITIES,LARGE_PROVINCIAL_CITIES,BENDIGO,NORTHERN REGION,2014,9,September,WHITE HILLS
144.95295322063646,-37.832022401417106,3419473,23/9/2014,16.00.00,No,Collision with vehicle,Tuesday,VEHICLE STRIKES DOOR OF PARKED/STATIONARY VEHICLE,Day,144.95295,-37.83202,PORT PHILLIP,METROPOLITAN NORTH WEST REGION,2,1,0,0,1,1,1,1,1,0,1,0,0,0,0,0,0,0,0,0,No,0,2,0,1,0,0,MELB_URBAN,MELB_URBAN,PORT PHILLIP,METROPOLITAN NORTH WEST REGION,2014,9,September,SOUTH MELBOURNE
147.0216601544525,-37.96159890786448,3419503,3/9/2014,13.45.00,No,No collision and no object struck,Wednesday,OUT OF CONTROL ON CARRIAGEWAY (ON BEND),Day,147.02166,-37.9616,WELLINGTON,EASTERN REGION,1,1,1,0,0,0,1,0,1,0,0,0,0,0,0,0,0,0,0,0,No,0,1,0,0,0,0,RURAL_VICTORIA,RURAL_VICTORIA,WELLINGTON,"EASTERN REGION,EASTERN REGION",2014,9,September,MAFFRA
145.00961066268852,-37.811435029573616,3419505,11/9/2014,12.38.00,No,Collision with vehicle,Thursday,REAR END(VEHICLES IN SAME LANE),Day,145.00961,-37.811440000000005,YARRA,METROPOLITAN NORTH WEST REGION,2,1,0,0,1,1,1,0,1,0,0,0,0,0,1,0,0,0,0,0,No,0,2,0,0,0,0,MELB_URBAN,MELB_URBAN,YARRA,METROPOLITAN NORTH WEST REGION,2014,9,September,ABBOTSFORD
144.9857845025559,-37.78104242751064,3419512,17/9/2014,08.16.00,No,Collision with vehicle,Wednesday,VEHICLE OFF FOOTPATH STRIKES VEH ON CARRIAGEWAY,Day,144.98578,-37.781040000000004,YARRA,METROPOLITAN NORTH WEST REGION,2,1,0,1,0,1,0,2,1,0,1,0,0,0,0,0,0,0,0,0,No,0,2,0,1,0,0,MELB_URBAN,MELB_URBAN,YARRA,METROPOLITAN NORTH WEST REGION,2014,9,September,FITZROY NORTH
145.02809678387413,-37.81248963477374,3419520,23/9/2014,17.23.00,No,Collision with vehicle,Tuesday,LANE CHANGE LEFT (NOT OVERTAKING),Dusk/Dawn,145.0281,-37.812490000000004,BOROONDARA,METROPOLITAN SOUTH EAST REGION,2,1,0,1,0,1,1,1,1,0,1,0,0,0,0,0,0,0,0,0,No,1,2,0,1,0,0,MELB_URBAN,MELB_URBAN,BOROONDARA,METROPOLITAN SOUTH EAST REGION,2014,9,September,KEW
144.96463303925938,-37.75258033558431,3419524,28/8/2014,06.55.00,No,Collision with vehicle,Thursday,VEHICLE STRIKES DOOR OF PARKED/STATIONARY VEHICLE,Dark Street lights on,144.96463,-37.75258,MORELAND,METROPOLITAN NORTH WEST REGION,2,1,0,0,1,1,2,0,1,0,1,0,0,0,0,0,0,0,0,0,No,0,2,0,1,0,0,MELB_URBAN,MELB_URBAN,MORELAND,METROPOLITAN NORTH WEST REGION,2014,8,August,COBURG
144.9791513436516,-37.852709703102434,3419541,26/9/2014,16.45.00,Yes,Collision with vehicle,Friday,VEHICLE STRIKES ANOTHER VEH WHILE EMERGING FROM DRIVEWAY,Day,144.97915,-37.852709999999995,PORT PHILLIP,METROPOLITAN NORTH WEST REGION,2,1,0,0,1,1,0,1,1,0,0,0,0,0,1,0,0,0,0,0,No,0,2,0,0,0,0,MELB_URBAN,MELB_URBAN,PORT PHILLIP,METROPOLITAN NORTH WEST REGION,2014,9,September,MELBOURNE
144.96987574674577,-37.75926695504583,3419548,5/9/2014,16.50.00,Yes,Collision with vehicle,Friday,CROSS TRAFFIC(INTERSECTIONS ONLY),Day,144.96988000000002,-37.75927,MORELAND,METROPOLITAN NORTH WEST REGION,2,1,0,0,1,1,0,2,1,0,1,0,0,0,0,0,0,0,0,0,No,0,2,0,1,0,0,MELB_URBAN,MELB_URBAN,MORELAND,METROPOLITAN NORTH WEST REGION,2014,9,September,BRUNSWICK
145.32205190398227,-37.89827781628906,3419564,17/9/2014,12.30.00,No,Collision with vehicle,Wednesday,CUTTING IN (OVERTAKING),Day,145.32205,-37.89828,KNOX,METROPOLITAN SOUTH EAST REGION,2,1,0,0,1,1,2,0,1,0,1,0,0,0,0,0,0,0,0,0,No,0,2,0,1,0,0,MELB_URBAN,MELB_URBAN,"YARRA RANGES,KNOX",METROPOLITAN SOUTH EAST REGION,2014,9,September,UPPER FERNTREE GULLY
144.58955956904214,-37.68279499859672,3419568,17/9/2014,14.20.00,No,Collision with vehicle,Wednesday,VEHICLE OFF FOOTPATH STRIKES VEH ON CARRIAGEWAY,Day,144.58956,-37.682790000000004,MELTON,METROPOLITAN NORTH WEST REGION,2,1,0,0,1,1,1,1,1,0,1,0,0,0,0,0,0,0,0,0,No,0,2,0,1,0,0,SMALL_CITIES,SMALL_CITIES,MELTON,METROPOLITAN NORTH WEST REGION,2014,9,September,MELTON
144.73233817048438,-37.85382869235417,3419576,15/9/2014,04.30.00,Yes,Collision with vehicle,Monday,RIGHT THROUGH,Dark No street lights,144.73234,-37.85383,WYNDHAM,METROPOLITAN NORTH WEST REGION,2,1,0,0,1,1,2,0,1,0,1,0,0,0,0,0,1,0,0,0,No,0,2,1,0,0,0,MELB_URBAN,MELB_URBAN,WYNDHAM,METROPOLITAN NORTH WEST REGION,2014,9,September,WILLIAMS LANDING
145.17914131866542,-37.703659262600006,3419580,23/9/2014,17.00.00,No,Collision with vehicle,Tuesday,RIGHT FAR (INTERSECTIONS ONLY),Dusk/Dawn,145.17914,-37.70366,NILLUMBIK,METROPOLITAN NORTH WEST REGION,2,1,0,0,1,1,2,0,1,0,1,0,0,0,0,0,0,0,1,0,No,0,2,0,1,0,0,MELB_URBAN,MELB_URBAN,NILLUMBIK,METROPOLITAN NORTH WEST REGION,2014,9,September,RESEARCH
144.86370413236725,-37.766230692630046,3419585,29/9/2014,18.47.00,Yes,Collision with vehicle,Monday,RIGHT THROUGH,Dark Street lights on,144.8637,-37.76623,MOONEE VALLEY,METROPOLITAN NORTH WEST REGION,2,2,0,0,2,0,1,1,1,0,1,0,0,0,0,0,1,0,0,0,No,0,2,0,1,0,0,MELB_URBAN,MELB_URBAN,MOONEE VALLEY,METROPOLITAN NORTH WEST REGION,2014,9,September,AVONDALE HEIGHTS
145.21608224959706,-37.992789720059754,3419587,29/9/2014,17.05.00,No,Collision with vehicle,Monday,VEHICLE OFF FOOTPATH STRIKES VEH ON CARRIAGEWAY,Day,145.21608,-37.99279,DANDENONG,METROPOLITAN SOUTH EAST REGION,2,1,0,0,1,1,1,1,1,0,1,0,0,0,0,0,0,0,0,0,No,0,2,0,1,0,0,MELB_URBAN,MELB_URBAN,DANDENONG,METROPOLITAN SOUTH EAST REGION,2014,9,September,DANDENONG
144.99539024104783,-37.840630024725975,3419590,29/9/2014,22.30.00,Yes,Collision with vehicle,Monday,U TURN,Dark Street lights on,144.99539,-37.84063,STONNINGTON,METROPOLITAN SOUTH EAST REGION,3,1,0,0,1,2,3,0,1,1,1,0,0,0,0,0,0,0,0,0,No,0,2,0,1,0,0,MELB_URBAN,MELB_URBAN,STONNINGTON,METROPOLITAN SOUTH EAST REGION,2014,9,September,SOUTH YARRA
144.9758619545403,-37.83636361927917,3419595,30/9/2014,09.00.00,No,Collision with vehicle,Tuesday,LEFT TURN SIDESWIPE,Day,144.97586,-37.83636,MELBOURNE,METROPOLITAN NORTH WEST REGION,2,1,0,1,0,1,1,1,1,0,1,0,0,0,0,0,0,0,0,0,No,0,2,0,1,0,0,MELB_URBAN,MELB_URBAN,MELBOURNE,METROPOLITAN NORTH WEST REGION,2014,9,September,MELBOURNE
145.0456215309351,-37.74620763934434,3419603,11/9/2014,20.05.00,Yes,Collision with vehicle,Wednesday,RIGHT/LEFT. ONE VEH TURNING RIGHT THE OTHER LEFT.,Dark Street lights unknown,145.04561999999999,-37.74621,BANYULE,METROPOLITAN NORTH WEST REGION,2,1,0,1,0,1,2,0,1,0,1,0,0,0,0,0,0,0,0,0,No,0,2,0,1,0,0,MELB_URBAN,MELB_URBAN,BANYULE,METROPOLITAN NORTH WEST REGION,2014,9,September,HEIDELBERG WEST
145.24920867912803,-38.00329915381844,3419605,11/9/2014,17.40.00,No,No collision and no object struck,Thursday,OUT OF CONTROL ON CARRIAGEWAY (ON STRAIGHT),Dusk/Dawn,145.24921,-38.0033,CASEY,METROPOLITAN SOUTH EAST REGION,2,1,0,0,1,1,1,0,1,0,0,0,0,0,1,0,0,0,0,0,No,0,2,0,0,0,0,MELB_URBAN,MELB_URBAN,"DANDENONG,CASEY",METROPOLITAN SOUTH EAST REGION,2014,9,September,EUMEMMERRING
145.00575677249898,-37.74544023283241,3419624,24/9/2014,11.10.00,No,Collision with vehicle,Tuesday,LANE CHANGE LEFT (NOT OVERTAKING),Day,145.00576,-37.74544,DAREBIN,METROPOLITAN NORTH WEST REGION,4,1,0,0,1,3,2,1,1,1,1,0,0,0,1,0,0,0,0,1,No,0,3,0,1,0,0,MELB_URBAN,MELB_URBAN,DAREBIN,METROPOLITAN NORTH WEST REGION,2014,9,September,PRESTON
144.99203888349055,-37.764313819127146,3419651,12/9/2014,08.22.00,No,Collision with vehicle,Friday,VEHICLE OFF FOOTPATH STRIKES VEH ON CARRIAGEWAY,Day,144.99204,-37.764309999999995,DAREBIN,METROPOLITAN NORTH WEST REGION,2,1,0,0,1,1,2,0,1,0,1,0,0,0,0,0,0,0,0,0,No,0,2,0,1,0,0,MELB_URBAN,MELB_URBAN,DAREBIN,METROPOLITAN NORTH WEST REGION,2014,9,September,NORTHCOTE
145.0021492609354,-37.86985338729794,3419656,12/9/2014,08.58.00,No,Collision with vehicle,Friday,LEFT TURN SIDESWIPE,Day,145.00215,-37.86985,GLEN EIRA,METROPOLITAN SOUTH EAST REGION,3,1,0,0,1,2,1,2,1,1,1,0,0,0,0,0,0,0,0,0,No,0,2,0,1,0,0,MELB_URBAN,MELB_URBAN,GLEN EIRA,METROPOLITAN SOUTH EAST REGION,2014,9,September,ST KILDA EAST
144.39131955036112,-38.02613246811676,3419675,20/11/2014,15.40.00,No,Collision with vehicle,Thursday,VEHICLE STRIKES ANOTHER VEH WHILE EMERGING FROM DRIVEWAY,Day,144.39132,-38.02613,GEELONG,SOUTH WESTERN REGION,2,1,0,0,1,1,0,2,1,0,1,0,0,0,0,0,1,0,0,0,No,0,2,0,1,0,0,SMALL_CITIES,SMALL_CITIES,GEELONG,SOUTH WESTERN REGION,2014,11,November,LARA
144.96872330673236,-37.74668096416507,3419682,20/11/2014,16.00.00,No,Collision with vehicle,Thursday,CROSS TRAFFIC(INTERSECTIONS ONLY),Day,144.96872,-37.74668,MORELAND,METROPOLITAN NORTH WEST REGION,3,1,0,0,1,2,2,1,1,1,1,0,0,0,0,0,0,0,0,0,No,0,2,0,1,0,0,MELB_URBAN,MELB_URBAN,MORELAND,METROPOLITAN NORTH WEST REGION,2014,11,November,COBURG
142.15675462597827,-34.20640016110041,3419684,20/11/2014,18.15.00,Yes,Collision with vehicle,Thursday,CROSS TRAFFIC(INTERSECTIONS ONLY),Day,142.15675,-34.2064,MILDURA,WESTERN REGION,2,1,0,0,1,1,2,0,1,0,1,0,0,0,0,0,0,0,0,0,No,0,2,0,1,0,0,SMALL_CITIES,SMALL_CITIES,MILDURA,WESTERN REGION,2014,11,November,MILDURA
143.81694879810672,-37.56564989465848,3419685,20/11/2014,17.45.00,No,No collision and no object struck,Thursday,OUT OF CONTROL ON CARRIAGEWAY (ON STRAIGHT),Day,143.81695,-37.56565,BALLARAT,WESTERN REGION,1,1,0,0,1,0,1,0,1,0,0,0,0,0,0,0,1,0,0,0,No,0,1,0,0,0,0,LARGE_PROVINCIAL_CITIES,LARGE_PROVINCIAL_CITIES,BALLARAT,WESTERN REGION,2014,11,November,ALFREDTON
144.99067746856338,-37.78984769786237,3419687,20/11/2014,18.37.00,Yes,Collision with vehicle,Thursday,REAR END(VEHICLES IN SAME LANE),Day,144.99068,-37.78985,YARRA,METROPOLITAN NORTH WEST REGION,2,1,0,0,1,1,1,1,1,0,1,0,0,0,0,0,0,0,1,0,No,0,2,0,1,0,0,MELB_URBAN,MELB_URBAN,YARRA,METROPOLITAN NORTH WEST REGION,2014,11,November,CLIFTON HILL
145.14052210486787,-37.81914282646276,3419694,25/11/2014,10.20.00,No,Collision with vehicle,Tuesday,RIGHT THROUGH,Day,145.14052,-37.819140000000004,WHITEHORSE,METROPOLITAN SOUTH EAST REGION,3,1,0,1,0,2,1,2,1,0,2,0,0,0,0,0,0,0,0,0,No,0,3,0,2,0,0,MELB_URBAN,MELB_URBAN,WHITEHORSE,METROPOLITAN SOUTH EAST REGION,2014,11,November,BLACKBURN
145.12580179078074,-38.149975996182334,3419700,25/11/2014,14.05.00,No,Collision with vehicle,Tuesday,U TURN,Day,145.1258,-38.14998,FRANKSTON,METROPOLITAN SOUTH EAST REGION,2,1,0,0,1,1,1,1,1,0,1,0,0,0,0,0,0,0,0,0,No,0,2,0,1,0,0,MELB_URBAN,MELB_URBAN,FRANKSTON,METROPOLITAN SOUTH EAST REGION,2014,11,November,FRANKSTON
144.98579350692444,-37.78103189569353,3419701,25/11/2014,13.45.00,No,Collision with vehicle,Tuesday,VEHICLE OFF FOOTPATH STRIKES VEH ON CARRIAGEWAY,Day,144.98578999999998,-37.78103,YARRA,METROPOLITAN NORTH WEST REGION,2,1,0,0,1,1,2,0,1,0,1,0,0,0,0,0,0,0,0,0,No,0,2,0,1,0,0,MELB_URBAN,MELB_URBAN,YARRA,METROPOLITAN NORTH WEST REGION,2014,11,November,FITZROY NORTH
144.95529026981131,-37.812080611352656,3419705,10/11/2014,17.30.00,No,Collision with vehicle,Monday,RIGHT THROUGH,Unk.,144.95529,-37.81208,MELBOURNE,METROPOLITAN NORTH WEST REGION,2,1,0,0,1,1,1,1,1,0,1,0,0,0,0,0,0,0,0,0,No,0,2,0,1,0,0,MELBOURNE_CBD,"MELBOURNE_CBD,MELB_URBAN",MELBOURNE,METROPOLITAN NORTH WEST REGION,2014,11,November,MELBOURNE
144.77850672475867,-37.747639872497416,3419714,15/11/2014,21.27.00,Yes,Collision with vehicle,Saturday,VEHICLE STRIKES ANOTHER VEH WHILE EMERGING FROM DRIVEWAY,Dark Street lights on,144.77851,-37.747640000000004,BRIMBANK,METROPOLITAN NORTH WEST REGION,2,1,0,1,0,1,2,0,1,0,1,0,0,0,0,0,0,0,1,0,No,0,2,0,1,0,0,MELB_URBAN,MELB_URBAN,BRIMBANK,METROPOLITAN NORTH WEST REGION,2014,11,November,ALBANVALE
142.17208101033555,-34.20185852387364,3419728,18/11/2014,19.30.00,Yes,Collision with vehicle,Tuesday,CROSS TRAFFIC(INTERSECTIONS ONLY),Dusk/Dawn,142.17208,-34.201859999999996,MILDURA,WESTERN REGION,2,1,0,0,1,1,1,0,1,0,0,0,0,0,1,0,1,0,0,0,No,0,2,0,0,0,0,SMALL_CITIES,SMALL_CITIES,MILDURA,WESTERN REGION,2014,11,November,MILDURA
144.97748002682496,-37.80577983767196,3417750,16/7/2014,18.25.00,Yes,Collision with vehicle,Wednesday,VEHICLE STRIKES DOOR OF PARKED/STATIONARY VEHICLE,Dark Street lights on,144.97748,-37.80578,YARRA,METROPOLITAN NORTH WEST REGION,2,1,0,0,1,1,1,1,1,1,0,0,0,0,0,0,0,0,0,0,No,0,2,0,1,0,0,MELB_URBAN,MELB_URBAN,YARRA,METROPOLITAN NORTH WEST REGION,2014,7,July,FITZROY
144.9483525173504,-37.82523064520039,3417755,28/7/2014,16.50.00,No,Collision with vehicle,Monday,LEFT TURN SIDESWIPE,Dusk/Dawn,144.94835,-37.82523,MELBOURNE,METROPOLITAN NORTH WEST REGION,2,1,0,0,1,1,1,0,1,0,1,0,0,0,0,0,0,0,0,0,No,0,2,0,1,0,0,MELB_URBAN,MELB_URBAN,MELBOURNE,METROPOLITAN NORTH WEST REGION,2014,7,July,DOCKLANDS