X,Y,OBJECTID,ACCIDENT_DATE,ACCIDENT_TIME,ALCOHOLTIME,ACCIDENT_TYPE,DAY_OF_WEEK,DCA_CODE,LIGHT_CONDITION,LONGITUDE,LATITUDE,LGA_NAME,REGION_NAME,TOTAL_PERSONS,INJ_OR_FATAL,FATALITY,SERIOUSINJURY,OTHERINJURY,NONINJURED,MALES,FEMALES,BICYCLIST,PASSENGER,DRIVER,PEDESTRIAN,PILLION,MOTORIST,UNKNOWN,PED_CYCLIST_5_12,PED_CYCLIST_13_18,OLD_PEDESTRIAN,OLD_DRIVER,YOUNG_DRIVER,ALCOHOL_RELATED,UNLICENCSED,NO_OF_VEHICLES,HEAVYVEHICLE,PASSENGERVEHICLE,MOTORCYCLE,PUBLICVEHICLE,DEG_URBAN_NAME,DEG_URBAN_ALL,LGA_NAME_ALL,REGION_NAME_ALL,Year,Month,Month_name,Suburb
145.09831321865812,-37.82046483662698,3421552,13/1/2015,17.35.00,No,Collision with vehicle,Monday,RIGHT TURN SIDESWIPE,Day,145.09831,-37.82046,BOROONDARA,METROPOLITAN SOUTH EAST REGION,2,1,0,0,1,1,1,1,1,0,1,0,0,0,0,0,0,0,0,0,No,0,2,0,1,0,0,MELB_URBAN,MELB_URBAN,BOROONDARA,METROPOLITAN SOUTH EAST REGION,2015,1,January,SURREY HILLS
143.3823699303444,-37.42974033477445,3421569,27/12/2014,20.00.00,Yes,Struck Pedestrian,Friday,VEH STRIKES PED ON FOOTPATH/MEDIAN/TRAFFIC ISLAND.,Dusk/Dawn,143.38237,-37.42974,PYRENEES,WESTERN REGION,2,1,0,0,1,1,1,1,1,0,0,1,0,0,0,2,0,0,0,0,No,0,1,0,0,0,0,SMALL_TOWNS,SMALL_TOWNS,PYRENEES,WESTERN REGION,2014,12,December,BEAUFORT
145.14930576884345,-37.954059360676425,3421574,28/12/2014,08.25.00,Yes,No collision and no object struck,Sunday,OUT OF CONTROL ON CARRIAGEWAY (ON STRAIGHT),Day,145.14931,-37.95406,DANDENONG,METROPOLITAN SOUTH EAST REGION,1,1,1,0,0,0,1,0,1,0,0,0,0,0,0,0,0,0,0,0,No,0,1,0,0,0,0,MELB_URBAN,MELB_URBAN,DANDENONG,METROPOLITAN SOUTH EAST REGION,2014,12,December,SPRINGVALE
145.1034205045421,-37.81550739528627,3421578,2/1/2015,21.00.00,Yes,Vehicle overturned (no collision),Friday,OFF CARRIAGEWAY TO LEFT,Dusk/Dawn,145.10342,-37.815509999999996,WHITEHORSE,METROPOLITAN SOUTH EAST REGION,1,1,0,0,1,0,0,1,1,0,0,0,0,0,0,0,0,0,0,0,No,0,1,0,0,0,0,MELB_URBAN,MELB_URBAN,WHITEHORSE,METROPOLITAN SOUTH EAST REGION,2015,1,January,MONT ALBERT
145.02358946758136,-37.889392559334496,3421590,9/1/2015,07.55.00,No,Collision with vehicle,Friday,CROSS TRAFFIC(INTERSECTIONS ONLY),Day,145.02358999999998,-37.88939,GLEN EIRA,METROPOLITAN SOUTH EAST REGION,2,1,0,0,1,1,0,2,1,0,1,0,0,0,0,0,0,0,0,0,No,0,2,0,1,0,0,MELB_URBAN,MELB_URBAN,GLEN EIRA,METROPOLITAN SOUTH EAST REGION,2015,1,January,CAULFIELD SOUTH
144.95740328864582,-37.80171887064124,3421593,8/1/2015,15.25.00,No,Collision with vehicle,Thursday,LEFT TURN SIDESWIPE,Day,144.9574,-37.80172,MELBOURNE,METROPOLITAN NORTH WEST REGION,2,1,0,1,0,1,1,1,1,0,1,0,0,0,0,0,0,0,0,0,No,0,2,0,1,0,0,MELB_URBAN,MELB_URBAN,MELBOURNE,METROPOLITAN NORTH WEST REGION,2015,1,January,MELBOURNE
144.99355346835154,-37.7866822555818,3421596,22/12/2014,08.30.00,Yes,Vehicle overturned (no collision),Sunday,OUT OF CONTROL ON CARRIAGEWAY (ON STRAIGHT),Day,144.99355,-37.78668,YARRA,METROPOLITAN NORTH WEST REGION,2,1,0,1,0,1,1,0,1,0,0,0,0,0,1,0,0,0,0,0,No,0,2,0,0,0,0,MELB_URBAN,MELB_URBAN,YARRA,METROPOLITAN NORTH WEST REGION,2014,12,December,FITZROY NORTH
144.98587304286977,-37.8646312298021,3421600,8/1/2015,19.00.00,Yes,Collision with vehicle,Thursday,REAR END(VEHICLES IN SAME LANE),Dusk/Dawn,144.98587,-37.86463,PORT PHILLIP,METROPOLITAN NORTH WEST REGION,2,1,0,0,1,1,2,0,1,0,1,0,0,0,0,0,0,0,0,0,No,0,2,0,1,0,0,MELB_URBAN,MELB_URBAN,PORT PHILLIP,METROPOLITAN NORTH WEST REGION,2015,1,January,ST KILDA
145.22558999012105,-37.814012998773116,3421605,22/12/2014,10.43.00,No,Collision with vehicle,Monday,VEHICLE OFF FOOTPATH STRIKES VEH ON CARRIAGEWAY,Day,145.22558999999998,-37.814009999999996,MAROONDAH,METROPOLITAN SOUTH EAST REGION,2,1,0,1,0,1,1,1,1,0,1,0,0,0,0,0,0,0,1,0,No,0,2,0,1,0,0,MELB_URBAN,MELB_URBAN,MAROONDAH,METROPOLITAN SOUTH EAST REGION,2014,12,December,RINGWOOD
145.0202582561409,-37.70605133717333,3421608,22/12/2014,09.05.00,No,Collision with vehicle,Monday,CROSS TRAFFIC(INTERSECTIONS ONLY),Day,145.02026,-37.70605,DAREBIN,METROPOLITAN NORTH WEST REGION,3,1,0,0,1,2,2,1,1,1,1,0,0,0,0,0,0,0,0,1,No,0,2,0,1,0,0,MELB_URBAN,MELB_URBAN,DAREBIN,METROPOLITAN NORTH WEST REGION,2014,12,December,RESERVOIR
143.84243577709344,-37.61621849985481,3421613,18/12/2014,07.45.00,No,Collision with vehicle,Thursday,RIGHT FAR (INTERSECTIONS ONLY),Day,143.84243999999998,-37.61622,BALLARAT,WESTERN REGION,2,1,0,0,1,1,1,1,1,0,0,0,0,1,0,0,0,0,0,0,No,0,2,0,0,1,0,LARGE_PROVINCIAL_CITIES,LARGE_PROVINCIAL_CITIES,BALLARAT,WESTERN REGION,2014,12,December,MAGPIE
144.81585000359976,-37.640969997674006,3421618,27/12/2014,16.40.00,Yes,Vehicle overturned (no collision),Saturday,OUT OF CONTROL ON CARRIAGEWAY (ON STRAIGHT),Day,144.81585,-37.64097,HUME,METROPOLITAN NORTH WEST REGION,1,1,0,1,0,0,0,1,1,0,0,0,0,0,0,0,0,0,0,0,No,0,1,0,0,0,0,RURAL_VICTORIA,RURAL_VICTORIA,HUME,METROPOLITAN NORTH WEST REGION,2014,12,December,BULLA
144.7183475937967,-38.17066050478864,3421625,28/12/2014,16.45.00,Yes,Collision with vehicle,Sunday,VEHICLE OFF FOOTPATH STRIKES VEH ON CARRIAGEWAY,Day,144.71835,-38.17066,GEELONG,SOUTH WESTERN REGION,2,1,0,0,1,1,1,1,1,0,1,0,0,0,0,1,0,0,0,0,No,0,2,0,1,0,0,TOWNS,TOWNS,GEELONG,SOUTH WESTERN REGION,2014,12,December,ST LEONARDS
145.14677115775993,-37.71679022319199,3421635,4/1/2015,09.25.00,Yes,Collision with vehicle,Sunday,OUT OF CONTROL (OVERTAKING),Day,145.14677,-37.71679,NILLUMBIK,METROPOLITAN NORTH WEST REGION,2,1,0,1,0,1,1,1,1,0,1,0,0,0,0,0,0,0,0,0,No,0,2,0,1,0,0,MELB_URBAN,MELB_URBAN,NILLUMBIK,METROPOLITAN NORTH WEST REGION,2015,1,January,ELTHAM
145.76390580869008,-37.51224523499064,3421668,28/12/2014,12.15.00,No,Vehicle overturned (no collision),Sunday,OFF CARRIAGEWAY ON RIGHT BEND,Day,145.76391,-37.51225,MURRINDINDI,NORTH EASTERN REGION,2,1,0,1,0,1,2,0,1,0,0,0,0,1,0,0,0,0,0,0,No,0,2,0,0,1,0,RURAL_VICTORIA,RURAL_VICTORIA,"MURRINDINDI,MURRINDINDI",NORTH EASTERN REGION,2014,12,December,MARYSVILLE
144.7103869294522,-38.17400829108051,3421670,28/12/2014,21.25.00,Yes,Collision with vehicle,Sunday,RIGHT FAR (INTERSECTIONS ONLY),Dark No street lights,144.71039,-38.174009999999996,GEELONG,SOUTH WESTERN REGION,6,1,0,0,1,5,4,2,1,4,1,0,0,0,0,1,0,0,0,0,No,0,2,0,1,0,0,TOWNS,TOWNS,GEELONG,SOUTH WESTERN REGION,2014,12,December,ST LEONARDS
145.0527894011174,-37.83092043541915,3421689,4/1/2015,17.30.00,Yes,Collision with vehicle,Sunday,CROSS TRAFFIC(INTERSECTIONS ONLY),Day,145.05279,-37.83092,BOROONDARA,METROPOLITAN SOUTH EAST REGION,2,1,0,1,0,1,0,1,1,0,0,0,0,0,1,0,0,0,0,0,No,0,2,0,0,0,0,MELB_URBAN,MELB_URBAN,BOROONDARA,METROPOLITAN SOUTH EAST REGION,2015,1,January,HAWTHORN EAST
145.00758130807603,-37.90620570691893,3421694,9/1/2015,15.20.00,No,Collision with vehicle,Friday,VEHICLE STRIKES ANOTHER VEH WHILE EMERGING FROM DRIVEWAY,Day,145.00758000000002,-37.906209999999994,BAYSIDE,METROPOLITAN SOUTH EAST REGION,2,1,0,0,1,1,1,1,1,0,1,0,0,0,0,0,0,0,0,0,No,0,2,0,1,0,0,MELB_URBAN,MELB_URBAN,BAYSIDE,METROPOLITAN SOUTH EAST REGION,2015,1,January,BRIGHTON
144.8874194799655,-37.81629572930167,3421702,9/1/2015,20.45.00,Yes,Collision with vehicle,Friday,RIGHT FAR (INTERSECTIONS ONLY),Dark Street lights on,144.88742,-37.8163,MARIBYRNONG,METROPOLITAN NORTH WEST REGION,4,1,0,0,1,3,3,1,1,2,1,0,0,0,0,0,0,0,0,0,No,0,2,0,1,0,0,MELB_URBAN,MELB_URBAN,MARIBYRNONG,METROPOLITAN NORTH WEST REGION,2015,1,January,YARRAVILLE
145.06920895561228,-37.64224892318575,3421726,28/12/2014,18.00.00,No,Collision with vehicle,,CROSS TRAFFIC(INTERSECTIONS ONLY),Day,145.06921,-37.64225,WHITTLESEA,METROPOLITAN NORTH WEST REGION,2,1,0,0,1,1,2,0,1,0,1,0,0,0,0,0,0,0,0,0,No,0,2,0,1,0,0,MELB_URBAN,MELB_URBAN,WHITTLESEA,METROPOLITAN NORTH WEST REGION,2014,12,December,SOUTH MORANG
146.9602912428943,-36.727321885861116,3421730,29/12/2014,13.55.00,No,Collision with vehicle,Monday,VEHICLE STRIKES DOOR OF PARKED/STATIONARY VEHICLE,Day,146.96029,-36.72732,ALPINE,NORTH EASTERN REGION,3,1,0,0,1,2,1,2,1,1,1,0,0,0,0,0,0,0,0,0,No,0,3,0,2,0,0,TOWNS,TOWNS,ALPINE,NORTH EASTERN REGION,2014,12,December,BRIGHT
144.96250509285332,-37.8002691736843,3419744,20/11/2014,08.45.00,No,Collision with vehicle,Thursday,CUTTING IN (OVERTAKING),Day,144.96251,-37.800270000000005,MELBOURNE,METROPOLITAN NORTH WEST REGION,2,1,0,1,0,1,0,2,1,0,1,0,0,0,0,0,0,0,0,0,No,0,2,0,1,0,0,MELB_URBAN,MELB_URBAN,MELBOURNE,METROPOLITAN NORTH WEST REGION,2014,11,November,CARLTON
144.90703293637597,-37.77247993902525,3419747,27/10/2014,09.50.00,Yes,Collision with vehicle,Sunday,VEHICLE OFF FOOTPATH STRIKES VEH ON CARRIAGEWAY,Day,144.90703,-37.77248,MOONEE VALLEY,METROPOLITAN NORTH WEST REGION,2,1,0,0,1,1,1,1,1,0,1,0,0,0,0,0,0,0,0,0,No,0,2,0,1,0,0,MELB_URBAN,MELB_URBAN,MOONEE VALLEY,METROPOLITAN NORTH WEST REGION,2014,10,October,ASCOT VALE
144.9125872213618,-37.74830459252875,3419751,25/11/2014,17.17.00,No,Collision with vehicle,Tuesday,RIGHT THROUGH,Day,144.91259,-37.7483,MOONEE VALLEY,METROPOLITAN NORTH WEST REGION,2,1,0,0,1,1,2,0,1,0,1,0,0,0,0,0,0,0,0,0,No,0,2,0,1,0,0,MELB_URBAN,MELB_URBAN,MOONEE VALLEY,METROPOLITAN NORTH WEST REGION,2014,11,November,ESSENDON
144.97720488399727,-37.78515048395628,3419752,25/11/2014,18.00.00,Yes,Collision with vehicle,Monday,CROSS TRAFFIC(INTERSECTIONS ONLY),Day,144.9772,-37.78515,YARRA,METROPOLITAN NORTH WEST REGION,2,1,0,0,1,1,0,2,1,0,1,0,0,0,0,0,0,0,0,0,No,0,2,0,1,0,0,MELB_URBAN,MELB_URBAN,YARRA,METROPOLITAN NORTH WEST REGION,2014,11,November,CARLTON NORTH
145.22363977257442,-37.806699525727055,3419761,31/8/2014,05.15.00,Yes,Collision with vehicle,Sunday,VEHICLE COLLIDES WITH VEHICLE PARKED ON LEFT OF ROAD,Dark Street lights on,145.22364,-37.8067,MAROONDAH,METROPOLITAN SOUTH EAST REGION,3,1,0,0,1,2,1,0,1,0,0,0,0,0,2,0,0,0,0,0,No,0,3,0,0,0,0,MELB_URBAN,MELB_URBAN,MAROONDAH,METROPOLITAN SOUTH EAST REGION,2014,8,August,RINGWOOD
144.99769842865587,-37.83702398526775,3419769,9/11/2014,13.10.00,No,Collision with vehicle,,RIGHT THROUGH,Day,144.9977,-37.83702,STONNINGTON,METROPOLITAN SOUTH EAST REGION,2,1,0,1,0,1,2,0,1,0,1,0,0,0,0,0,0,0,0,0,No,0,2,0,1,0,0,MELB_URBAN,MELB_URBAN,STONNINGTON,METROPOLITAN SOUTH EAST REGION,2014,11,November,SOUTH YARRA
144.99278401628106,-37.85494048761583,3419771,11/11/2014,20.30.00,Yes,Struck Pedestrian,Tuesday,PED EMERGES FROM IN FRONT OF PARKED OR STATIONARY VEHICLE,Unk.,144.99278,-37.85494,STONNINGTON,METROPOLITAN SOUTH EAST REGION,2,1,0,0,1,1,1,1,1,0,0,1,0,0,0,0,0,0,0,0,No,0,1,0,0,0,0,MELB_URBAN,MELB_URBAN,STONNINGTON,METROPOLITAN SOUTH EAST REGION,2014,11,November,WINDSOR
146.9618397449495,-36.72671947206385,3419774,16/11/2014,16.15.00,Yes,Collision with vehicle,Sunday,U TURN,Day,146.96184,-36.72672,ALPINE,NORTH EASTERN REGION,2,1,0,1,0,1,2,0,1,0,1,0,0,0,0,0,0,0,0,0,No,0,2,0,1,0,0,TOWNS,TOWNS,ALPINE,NORTH EASTERN REGION,2014,11,November,BRIGHT
145.0298100428919,-38.22620144480366,3419776,16/11/2014,16.14.00,Yes,Collision with vehicle,Sunday,CUTTING IN (OVERTAKING),Day,145.02981,-38.2262,MORNINGTON PENINSULA,METROPOLITAN SOUTH EAST REGION,3,1,0,1,0,2,3,0,1,1,1,0,0,0,0,0,0,0,0,0,No,0,2,0,1,0,0,MELB_URBAN,MELB_URBAN,MORNINGTON PENINSULA,METROPOLITAN SOUTH EAST REGION,2014,11,November,MORNINGTON
144.99438367368055,-37.732700182207495,3419780,13/11/2014,07.40.00,No,Collision with vehicle,Thursday,RIGHT THROUGH,Dusk/Dawn,144.99438,-37.7327,DAREBIN,METROPOLITAN NORTH WEST REGION,2,1,0,1,0,1,2,0,1,0,1,0,0,0,0,0,0,0,0,0,No,0,2,0,1,0,0,MELB_URBAN,MELB_URBAN,DAREBIN,METROPOLITAN NORTH WEST REGION,2014,11,November,PRESTON
145.00500921679438,-37.75682462191442,3419784,19/11/2014,02.15.00,Yes,Collision with vehicle,Tuesday,LANE SIDE SWIPE (VEHICLES IN PARALLEL LANES),Dark Street lights unknown,145.00501,-37.756820000000005,DAREBIN,METROPOLITAN NORTH WEST REGION,2,1,0,0,1,1,2,0,1,0,1,0,0,0,0,0,0,0,0,0,No,0,2,0,1,0,0,MELB_URBAN,MELB_URBAN,DAREBIN,METROPOLITAN NORTH WEST REGION,2014,11,November,THORNBURY
144.83903734029084,-37.865397444746826,3419785,21/11/2014,06.20.00,No,Collision with vehicle,Friday,REAR END(VEHICLES IN SAME LANE),Day,144.83903999999998,-37.8654,HOBSONS BAY,METROPOLITAN NORTH WEST REGION,2,1,0,0,1,1,2,0,1,0,1,0,0,0,0,0,0,0,1,0,No,0,2,0,1,0,0,MELB_URBAN,MELB_URBAN,HOBSONS BAY,METROPOLITAN NORTH WEST REGION,2014,11,November,SEAHOLME
144.96039894187925,-37.810597738352854,3419798,26/11/2014,07.00.00,No,Collision with vehicle,Tuesday,LEFT TURN SIDESWIPE,Dusk/Dawn,144.9604,-37.8106,MELBOURNE,METROPOLITAN NORTH WEST REGION,2,1,0,1,0,1,2,0,1,0,1,0,0,0,0,0,0,0,0,0,No,0,2,0,1,0,0,MELBOURNE_CBD,"MELBOURNE_CBD,MELB_URBAN",MELBOURNE,METROPOLITAN NORTH WEST REGION,2014,11,November,MELBOURNE
145.09847919206393,-37.81490423907541,3419802,25/11/2014,10.15.00,No,Collision with vehicle,Tuesday,VEHICLE STRIKES DOOR OF PARKED/STATIONARY VEHICLE,Day,145.09848,-37.8149,BOROONDARA,METROPOLITAN SOUTH EAST REGION,2,1,0,0,1,1,2,0,1,0,1,0,0,0,0,0,0,0,1,0,No,0,2,0,1,0,0,MELB_URBAN,MELB_URBAN,BOROONDARA,METROPOLITAN SOUTH EAST REGION,2014,11,November,SURREY HILLS
145.6022239646785,-38.64078036628827,3419803,26/11/2014,08.30.00,No,Collision with vehicle,Wednesday,UNKNOWN-NO DETAILS ON MANOEUVRES OF ROAD-USERS IN ACCIDENT,Day,145.60222,-38.64078,BASS COAST,EASTERN REGION,2,1,0,1,0,1,1,0,1,0,0,0,0,0,1,0,0,0,0,0,No,0,2,0,0,0,0,RURAL_VICTORIA,RURAL_VICTORIA,BASS COAST,"EASTERN REGION,EASTERN REGION",2014,11,November,CAPE PATERSON
145.02834067876302,-37.86237361311199,3419817,1/12/2014,08.30.00,No,Collision with vehicle,Monday,VEHICLE OFF FOOTPATH STRIKES VEH ON CARRIAGEWAY,Day,145.02834,-37.86237,STONNINGTON,METROPOLITAN SOUTH EAST REGION,2,1,0,0,1,1,2,0,1,0,1,0,0,0,0,1,0,0,0,0,No,0,2,0,1,0,0,MELB_URBAN,MELB_URBAN,STONNINGTON,METROPOLITAN SOUTH EAST REGION,2014,12,December,MALVERN
145.07682952041927,-37.833692591941684,3419833,20/11/2014,17.00.00,No,Collision with vehicle,Thursday,LEAVING PARKING,Day,145.07683,-37.833690000000004,BOROONDARA,METROPOLITAN SOUTH EAST REGION,2,1,0,0,1,1,0,2,1,0,1,0,0,0,0,0,0,0,0,0,No,0,2,0,1,0,0,MELB_URBAN,MELB_URBAN,BOROONDARA,METROPOLITAN SOUTH EAST REGION,2014,11,November,CAMBERWELL
145.59991090871353,-37.77616496221536,3419834,31/8/2014,13.50.00,No,No collision and no object struck,Sunday,OUT OF CONTROL ON CARRIAGEWAY (ON STRAIGHT),Day,145.59991000000002,-37.77616,YARRA RANGES,METROPOLITAN SOUTH EAST REGION,1,1,0,1,0,0,1,0,1,0,0,0,0,0,0,0,0,0,0,0,No,0,1,0,0,0,0,TOWNS,TOWNS,YARRA RANGES,METROPOLITAN SOUTH EAST REGION,2014,8,August,YARRA JUNCTION
144.95510880026785,-37.83332178036671,3419842,21/11/2014,08.40.00,No,Collision with vehicle,Friday,RIGHT THROUGH,Day,144.95511000000002,-37.83332,PORT PHILLIP,METROPOLITAN NORTH WEST REGION,2,1,0,0,1,1,1,1,1,0,1,0,0,0,0,0,0,0,0,1,No,0,2,0,1,0,0,MELB_URBAN,MELB_URBAN,PORT PHILLIP,METROPOLITAN NORTH WEST REGION,2014,11,November,SOUTH MELBOURNE
145.12593589945098,-38.12747998782985,3419845,26/11/2014,08.17.00,No,Collision with vehicle,Wednesday,LANE CHANGE RIGHT (NOT OVERTAKING),Day,145.12593999999999,-38.12748,FRANKSTON,METROPOLITAN SOUTH EAST REGION,3,1,0,1,0,2,3,0,1,1,1,0,0,0,0,0,0,0,0,0,No,0,2,0,1,0,0,MELB_URBAN,MELB_URBAN,FRANKSTON,METROPOLITAN SOUTH EAST REGION,2014,11,November,SEAFORD
144.35707029819642,-38.144429345342715,3419857,1/12/2014,07.30.00,No,Collision with vehicle,Monday,VEHICLE STRIKES ANOTHER VEH WHILE EMERGING FROM DRIVEWAY,Day,144.35707,-38.14443,GEELONG,SOUTH WESTERN REGION,2,1,0,1,0,1,1,1,1,0,1,0,0,0,0,0,0,0,0,0,No,0,2,0,1,0,0,LARGE_PROVINCIAL_CITIES,LARGE_PROVINCIAL_CITIES,GEELONG,SOUTH WESTERN REGION,2014,12,December,GEELONG
145.33576293568925,-38.07376032312039,3419860,1/12/2014,09.00.00,No,Collision with vehicle,Monday,CUTTING IN (OVERTAKING),Day,145.33576000000002,-38.07376,CASEY,METROPOLITAN SOUTH EAST REGION,2,2,0,0,2,0,2,0,1,0,1,0,0,0,0,0,0,0,0,0,No,0,2,0,1,0,0,MELB_URBAN,MELB_URBAN,CASEY,METROPOLITAN SOUTH EAST REGION,2014,12,December,BERWICK
145.10346330103147,-37.91224755420617,3419865,1/12/2014,08.30.00,Yes,Collision with vehicle,Sunday,RIGHT THROUGH,Day,145.10346,-37.91225,MONASH,METROPOLITAN SOUTH EAST REGION,2,1,0,0,1,1,2,0,1,0,1,0,0,0,0,0,0,0,0,0,No,0,2,0,1,0,0,MELB_URBAN,MELB_URBAN,MONASH,METROPOLITAN SOUTH EAST REGION,2014,12,December,OAKLEIGH SOUTH
145.0473407035727,-37.95688639522117,3419868,1/12/2014,09.00.00,Yes,Collision with vehicle,Sunday,RIGHT THROUGH,Day,145.04734,-37.95689,BAYSIDE,METROPOLITAN SOUTH EAST REGION,2,1,0,0,1,1,1,1,1,0,1,0,0,0,0,0,0,0,0,1,No,0,2,0,1,0,0,MELB_URBAN,MELB_URBAN,BAYSIDE,METROPOLITAN SOUTH EAST REGION,2014,12,December,CHELTENHAM
145.24333928815958,-38.02572018465585,3419870,17/11/2014,06.35.00,No,Collision with vehicle,Monday,REAR END(VEHICLES IN SAME LANE),Dusk/Dawn,145.24334,-38.02572,DANDENONG,METROPOLITAN SOUTH EAST REGION,2,1,0,0,1,1,2,0,1,0,1,0,0,0,0,0,0,0,0,1,No,0,2,0,1,0,0,MELB_URBAN,MELB_URBAN,DANDENONG,METROPOLITAN SOUTH EAST REGION,2014,11,November,DANDENONG SOUTH
144.9854296007036,-37.80085235253497,3419872,16/11/2014,12.50.00,No,Collision with vehicle,Sunday,VEHICLE STRIKES ANOTHER VEH WHILE EMERGING FROM DRIVEWAY,Day,144.98543,-37.80085,YARRA,METROPOLITAN NORTH WEST REGION,2,1,0,0,1,1,1,1,1,0,1,0,0,0,0,0,0,0,0,0,No,0,2,0,1,0,0,MELB_URBAN,MELB_URBAN,YARRA,METROPOLITAN NORTH WEST REGION,2014,11,November,COLLINGWOOD
145.2699428625149,-38.022740310671615,3419885,21/11/2014,14.15.00,No,Collision with vehicle,Friday,VEHICLE OFF FOOTPATH STRIKES VEH ON CARRIAGEWAY,Day,145.26994,-38.02274,CASEY,METROPOLITAN SOUTH EAST REGION,2,1,0,1,0,1,2,0,1,0,1,0,0,0,0,0,0,0,0,0,No,0,2,0,1,0,0,MELB_URBAN,MELB_URBAN,CASEY,METROPOLITAN SOUTH EAST REGION,2014,11,November,HAMPTON PARK
144.87277010235292,-37.74257611511336,3419911,5/11/2014,16.20.00,No,Collision with vehicle,Tuesday,CROSS TRAFFIC(INTERSECTIONS ONLY),Day,144.87277,-37.74258,MOONEE VALLEY,METROPOLITAN NORTH WEST REGION,2,1,0,0,1,1,1,1,1,0,1,0,0,0,0,0,0,0,0,0,No,0,2,0,1,0,0,MELB_URBAN,MELB_URBAN,MOONEE VALLEY,METROPOLITAN NORTH WEST REGION,2014,11,November,KEILOR EAST
145.00791216284716,-37.95671879683141,3419915,1/12/2014,18.50.00,Yes,Collision with vehicle,Monday,LANE CHANGE LEFT (NOT OVERTAKING),Day,145.00791,-37.956720000000004,BAYSIDE,METROPOLITAN SOUTH EAST REGION,2,1,0,0,1,1,2,0,1,0,1,0,0,0,0,0,0,0,0,0,No,0,2,0,1,0,0,MELB_URBAN,MELB_URBAN,BAYSIDE,METROPOLITAN SOUTH EAST REGION,2014,12,December,SANDRINGHAM
145.30663868275352,-38.02618754726938,3419920,1/12/2014,18.00.00,Yes,Collision with vehicle,Monday,VEHICLE OFF FOOTPATH STRIKES VEH ON CARRIAGEWAY,Day,145.30664,-38.02619,CASEY,METROPOLITAN SOUTH EAST REGION,2,1,0,1,0,1,2,0,1,0,1,0,0,0,0,0,0,0,0,0,No,0,2,0,1,0,0,MELB_URBAN,MELB_URBAN,CASEY,METROPOLITAN SOUTH EAST REGION,2014,12,December,NARRE WARREN
144.99751997325458,-37.82564010936797,3419928,17/11/2014,09.00.00,No,Collision with vehicle,Monday,VEHICLE STRIKES DOOR OF PARKED/STATIONARY VEHICLE,Unk.,144.99752,-37.82564,YARRA,METROPOLITAN NORTH WEST REGION,3,1,0,1,0,2,3,0,1,0,2,0,0,0,0,0,0,0,0,0,No,0,3,0,2,0,0,MELB_URBAN,MELB_URBAN,YARRA,METROPOLITAN NORTH WEST REGION,2014,11,November,CREMORNE
145.0245905048458,-37.68343720456933,3419940,21/11/2014,15.30.00,No,Collision with vehicle,Friday,VEHICLE STRIKES ANOTHER VEH WHILE EMERGING FROM DRIVEWAY,Day,145.02459,-37.683440000000004,WHITTLESEA,METROPOLITAN NORTH WEST REGION,2,1,0,0,1,1,1,1,1,0,1,0,0,0,0,0,0,0,0,0,No,0,2,0,1,0,0,MELB_URBAN,MELB_URBAN,WHITTLESEA,METROPOLITAN NORTH WEST REGION,2014,11,November,THOMASTOWN
143.82666049598382,-37.53166741530004,3419944,21/11/2014,16.00.00,No,Collision with vehicle,Thursday,VEHICLE OFF FOOTPATH STRIKES VEH ON CARRIAGEWAY,Day,143.82666,-37.53167,BALLARAT,WESTERN REGION,2,2,0,2,0,0,1,1,1,0,1,0,0,0,0,1,0,0,0,0,No,0,2,0,1,0,0,LARGE_PROVINCIAL_CITIES,LARGE_PROVINCIAL_CITIES,BALLARAT,WESTERN REGION,2014,11,November,WENDOUREE
142.76018905527545,-37.06362154449057,3419945,21/11/2014,20.00.00,Yes,Collision with vehicle,Friday,VEHICLE COLLIDES WITH VEHICLE PARKED ON LEFT OF ROAD,Dusk/Dawn,142.76019,-37.06362,NORTHERN GRAMPIANS,WESTERN REGION,1,1,0,0,1,0,1,0,1,0,0,0,0,0,0,0,0,0,0,0,No,0,2,0,1,0,0,TOWNS,TOWNS,NORTHERN GRAMPIANS,WESTERN REGION,2014,11,November,STAWELL
144.97905660804614,-37.85877638379301,3419949,26/11/2014,17.45.00,No,Collision with vehicle,Wednesday,VEHICLE STRIKES DOOR OF PARKED/STATIONARY VEHICLE,Day,144.97906,-37.858779999999996,PORT PHILLIP,METROPOLITAN NORTH WEST REGION,3,1,0,0,1,2,1,2,1,1,1,0,0,0,0,0,0,0,0,0,No,0,2,0,1,0,0,MELB_URBAN,MELB_URBAN,PORT PHILLIP,METROPOLITAN NORTH WEST REGION,2014,11,November,ST KILDA
144.97834212823062,-37.799058958146354,3419957,26/11/2014,14.35.00,No,Collision with vehicle,Wednesday,CROSS TRAFFIC(INTERSECTIONS ONLY),Day,144.97834,-37.79906,YARRA,METROPOLITAN NORTH WEST REGION,2,1,0,1,0,1,1,1,1,0,1,0,0,0,0,0,0,0,0,1,No,0,2,0,0,0,0,MELB_URBAN,MELB_URBAN,YARRA,METROPOLITAN NORTH WEST REGION,2014,11,November,FITZROY