X,Y,OBJECTID,ACCIDENT_DATE,ACCIDENT_TIME,ALCOHOLTIME,ACCIDENT_TYPE,DAY_OF_WEEK,DCA_CODE,LIGHT_CONDITION,LONGITUDE,LATITUDE,LGA_NAME,REGION_NAME,TOTAL_PERSONS,INJ_OR_FATAL,FATALITY,SERIOUSINJURY,OTHERINJURY,NONINJURED,MALES,FEMALES,BICYCLIST,PASSENGER,DRIVER,PEDESTRIAN,PILLION,MOTORIST,UNKNOWN,PED_CYCLIST_5_12,PED_CYCLIST_13_18,OLD_PEDESTRIAN,OLD_DRIVER,YOUNG_DRIVER,ALCOHOL_RELATED,UNLICENCSED,NO_OF_VEHICLES,HEAVYVEHICLE,PASSENGERVEHICLE,MOTORCYCLE,PUBLICVEHICLE,DEG_URBAN_NAME,DEG_URBAN_ALL,LGA_NAME_ALL,REGION_NAME_ALL,Year,Month,Month_name,Suburb
144.9680235438152,-37.818721050867055,3420502,5/11/2014,12.40.00,No,Collision with vehicle,Tuesday,VEHICLE STRIKES DOOR OF PARKED/STATIONARY VEHICLE,Day,144.96802,-37.81872,MELBOURNE,METROPOLITAN NORTH WEST REGION,3,1,0,0,1,2,3,0,1,1,1,0,0,0,0,0,0,0,0,0,No,0,2,0,1,0,0,MELB_URBAN,MELB_URBAN,MELBOURNE,METROPOLITAN NORTH WEST REGION,2014,11,November,MELBOURNE
144.99398564550546,-37.84777041180849,3420504,6/11/2014,08.08.00,No,No collision and no object struck,Thursday,OUT OF CONTROL ON CARRIAGEWAY (ON STRAIGHT),Day,144.99399,-37.847770000000004,STONNINGTON,METROPOLITAN SOUTH EAST REGION,2,1,0,1,0,1,1,1,1,0,1,0,0,0,0,0,0,0,0,0,No,0,2,1,0,0,0,MELB_URBAN,MELB_URBAN,STONNINGTON,METROPOLITAN SOUTH EAST REGION,2014,11,November,PRAHRAN
144.98969451495373,-37.80475221539231,3420514,11/11/2014,17.26.00,No,Collision with vehicle,Tuesday,RIGHT THROUGH,Day,144.98969,-37.80475,YARRA,METROPOLITAN NORTH WEST REGION,2,1,0,1,0,1,2,0,1,0,1,0,0,0,0,0,0,0,0,1,No,0,2,0,1,0,0,MELB_URBAN,MELB_URBAN,YARRA,METROPOLITAN NORTH WEST REGION,2014,11,November,COLLINGWOOD
144.71908036386097,-37.57941390348992,3420521,26/10/2014,07.40.00,Yes,Collision with vehicle,Sunday,CROSS TRAFFIC(INTERSECTIONS ONLY),Dusk/Dawn,144.71908,-37.579409999999996,HUME,METROPOLITAN NORTH WEST REGION,2,1,0,0,1,1,2,0,1,0,1,0,0,0,0,0,0,0,0,0,No,0,2,0,1,0,0,SMALL_CITIES,SMALL_CITIES,HUME,METROPOLITAN NORTH WEST REGION,2014,10,October,SUNBURY
144.9811791527686,-37.86739885136677,3420526,26/10/2014,10.30.00,No,Collision with vehicle,,VEHICLE STRIKES DOOR OF PARKED/STATIONARY VEHICLE,Day,144.98118,-37.8674,PORT PHILLIP,METROPOLITAN NORTH WEST REGION,2,1,0,0,1,1,1,1,1,0,1,0,0,0,0,0,0,0,0,0,No,0,2,0,1,0,0,MELB_URBAN,MELB_URBAN,PORT PHILLIP,METROPOLITAN NORTH WEST REGION,2014,10,October,ST KILDA
144.88037999739453,-37.69932000248888,3420542,31/10/2014,07.10.00,No,Collision with vehicle,Friday,LEFT TURN SIDESWIPE,Dusk/Dawn,144.88038,-37.69932,HUME,METROPOLITAN NORTH WEST REGION,2,1,0,0,1,1,2,0,1,0,1,0,0,0,0,0,0,0,0,1,No,0,2,0,1,0,0,MELB_URBAN,MELB_URBAN,HUME,METROPOLITAN NORTH WEST REGION,2014,10,October,TULLAMARINE
145.14302140539573,-37.019093900261225,3420552,4/11/2014,16.30.00,No,No collision and no object struck,Tuesday,OFF CARRIAGEWAY TO LEFT,Day,145.14302,-37.019090000000006,MITCHELL,NORTHERN REGION,1,1,0,1,0,0,1,0,1,0,0,0,0,0,0,1,0,0,0,0,No,0,1,0,0,0,0,TOWNS,TOWNS,MITCHELL,NORTHERN REGION,2014,11,November,SEYMOUR
144.97132141806938,-37.82989507390264,3420557,6/11/2014,08.40.00,No,Collision with vehicle,Wednesday,RIGHT THROUGH,Day,144.97132,-37.8299,PORT PHILLIP,METROPOLITAN NORTH WEST REGION,2,1,0,0,1,1,1,1,1,0,1,0,0,0,0,0,0,0,0,0,No,0,2,0,1,0,0,MELB_URBAN,MELB_URBAN,"PORT PHILLIP,MELBOURNE",METROPOLITAN NORTH WEST REGION,2014,11,November,MELBOURNE
142.13139819790885,-34.202567457417025,3420561,11/11/2014,19.19.00,Yes,Collision with vehicle,Tuesday,CROSS TRAFFIC(INTERSECTIONS ONLY),Dusk/Dawn,142.1314,-34.20257,MILDURA,WESTERN REGION,2,1,0,0,1,1,2,0,1,0,1,0,0,0,0,0,0,0,0,1,No,0,2,0,1,0,0,SMALL_CITIES,SMALL_CITIES,MILDURA,WESTERN REGION,2014,11,November,MILDURA
144.98546408322355,-37.86347915436492,3420564,11/11/2014,18.15.00,Yes,No collision and no object struck,Tuesday,OUT OF CONTROL ON CARRIAGEWAY (ON STRAIGHT),Day,144.98546000000002,-37.863479999999996,PORT PHILLIP,METROPOLITAN NORTH WEST REGION,2,1,0,0,1,1,1,1,1,0,1,0,0,0,0,0,0,0,0,1,No,0,2,0,1,0,0,MELB_URBAN,MELB_URBAN,PORT PHILLIP,METROPOLITAN NORTH WEST REGION,2014,11,November,ST KILDA
145.09969753240946,-37.78989081344876,3420570,11/11/2014,19.15.00,Yes,Collision with vehicle,Tuesday,RIGHT THROUGH,Dusk/Dawn,145.0997,-37.78989,BOROONDARA,METROPOLITAN SOUTH EAST REGION,3,1,0,0,1,2,1,2,1,1,1,0,0,0,0,0,0,0,0,0,No,0,2,0,1,0,0,MELB_URBAN,MELB_URBAN,BOROONDARA,METROPOLITAN SOUTH EAST REGION,2014,11,November,BALWYN NORTH
144.9547450099552,-37.830503160981216,3420573,12/11/2014,01.00.00,Yes,Collision with vehicle,Wednesday,RIGHT NEAR (INTERSECTIONS ONLY),Dark Street lights on,144.95475,-37.8305,PORT PHILLIP,METROPOLITAN NORTH WEST REGION,2,1,0,1,0,1,1,1,1,0,1,0,0,0,0,0,0,0,0,0,No,0,2,0,1,0,0,MELB_URBAN,MELB_URBAN,PORT PHILLIP,METROPOLITAN NORTH WEST REGION,2014,11,November,SOUTHBANK
144.9662936644338,-37.814958924707646,3420580,23/10/2014,13.20.00,No,Collision with vehicle,Wednesday,VEHICLE STRIKES DOOR OF PARKED/STATIONARY VEHICLE,Day,144.96629,-37.81496,MELBOURNE,METROPOLITAN NORTH WEST REGION,2,1,0,0,1,1,2,0,1,0,1,0,0,0,0,0,0,0,0,0,No,0,2,0,1,0,0,MELBOURNE_CBD,MELBOURNE_CBD,MELBOURNE,METROPOLITAN NORTH WEST REGION,2014,10,October,MELBOURNE
145.01835925403876,-37.93143991409729,3420592,31/10/2014,16.15.00,Yes,Collision with vehicle,Friday,VEHICLE COLLIDES WITH VEHICLE PARKED ON LEFT OF ROAD,Day,145.01836,-37.93144,BAYSIDE,METROPOLITAN SOUTH EAST REGION,1,1,0,0,1,0,1,0,1,0,0,0,0,0,0,0,1,0,0,0,No,0,2,0,1,0,0,MELB_URBAN,MELB_URBAN,BAYSIDE,METROPOLITAN SOUTH EAST REGION,2014,10,October,BRIGHTON EAST
145.04257925932438,-37.88947128209541,3420603,31/7/2014,19.00.00,Yes,No collision and no object struck,Thursday,OUT OF CONTROL ON CARRIAGEWAY (ON STRAIGHT),Dark Street lights on,145.04258000000002,-37.88947,GLEN EIRA,METROPOLITAN SOUTH EAST REGION,1,1,0,1,0,0,1,0,1,0,0,0,0,0,0,0,0,0,0,0,No,0,1,0,0,0,0,MELB_URBAN,MELB_URBAN,GLEN EIRA,METROPOLITAN SOUTH EAST REGION,2014,7,July,GLEN HUNTLY
144.93334973584356,-37.788461553469645,3420609,6/11/2014,18.30.00,Yes,Collision with vehicle,Thursday,LANE SIDE SWIPE (VEHICLES IN PARALLEL LANES),Day,144.93335,-37.78846,MELBOURNE,METROPOLITAN NORTH WEST REGION,2,1,0,0,1,1,0,1,1,0,1,0,0,0,0,0,0,0,0,1,No,0,2,0,1,0,0,MELB_URBAN,MELB_URBAN,"MOONEE VALLEY,MELBOURNE",METROPOLITAN NORTH WEST REGION,2014,11,November,FLEMINGTON
144.98254234034437,-37.85674374554068,3420610,6/11/2014,09.05.00,No,Collision with vehicle,Wednesday,LEFT TURN SIDESWIPE,Day,144.98254,-37.85674,PORT PHILLIP,METROPOLITAN NORTH WEST REGION,2,1,0,0,1,1,1,1,1,0,1,0,0,0,0,0,0,0,0,1,No,0,2,0,1,0,0,MELB_URBAN,MELB_URBAN,PORT PHILLIP,METROPOLITAN NORTH WEST REGION,2014,11,November,ST KILDA
144.97387883784347,-37.784787327385565,3420615,6/11/2014,14.30.00,No,Collision with vehicle,Thursday,CROSS TRAFFIC(INTERSECTIONS ONLY),Day,144.97388,-37.78479,YARRA,METROPOLITAN NORTH WEST REGION,2,1,0,0,1,1,0,2,1,0,1,0,0,0,0,0,0,0,0,1,No,0,2,0,1,0,0,MELB_URBAN,MELB_URBAN,YARRA,METROPOLITAN NORTH WEST REGION,2014,11,November,CARLTON NORTH
145.0939896016609,-37.646153502686246,3420616,12/11/2014,08.12.00,No,No collision and no object struck,Wednesday,OUT OF CONTROL ON CARRIAGEWAY (ON STRAIGHT),Day,145.09399,-37.64615,WHITTLESEA,METROPOLITAN NORTH WEST REGION,2,1,0,0,1,1,1,0,1,0,1,0,0,0,0,0,0,0,0,0,No,0,2,0,1,0,0,MELB_URBAN,MELB_URBAN,WHITTLESEA,METROPOLITAN NORTH WEST REGION,2014,11,November,SOUTH MORANG
144.94920953217837,-37.77574243447321,3420625,22/7/2014,16.45.00,No,Collision with vehicle,Tuesday,OTHER SAME DIRECTION-MANOUEVRES NOT INCLUDED IN DCAs 130-137,Dusk/Dawn,144.94921000000002,-37.77574,MORELAND,METROPOLITAN NORTH WEST REGION,2,1,0,0,1,1,1,1,1,0,1,0,0,0,0,0,0,0,0,0,No,0,2,0,1,0,0,MELB_URBAN,MELB_URBAN,MORELAND,METROPOLITAN NORTH WEST REGION,2014,7,July,BRUNSWICK WEST
144.99410289540677,-37.847020288062055,3420647,31/10/2014,15.00.00,No,Collision with vehicle,Friday,VEHICLE STRIKES DOOR OF PARKED/STATIONARY VEHICLE,Day,144.9941,-37.84702,STONNINGTON,METROPOLITAN SOUTH EAST REGION,3,1,0,0,1,2,2,1,1,1,1,0,0,0,0,0,0,0,0,0,No,0,2,0,1,0,0,MELB_URBAN,MELB_URBAN,STONNINGTON,METROPOLITAN SOUTH EAST REGION,2014,10,October,PRAHRAN
145.03381641993798,-37.88574494725001,3420658,6/11/2014,19.00.00,Yes,No collision and no object struck,Wednesday,OUT OF CONTROL ON CARRIAGEWAY (ON STRAIGHT),Dusk/Dawn,145.03382,-37.885740000000006,GLEN EIRA,METROPOLITAN SOUTH EAST REGION,2,1,0,1,0,1,1,1,1,0,1,0,0,0,0,0,0,0,0,0,No,0,2,0,1,0,0,MELB_URBAN,MELB_URBAN,GLEN EIRA,METROPOLITAN SOUTH EAST REGION,2014,11,November,CAULFIELD
144.94552585497388,-37.735643992936524,3420680,26/10/2014,17.00.00,Yes,Collision with vehicle,Sunday,CROSS TRAFFIC(INTERSECTIONS ONLY),Dusk/Dawn,144.94553,-37.735640000000004,MORELAND,METROPOLITAN NORTH WEST REGION,2,1,0,0,1,1,1,1,1,0,1,0,0,0,0,0,0,0,0,0,No,0,2,0,1,0,0,MELB_URBAN,MELB_URBAN,MORELAND,METROPOLITAN NORTH WEST REGION,2014,10,October,PASCOE VALE SOUTH
144.97533778492314,-37.83626302466008,3420709,7/11/2014,08.46.00,No,Collision with vehicle,Friday,LANE CHANGE LEFT (NOT OVERTAKING),Day,144.97534,-37.836259999999996,PORT PHILLIP,METROPOLITAN NORTH WEST REGION,2,1,0,1,0,1,0,1,1,0,1,0,0,0,0,0,0,0,0,0,No,0,2,0,1,0,0,MELB_URBAN,MELB_URBAN,PORT PHILLIP,METROPOLITAN NORTH WEST REGION,2014,11,November,MELBOURNE
144.92923875894468,-37.77677596457408,3420713,21/10/2014,08.40.00,No,Collision with vehicle,Tuesday,LEFT TURN SIDESWIPE,Day,144.92924,-37.77678,MOONEE VALLEY,METROPOLITAN NORTH WEST REGION,2,1,0,0,1,1,1,0,1,0,0,0,0,0,1,0,0,0,0,0,No,0,2,0,0,0,0,MELB_URBAN,MELB_URBAN,MOONEE VALLEY,METROPOLITAN NORTH WEST REGION,2014,10,October,ASCOT VALE
144.4730988967582,-38.011108641947615,3420714,7/11/2014,07.22.00,No,Collision with vehicle,Friday,LANE CHANGE LEFT (NOT OVERTAKING),Dusk/Dawn,144.4731,-38.011109999999995,GEELONG,SOUTH WESTERN REGION,2,1,0,1,0,1,1,1,1,0,1,0,0,0,0,0,0,0,0,0,No,0,2,0,1,0,0,RURAL_VICTORIA,RURAL_VICTORIA,GEELONG,SOUTH WESTERN REGION,2014,11,November,AVALON
144.97232132196345,-37.76806014994955,3420717,10/11/2014,17.30.00,No,Collision with vehicle,Monday,LANE SIDE SWIPE (VEHICLES IN PARALLEL LANES),Unk.,144.97232,-37.76806,MORELAND,METROPOLITAN NORTH WEST REGION,2,1,0,0,1,1,0,2,1,0,1,0,0,0,0,0,0,0,0,0,No,0,2,0,1,0,0,MELB_URBAN,MELB_URBAN,MORELAND,METROPOLITAN NORTH WEST REGION,2014,11,November,BRUNSWICK EAST
144.97110675745282,-37.7939956627687,3420719,12/11/2014,17.40.00,No,Collision with vehicle,Wednesday,LEFT TURN SIDESWIPE,Day,144.97111,-37.794000000000004,MELBOURNE,METROPOLITAN NORTH WEST REGION,2,1,0,1,0,1,1,1,1,0,1,0,0,0,0,0,0,0,0,0,No,0,2,0,1,0,0,MELB_URBAN,MELB_URBAN,MELBOURNE,METROPOLITAN NORTH WEST REGION,2014,11,November,CARLTON
143.84286291646882,-37.55397035941431,3420721,12/11/2014,19.30.00,Yes,Collision with vehicle,Wednesday,CUTTING IN (OVERTAKING),Dusk/Dawn,143.84286,-37.55397,BALLARAT,WESTERN REGION,2,1,0,0,1,1,2,0,1,0,1,0,0,0,0,0,0,0,0,0,No,0,2,0,1,0,0,LARGE_PROVINCIAL_CITIES,LARGE_PROVINCIAL_CITIES,BALLARAT,WESTERN REGION,2014,11,November,LAKE WENDOUREE
146.1737500870313,-37.06899955329176,3420725,12/11/2014,11.00.00,No,Collision with vehicle,Wednesday,REAR END(VEHICLES IN SAME LANE),Day,146.17375,-37.069,MANSFIELD,NORTH EASTERN REGION,2,1,1,0,0,1,2,0,1,0,1,0,0,0,0,0,0,0,0,0,No,0,2,0,0,0,0,RURAL_VICTORIA,RURAL_VICTORIA,MANSFIELD,NORTH EASTERN REGION,2014,11,November,MANSFIELD
145.98832969354936,-36.55066533296756,3420738,27/10/2014,18.15.00,Yes,Collision with vehicle,Sunday,CROSS TRAFFIC(INTERSECTIONS ONLY),Dusk/Dawn,145.98833,-36.550670000000004,BENALLA,NORTH EASTERN REGION,2,1,0,1,0,1,2,0,1,0,1,0,0,0,0,0,1,0,0,0,No,0,2,0,1,0,0,TOWNS,TOWNS,BENALLA,NORTH EASTERN REGION,2014,10,October,BENALLA
145.10843027753054,-38.20771481795753,3422748,14/12/2014,15.37.00,No,Collision with vehicle,Sunday,RIGHT THROUGH,Day,145.10843,-38.20771,MORNINGTON PENINSULA,METROPOLITAN SOUTH EAST REGION,2,1,0,1,0,1,2,0,1,0,1,0,0,0,0,0,0,0,0,0,No,0,2,0,1,0,0,MELB_URBAN,MELB_URBAN,MORNINGTON PENINSULA,METROPOLITAN SOUTH EAST REGION,2014,12,December,MOUNT ELIZA
142.76261751947462,-37.063236860824,3422752,9/12/2014,09.00.00,No,Collision with vehicle,Monday,LEFT NEAR (INTERSECTIONS ONLY),Day,142.76262,-37.06324,NORTHERN GRAMPIANS,WESTERN REGION,3,2,0,0,2,1,3,0,2,0,1,0,0,0,0,0,0,0,0,0,No,0,3,1,0,0,0,TOWNS,TOWNS,NORTHERN GRAMPIANS,WESTERN REGION,2014,12,December,STAWELL
144.2645299349668,-36.76540993374151,3422753,14/12/2014,18.25.00,Yes,No collision and no object struck,Sunday,OUT OF CONTROL ON CARRIAGEWAY (ON STRAIGHT),Day,144.26453,-36.765409999999996,BENDIGO,NORTHERN REGION,1,1,0,1,0,0,1,0,1,0,0,0,0,0,0,0,1,0,0,0,No,0,1,0,0,0,0,LARGE_PROVINCIAL_CITIES,LARGE_PROVINCIAL_CITIES,BENDIGO,NORTHERN REGION,2014,12,December,GOLDEN SQUARE
144.96921138333684,-37.81248296460497,3422760,15/12/2014,15.20.00,No,Struck Pedestrian,Monday,PED EMERGES FROM IN FRONT OF PARKED OR STATIONARY VEHICLE,Day,144.96921,-37.81248,MELBOURNE,METROPOLITAN NORTH WEST REGION,2,1,0,1,0,1,1,1,1,0,0,1,0,0,0,0,0,0,0,0,No,0,1,0,0,0,0,MELBOURNE_CBD,MELBOURNE_CBD,MELBOURNE,METROPOLITAN NORTH WEST REGION,2014,12,December,MELBOURNE
144.89708202930106,-37.81495023175198,3422763,19/12/2014,11.24.00,No,Collision with vehicle,Friday,REVERSING IN STREAM OF TRAFFIC,Day,144.89708000000002,-37.81495,MARIBYRNONG,METROPOLITAN NORTH WEST REGION,2,1,0,1,0,1,2,0,1,0,1,0,0,0,0,0,0,0,1,0,No,0,2,0,1,0,0,MELB_URBAN,MELB_URBAN,MARIBYRNONG,METROPOLITAN NORTH WEST REGION,2014,12,December,YARRAVILLE
144.98466367005727,-37.79668040041727,3422776,3/11/2014,14.00.00,No,Vehicle overturned (no collision),Monday,OUT OF CONTROL ON CARRIAGEWAY (ON STRAIGHT),Day,144.98466000000002,-37.79668,YARRA,METROPOLITAN NORTH WEST REGION,1,1,0,1,0,0,0,1,1,0,0,0,0,0,0,0,0,0,0,0,No,0,1,0,0,0,0,MELB_URBAN,MELB_URBAN,YARRA,METROPOLITAN NORTH WEST REGION,2014,11,November,FITZROY
144.98906712349654,-37.83865725715817,3422780,4/12/2014,13.15.00,No,Collision with vehicle,Thursday,RIGHT THROUGH,Day,144.98907,-37.83866,STONNINGTON,METROPOLITAN SOUTH EAST REGION,2,1,0,1,0,1,1,1,1,0,1,0,0,0,0,0,0,0,0,1,No,0,2,0,1,0,0,MELB_URBAN,MELB_URBAN,STONNINGTON,METROPOLITAN SOUTH EAST REGION,2014,12,December,SOUTH YARRA
144.99526231832576,-37.84127029316526,3422782,4/12/2014,10.00.00,No,Collision with vehicle,Thursday,VEHICLE STRIKES DOOR OF PARKED/STATIONARY VEHICLE,Day,144.99526,-37.84127,STONNINGTON,METROPOLITAN SOUTH EAST REGION,2,1,0,0,1,1,1,1,1,0,1,0,0,0,0,0,0,0,0,1,No,0,2,0,1,0,0,MELB_URBAN,MELB_URBAN,STONNINGTON,METROPOLITAN SOUTH EAST REGION,2014,12,December,SOUTH YARRA
145.11823027518162,-37.510920614246224,3422807,11/12/2014,09.30.00,No,No collision and no object struck,Thursday,OUT OF CONTROL ON CARRIAGEWAY (ON STRAIGHT),Day,145.11823,-37.51092,WHITTLESEA,METROPOLITAN NORTH WEST REGION,2,1,0,0,1,1,1,0,1,0,0,0,0,0,1,0,0,0,0,0,No,0,2,0,0,0,0,TOWNS,TOWNS,WHITTLESEA,METROPOLITAN NORTH WEST REGION,2014,12,December,WHITTLESEA
145.02078941475492,-37.87971297869692,3422817,19/12/2014,17.30.00,Yes,Collision with vehicle,Friday,VEHICLE COLLIDES WITH VEHICLE PARKED ON LEFT OF ROAD,Day,145.02078999999998,-37.879709999999996,GLEN EIRA,METROPOLITAN SOUTH EAST REGION,2,1,0,0,1,1,2,0,1,0,1,0,0,0,0,0,0,0,0,0,No,0,2,0,1,0,0,MELB_URBAN,MELB_URBAN,GLEN EIRA,METROPOLITAN SOUTH EAST REGION,2014,12,December,CAULFIELD NORTH
145.02996010647792,-37.97709327120249,3422823,4/12/2014,11.25.00,No,Collision with vehicle,Thursday,LEFT FAR (INTERSECTIONS ONLY),Day,145.02996000000002,-37.977090000000004,BAYSIDE,METROPOLITAN SOUTH EAST REGION,2,1,0,0,1,1,2,0,1,0,1,0,0,0,0,0,0,0,0,0,No,0,2,0,1,0,0,MELB_URBAN,MELB_URBAN,BAYSIDE,METROPOLITAN SOUTH EAST REGION,2014,12,December,BEAUMARIS
145.10892072580413,-38.0354370094239,3422830,30/11/2014,08.00.00,Yes,Collision with vehicle,Sunday,CROSS TRAFFIC(INTERSECTIONS ONLY),Day,145.10891999999998,-38.03544,KINGSTON,METROPOLITAN SOUTH EAST REGION,2,1,0,0,1,1,1,1,1,0,1,0,0,0,0,0,0,0,0,1,No,0,2,0,1,0,0,MELB_URBAN,MELB_URBAN,KINGSTON,METROPOLITAN SOUTH EAST REGION,2014,11,November,EDITHVALE
144.9504227643039,-37.74336462620156,3422835,28/11/2014,20.10.00,Yes,Collision with vehicle,Friday,RIGHT FAR (INTERSECTIONS ONLY),Dusk/Dawn,144.95042,-37.743359999999996,MORELAND,METROPOLITAN NORTH WEST REGION,2,1,0,0,1,1,2,0,1,0,1,0,0,0,0,0,1,0,0,0,No,0,2,0,1,0,0,MELB_URBAN,MELB_URBAN,MORELAND,METROPOLITAN NORTH WEST REGION,2014,11,November,COBURG
144.84376120249098,-37.856980333951434,3422837,10/12/2014,06.41.00,No,No collision and no object struck,Wednesday,OUT OF CONTROL ON CARRIAGEWAY (ON STRAIGHT),Dusk/Dawn,144.84376,-37.85698,HOBSONS BAY,METROPOLITAN NORTH WEST REGION,2,1,0,0,1,1,2,0,1,0,1,0,0,0,0,0,0,0,0,0,No,0,2,0,1,0,0,MELB_URBAN,MELB_URBAN,HOBSONS BAY,METROPOLITAN NORTH WEST REGION,2014,12,December,ALTONA
144.85134389438818,-37.7205396684176,3422839,10/12/2014,07.45.00,No,Collision with vehicle,Tuesday,LEFT TURN SIDESWIPE,Day,144.85134,-37.72054,BRIMBANK,METROPOLITAN NORTH WEST REGION,2,1,0,0,1,1,1,1,1,0,1,0,0,0,0,0,0,0,0,1,No,0,2,0,1,0,0,MELB_URBAN,MELB_URBAN,BRIMBANK,METROPOLITAN NORTH WEST REGION,2014,12,December,KEILOR PARK
144.9756990611625,-37.83666021225164,3422860,15/12/2014,13.50.00,No,Collision with vehicle,Monday,REAR END(VEHICLES IN SAME LANE),Day,144.9757,-37.836659999999995,MELBOURNE,METROPOLITAN NORTH WEST REGION,2,1,0,0,1,1,2,0,1,0,1,0,0,0,0,0,0,0,0,0,No,0,2,0,1,0,0,MELB_URBAN,MELB_URBAN,"PORT PHILLIP,MELBOURNE",METROPOLITAN NORTH WEST REGION,2014,12,December,MELBOURNE
144.74881658639072,-36.13116054089989,3422870,20/12/2014,08.30.00,No,Collision with vehicle,Friday,VEHICLE STRIKES DOOR OF PARKED/STATIONARY VEHICLE,Day,144.74882,-36.131159999999994,CAMPASPE,NORTHERN REGION,3,2,0,0,2,1,2,1,2,0,1,0,0,0,0,0,0,0,0,1,No,0,3,0,1,0,0,SMALL_CITIES,SMALL_CITIES,CAMPASPE,NORTHERN REGION,2014,12,December,ECHUCA
145.00942957722694,-37.81962253707609,3422874,17/12/2014,16.30.00,No,Collision with vehicle,Wednesday,ENTERING PARKING,Day,145.00943,-37.81962,YARRA,METROPOLITAN NORTH WEST REGION,2,1,0,0,1,1,1,1,1,0,1,0,0,0,0,0,0,0,0,0,No,0,2,0,1,0,0,MELB_URBAN,MELB_URBAN,YARRA,METROPOLITAN NORTH WEST REGION,2014,12,December,RICHMOND
144.95657000391654,-37.812030003360896,3422878,4/12/2014,19.15.00,Yes,Collision with vehicle,Thursday,VEHICLE STRIKES DOOR OF PARKED/STATIONARY VEHICLE,Dusk/Dawn,144.95657,-37.81203,MELBOURNE,METROPOLITAN NORTH WEST REGION,2,1,0,0,1,1,1,1,1,0,1,0,0,0,0,0,0,0,0,0,No,0,2,0,1,0,0,MELBOURNE_CBD,MELBOURNE_CBD,MELBOURNE,METROPOLITAN NORTH WEST REGION,2014,12,December,MELBOURNE
144.97860279257625,-37.79754137033637,3422885,4/12/2014,15.20.00,No,Collision with vehicle,Wednesday,CROSS TRAFFIC(INTERSECTIONS ONLY),Day,144.9786,-37.797540000000005,YARRA,METROPOLITAN NORTH WEST REGION,2,1,0,0,1,1,1,1,1,0,1,0,0,0,0,0,0,0,0,0,No,0,2,0,1,0,0,MELB_URBAN,MELB_URBAN,YARRA,METROPOLITAN NORTH WEST REGION,2014,12,December,FITZROY
144.98516957713457,-37.79905257203722,3422911,4/11/2014,21.30.00,Yes,No collision and no object struck,Tuesday,OUT OF CONTROL ON CARRIAGEWAY (ON STRAIGHT),Dark Street lights on,144.98516999999998,-37.79905,YARRA,METROPOLITAN NORTH WEST REGION,2,1,0,0,1,1,1,0,1,0,0,0,0,0,1,0,0,0,0,0,No,0,2,0,0,0,0,MELB_URBAN,MELB_URBAN,YARRA,METROPOLITAN NORTH WEST REGION,2014,11,November,COLLINGWOOD
145.14547424962674,-37.83151179722641,3422913,15/12/2014,17.20.00,No,Collision with vehicle,Monday,VEHICLE OFF FOOTPATH STRIKES VEH ON CARRIAGEWAY,Day,145.14547,-37.831509999999994,WHITEHORSE,METROPOLITAN SOUTH EAST REGION,2,1,0,0,1,1,1,0,1,0,0,0,0,0,1,0,0,0,0,0,No,0,2,0,0,0,0,MELB_URBAN,MELB_URBAN,WHITEHORSE,METROPOLITAN SOUTH EAST REGION,2014,12,December,BLACKBURN
145.25226038370747,-37.79656969572973,3422944,10/12/2014,16.20.00,No,No collision and no object struck,Wednesday,OUT OF CONTROL ON CARRIAGEWAY (ON STRAIGHT),Day,145.25226,-37.79657,MAROONDAH,METROPOLITAN SOUTH EAST REGION,2,1,0,1,0,1,2,0,1,0,1,0,0,0,0,0,0,0,0,0,No,0,2,0,1,0,0,MELB_URBAN,MELB_URBAN,MAROONDAH,METROPOLITAN SOUTH EAST REGION,2014,12,December,RINGWOOD
144.9669699454051,-37.800459986249855,3422949,10/12/2014,09.45.00,No,No collision and no object struck,Wednesday,OUT OF CONTROL ON CARRIAGEWAY (ON STRAIGHT),Day,144.96697,-37.80046,MELBOURNE,METROPOLITAN NORTH WEST REGION,2,1,0,0,1,1,1,1,1,0,1,0,0,0,0,0,0,0,0,0,No,0,2,0,1,0,0,MELB_URBAN,MELB_URBAN,MELBOURNE,METROPOLITAN NORTH WEST REGION,2014,12,December,CARLTON
144.9288789615838,-37.83422664408986,3422963,9/2/2015,05.45.00,Yes,Collision with vehicle,Monday,VEHICLE STRIKES ANOTHER VEH WHILE EMERGING FROM DRIVEWAY,Dark Street lights unknown,144.92888,-37.83423,PORT PHILLIP,METROPOLITAN NORTH WEST REGION,2,1,0,1,0,1,1,1,1,0,1,0,0,0,0,0,0,0,0,1,No,0,2,0,1,0,0,MELB_URBAN,MELB_URBAN,PORT PHILLIP,METROPOLITAN NORTH WEST REGION,2015,2,February,PORT MELBOURNE
144.97506940563932,-37.78491732692669,3422970,17/2/2015,16.20.00,No,Collision with vehicle,Monday,CROSS TRAFFIC(INTERSECTIONS ONLY),Day,144.97507,-37.78492,YARRA,METROPOLITAN NORTH WEST REGION,2,1,0,0,1,1,1,1,1,0,1,0,0,0,0,0,1,0,0,0,No,0,2,0,1,0,0,MELB_URBAN,MELB_URBAN,YARRA,METROPOLITAN NORTH WEST REGION,2015,2,February,CARLTON NORTH