X,Y,OBJECTID,ACCIDENT_DATE,ACCIDENT_TIME,ALCOHOLTIME,ACCIDENT_TYPE,DAY_OF_WEEK,DCA_CODE,LIGHT_CONDITION,LONGITUDE,LATITUDE,LGA_NAME,REGION_NAME,TOTAL_PERSONS,INJ_OR_FATAL,FATALITY,SERIOUSINJURY,OTHERINJURY,NONINJURED,MALES,FEMALES,BICYCLIST,PASSENGER,DRIVER,PEDESTRIAN,PILLION,MOTORIST,UNKNOWN,PED_CYCLIST_5_12,PED_CYCLIST_13_18,OLD_PEDESTRIAN,OLD_DRIVER,YOUNG_DRIVER,ALCOHOL_RELATED,UNLICENCSED,NO_OF_VEHICLES,HEAVYVEHICLE,PASSENGERVEHICLE,MOTORCYCLE,PUBLICVEHICLE,DEG_URBAN_NAME,DEG_URBAN_ALL,LGA_NAME_ALL,REGION_NAME_ALL,Year,Month,Month_name,Suburb
145.002470000876,-37.950780003003615,3422985,21/2/2015,07.30.00,Yes,Collision with vehicle,Saturday,LEFT TURN SIDESWIPE,Dusk/Dawn,145.00247,-37.95078,BAYSIDE,METROPOLITAN SOUTH EAST REGION,2,1,0,0,1,1,1,1,1,0,1,0,0,0,0,0,0,0,1,0,No,0,2,0,1,0,0,MELB_URBAN,MELB_URBAN,BAYSIDE,METROPOLITAN SOUTH EAST REGION,2015,2,February,SANDRINGHAM
144.97125130746107,-37.80966282801287,3422989,23/2/2015,07.45.00,No,Collision with vehicle,Monday,LANE SIDE SWIPE (VEHICLES IN PARALLEL LANES),Dusk/Dawn,144.97125,-37.80966,MELBOURNE,METROPOLITAN NORTH WEST REGION,3,1,0,1,0,2,2,1,1,1,1,0,0,0,0,0,0,0,0,0,No,0,2,0,1,0,0,MELBOURNE_CBD,MELBOURNE_CBD,MELBOURNE,METROPOLITAN NORTH WEST REGION,2015,2,February,MELBOURNE
144.96755962820896,-38.33139953322617,3423003,8/2/2015,12.55.00,No,Collision with vehicle,Sunday,VEHICLE STRIKES DOOR OF PARKED/STATIONARY VEHICLE,Day,144.96756000000002,-38.3314,MORNINGTON PENINSULA,METROPOLITAN SOUTH EAST REGION,3,1,0,0,1,2,2,1,1,1,1,0,0,0,0,0,0,0,0,0,No,0,2,0,1,0,0,MELB_URBAN,MELB_URBAN,MORNINGTON PENINSULA,METROPOLITAN SOUTH EAST REGION,2015,2,February,DROMANA
145.18543504908567,-37.90364632234577,3423005,12/2/2015,16.30.00,No,Collision with vehicle,Thursday,RIGHT REAR.,Day,145.18544,-37.90365,MONASH,METROPOLITAN SOUTH EAST REGION,2,1,0,0,1,1,1,1,1,0,1,0,0,0,0,0,0,0,0,1,No,0,2,0,1,0,0,MELB_URBAN,MELB_URBAN,MONASH,METROPOLITAN SOUTH EAST REGION,2015,2,February,WHEELERS HILL
145.65985677552382,-35.92427999065442,3423007,13/2/2015,08.50.00,No,Collision with vehicle,Thursday,LEFT TURN SIDESWIPE,Day,145.65986,-35.924279999999996,MOIRA,NORTH EASTERN REGION,3,1,0,0,1,2,0,3,2,0,1,0,0,0,0,0,0,0,0,0,No,1,3,0,1,0,0,TOWNS,TOWNS,MOIRA,NORTH EASTERN REGION,2015,2,February,COBRAM
144.9087155136413,-38.36900970960453,3423009,20/12/2014,11.45.00,No,Collision with vehicle,Saturday,VEHICLE STRIKES ANOTHER VEH WHILE EMERGING FROM DRIVEWAY,Day,144.90872,-38.369009999999996,MORNINGTON PENINSULA,METROPOLITAN SOUTH EAST REGION,2,1,0,0,1,1,1,1,1,0,1,0,0,0,0,0,0,0,0,0,No,0,2,0,1,0,0,MELB_URBAN,MELB_URBAN,MORNINGTON PENINSULA,METROPOLITAN SOUTH EAST REGION,2014,12,December,ROSEBUD
145.08789089634016,-38.008427752286494,3423013,13/2/2015,10.45.00,No,Collision with vehicle,Friday,RIGHT NEAR (INTERSECTIONS ONLY),Day,145.08789,-38.00843,KINGSTON,METROPOLITAN SOUTH EAST REGION,3,1,0,0,1,2,3,0,1,1,1,0,0,0,0,0,0,0,0,0,No,0,2,1,0,0,0,MELB_URBAN,MELB_URBAN,KINGSTON,METROPOLITAN SOUTH EAST REGION,2015,2,February,MORDIALLOC
145.03682313542558,-37.81469309556483,3423021,20/11/2014,18.02.00,Yes,Collision with vehicle,Thursday,RIGHT THROUGH,Dusk/Dawn,145.03682,-37.81469,BOROONDARA,METROPOLITAN SOUTH EAST REGION,2,1,0,0,1,1,2,0,1,0,1,0,0,0,0,0,0,0,0,1,No,0,2,0,1,0,0,MELB_URBAN,MELB_URBAN,BOROONDARA,METROPOLITAN SOUTH EAST REGION,2014,11,November,KEW
144.97943628490955,-37.846910859082605,3423024,18/2/2015,08.00.00,No,Collision with vehicle,Wednesday,VEHICLE STRIKES DOOR OF PARKED/STATIONARY VEHICLE,Day,144.97943999999998,-37.84691,MELBOURNE,METROPOLITAN NORTH WEST REGION,2,1,0,0,1,1,2,0,1,0,1,0,0,0,0,0,0,0,0,0,No,0,2,0,1,0,0,MELB_URBAN,MELB_URBAN,"PORT PHILLIP,MELBOURNE",METROPOLITAN NORTH WEST REGION,2015,2,February,MELBOURNE
144.99398564550546,-37.84777041180849,3423029,18/2/2015,08.37.00,No,Collision with vehicle,Tuesday,RIGHT THROUGH,Day,144.99399,-37.847770000000004,STONNINGTON,METROPOLITAN SOUTH EAST REGION,2,1,0,1,0,1,1,1,1,0,1,0,0,0,0,0,0,0,0,0,No,0,2,0,1,0,0,MELB_URBAN,MELB_URBAN,STONNINGTON,METROPOLITAN SOUTH EAST REGION,2015,2,February,PRAHRAN
144.99055997849388,-37.77342186311232,3423055,8/2/2015,09.20.00,Yes,No collision and no object struck,Sunday,OUT OF CONTROL ON CARRIAGEWAY (ON STRAIGHT),Day,144.99056000000002,-37.77342,DAREBIN,METROPOLITAN NORTH WEST REGION,2,1,0,1,0,1,0,1,1,0,0,0,0,0,1,0,0,0,0,0,No,0,2,0,0,0,0,MELB_URBAN,MELB_URBAN,DAREBIN,METROPOLITAN NORTH WEST REGION,2015,2,February,NORTHCOTE
144.95172937260853,-37.797020496221684,3423073,11/2/2015,07.40.00,No,Collision with vehicle,Wednesday,ENTERING PARKING,Dusk/Dawn,144.95173,-37.79702,MELBOURNE,METROPOLITAN NORTH WEST REGION,2,1,0,1,0,1,2,0,1,0,1,0,0,0,0,0,0,0,0,0,No,0,2,0,1,0,0,MELB_URBAN,MELB_URBAN,MELBOURNE,METROPOLITAN NORTH WEST REGION,2015,2,February,PARKVILLE
144.9927720224627,-37.80112021381453,3423082,16/2/2015,21.00.00,Yes,Collision with vehicle,Monday,LEAVING PARKING,Dark Street lights on,144.99277,-37.801120000000004,YARRA,METROPOLITAN NORTH WEST REGION,2,1,0,0,1,1,1,1,1,0,1,0,0,0,0,0,0,0,0,0,No,0,2,0,1,0,0,MELB_URBAN,MELB_URBAN,YARRA,METROPOLITAN NORTH WEST REGION,2015,2,February,COLLINGWOOD
146.2591602081622,-36.370858691629074,3423147,24/2/2015,09.30.00,No,Collision with vehicle,Tuesday,REAR END(VEHICLES IN SAME LANE),Day,146.25916,-36.37086,WANGARATTA,NORTH EASTERN REGION,2,1,0,1,0,1,1,1,1,0,1,0,0,0,0,0,0,0,0,0,No,0,2,0,1,0,0,RURAL_VICTORIA,RURAL_VICTORIA,WANGARATTA,NORTH EASTERN REGION,2015,2,February,WANGARATTA SOUTH
143.85965991661712,-37.543639148074284,3423165,13/2/2015,08.25.00,No,Collision with vehicle,Thursday,RIGHT THROUGH,Day,143.85966000000002,-37.54364,BALLARAT,WESTERN REGION,2,1,0,1,0,1,1,1,1,0,1,0,0,0,0,0,0,0,0,0,No,0,2,0,1,0,0,LARGE_PROVINCIAL_CITIES,LARGE_PROVINCIAL_CITIES,BALLARAT,WESTERN REGION,2015,2,February,SOLDIERS HILL
144.91580979812053,-37.77389440894553,3423176,11/2/2015,17.30.00,No,Collision with vehicle,Wednesday,RIGHT THROUGH,Day,144.91581000000002,-37.77389,MOONEE VALLEY,METROPOLITAN NORTH WEST REGION,2,1,0,0,1,1,0,2,1,0,1,0,0,0,0,0,0,0,0,0,No,0,2,0,1,0,0,MELB_URBAN,MELB_URBAN,MOONEE VALLEY,METROPOLITAN NORTH WEST REGION,2015,2,February,ASCOT VALE
145.02904877794725,-37.90255170736634,3423226,15/2/2015,18.50.00,Yes,Collision with vehicle,Sunday,VEHICLE OFF FOOTPATH STRIKES VEH ON CARRIAGEWAY,Day,145.02905,-37.90255,GLEN EIRA,METROPOLITAN SOUTH EAST REGION,3,1,0,1,0,2,3,0,1,1,1,0,0,0,0,1,0,0,0,0,No,0,2,0,1,0,0,MELB_URBAN,MELB_URBAN,GLEN EIRA,METROPOLITAN SOUTH EAST REGION,2015,2,February,CAULFIELD SOUTH
145.11330531517586,-37.75721429963641,3423227,19/2/2015,11.30.00,No,No collision and no object struck,Thursday,OUT OF CONTROL ON CARRIAGEWAY (ON STRAIGHT),Day,145.11331,-37.75721,MANNINGHAM,METROPOLITAN SOUTH EAST REGION,1,1,0,0,1,0,1,0,1,0,0,0,0,0,0,0,0,0,0,0,No,0,1,0,0,0,0,MELB_URBAN,MELB_URBAN,MANNINGHAM,METROPOLITAN SOUTH EAST REGION,2015,2,February,TEMPLESTOWE LOWER
145.0287628575002,-37.80886619102919,3423228,19/2/2015,06.30.00,No,Collision with vehicle,Thursday,RIGHT THROUGH,Dusk/Dawn,145.02876,-37.80887,BOROONDARA,METROPOLITAN SOUTH EAST REGION,2,1,0,1,0,1,1,1,1,0,1,0,0,0,0,0,0,0,0,0,No,0,2,0,1,0,0,MELB_URBAN,MELB_URBAN,BOROONDARA,METROPOLITAN SOUTH EAST REGION,2015,2,February,KEW
145.10969128624617,-37.55785513430444,3423229,19/2/2015,09.45.00,No,Collision with vehicle,Thursday,CROSS TRAFFIC(INTERSECTIONS ONLY),Day,145.10969,-37.55786,WHITTLESEA,METROPOLITAN NORTH WEST REGION,2,1,0,0,1,1,1,1,1,0,1,0,0,0,0,0,0,0,0,0,No,0,2,0,1,0,0,RURAL_VICTORIA,RURAL_VICTORIA,WHITTLESEA,METROPOLITAN NORTH WEST REGION,2015,2,February,YAN YEAN
144.96743949841982,-37.811360141810546,3423245,4/2/2015,18.50.00,Yes,Collision with vehicle,Wednesday,VEHICLE STRIKES DOOR OF PARKED/STATIONARY VEHICLE,Day,144.96743999999998,-37.81136,MELBOURNE,METROPOLITAN NORTH WEST REGION,2,1,0,0,1,1,2,0,1,0,1,0,0,0,0,0,0,0,0,0,No,0,2,0,1,0,0,MELBOURNE_CBD,MELBOURNE_CBD,MELBOURNE,METROPOLITAN NORTH WEST REGION,2015,2,February,MELBOURNE
144.9410394346507,-37.78928337569045,3423261,10/2/2015,08.09.00,No,Collision with vehicle,Tuesday,LEFT TURN SIDESWIPE,Day,144.94104,-37.78928,MELBOURNE,METROPOLITAN NORTH WEST REGION,2,1,0,0,1,1,1,1,1,0,1,0,0,0,0,0,0,0,0,0,No,0,2,0,0,0,0,MELB_URBAN,MELB_URBAN,MELBOURNE,METROPOLITAN NORTH WEST REGION,2015,2,February,NORTH MELBOURNE
144.96200969120812,-37.80656182240921,3423282,17/2/2015,17.05.00,No,Collision with vehicle,Tuesday,LANE SIDE SWIPE (VEHICLES IN PARALLEL LANES),Day,144.96201000000002,-37.80656,MELBOURNE,METROPOLITAN NORTH WEST REGION,2,1,0,0,1,1,2,0,1,0,1,0,0,0,0,0,0,0,0,0,No,0,2,0,1,0,0,MELB_URBAN,MELB_URBAN,MELBOURNE,METROPOLITAN NORTH WEST REGION,2015,2,February,CARLTON
145.02117364781594,-37.75101181309137,3423283,19/2/2015,15.10.00,No,Collision with vehicle,Thursday,CROSS TRAFFIC(INTERSECTIONS ONLY),Day,145.02116999999998,-37.75101,DAREBIN,METROPOLITAN NORTH WEST REGION,2,2,0,0,2,0,2,0,1,0,1,0,0,0,0,0,0,0,0,0,No,0,2,0,1,0,0,MELB_URBAN,MELB_URBAN,DAREBIN,METROPOLITAN NORTH WEST REGION,2015,2,February,PRESTON
143.82032060844557,-37.54326678373363,3423284,22/1/2015,10.30.00,No,No collision and no object struck,Thursday,OUT OF CONTROL ON CARRIAGEWAY (ON STRAIGHT),Day,143.82032,-37.54327,BALLARAT,WESTERN REGION,1,1,0,1,0,0,1,0,1,0,0,0,0,0,0,0,0,0,0,0,No,0,1,0,0,0,0,LARGE_PROVINCIAL_CITIES,LARGE_PROVINCIAL_CITIES,BALLARAT,WESTERN REGION,2015,1,January,LAKE GARDENS
144.95758623217074,-37.8326068570679,3423285,10/2/2015,19.15.00,Yes,Collision with vehicle,Tuesday,VEHICLE OFF FOOTPATH STRIKES VEH ON CARRIAGEWAY,Dusk/Dawn,144.95758999999998,-37.832609999999995,PORT PHILLIP,METROPOLITAN NORTH WEST REGION,2,1,0,0,1,1,1,1,1,0,1,0,0,0,0,0,0,0,0,0,No,0,2,0,1,0,0,MELB_URBAN,MELB_URBAN,PORT PHILLIP,METROPOLITAN NORTH WEST REGION,2015,2,February,SOUTH MELBOURNE
144.95568939783487,-37.7765231410451,3423302,24/12/2014,13.30.00,No,Collision with vehicle,Wednesday,VEHICLE STRIKES DOOR OF PARKED/STATIONARY VEHICLE,Day,144.95569,-37.77652,MORELAND,METROPOLITAN NORTH WEST REGION,2,1,0,1,0,1,0,1,1,0,0,0,0,0,1,0,0,0,0,0,No,0,2,0,0,0,0,MELB_URBAN,MELB_URBAN,MORELAND,METROPOLITAN NORTH WEST REGION,2014,12,December,BRUNSWICK
144.9874870419619,-37.77906526343449,3423311,10/2/2015,09.04.00,No,Collision with vehicle,Monday,RIGHT THROUGH,Day,144.98748999999998,-37.779070000000004,YARRA,METROPOLITAN NORTH WEST REGION,2,1,0,0,1,1,2,0,1,0,1,0,0,0,0,0,0,0,0,0,No,0,2,0,1,0,0,MELB_URBAN,MELB_URBAN,YARRA,METROPOLITAN NORTH WEST REGION,2015,2,February,FITZROY NORTH
143.87945907105353,-37.55100179420197,3423318,14/2/2015,19.00.00,Yes,Collision with vehicle,Saturday,U TURN,Dusk/Dawn,143.87946000000002,-37.551,BALLARAT,WESTERN REGION,3,1,0,1,0,2,1,2,1,1,1,0,0,0,0,0,0,0,0,0,No,0,2,0,1,0,0,LARGE_PROVINCIAL_CITIES,LARGE_PROVINCIAL_CITIES,BALLARAT,WESTERN REGION,2015,2,February,BLACK HILL
144.705182607627,-37.856811764060396,3423326,17/1/2015,19.45.00,Yes,Collision with vehicle,Saturday,CROSS TRAFFIC(INTERSECTIONS ONLY),Unk.,144.70518,-37.856809999999996,WYNDHAM,METROPOLITAN NORTH WEST REGION,2,1,0,0,1,1,2,0,1,0,1,0,0,0,0,0,0,0,0,0,No,0,2,0,1,0,0,MELB_URBAN,MELB_URBAN,WYNDHAM,METROPOLITAN NORTH WEST REGION,2015,1,January,HOPPERS CROSSING
144.96135881146827,-37.810316721263774,3423339,19/2/2015,21.46.00,Yes,Collision with vehicle,Thursday,CROSS TRAFFIC(INTERSECTIONS ONLY),Dark Street lights on,144.96136,-37.810320000000004,MELBOURNE,METROPOLITAN NORTH WEST REGION,2,1,0,0,1,1,2,0,1,0,1,0,0,0,0,0,0,0,0,1,No,0,2,0,1,0,0,MELBOURNE_CBD,"MELBOURNE_CBD,MELB_URBAN",MELBOURNE,METROPOLITAN NORTH WEST REGION,2015,2,February,MELBOURNE
144.9687432639964,-37.80815840340989,3423342,19/1/2015,11.00.00,No,Collision with vehicle,Monday,LEFT REAR,Day,144.96874,-37.80816,MELBOURNE,METROPOLITAN NORTH WEST REGION,2,1,0,0,1,1,1,0,1,0,0,0,0,0,1,0,0,0,0,0,No,0,2,0,0,0,0,MELBOURNE_CBD,"MELBOURNE_CBD,MELB_URBAN",MELBOURNE,METROPOLITAN NORTH WEST REGION,2015,1,January,MELBOURNE
144.99527979614197,-37.84702092574747,3423349,3/2/2015,10.30.00,No,Collision with vehicle,Tuesday,U TURN,Day,144.99528,-37.84702,STONNINGTON,METROPOLITAN SOUTH EAST REGION,2,1,0,0,1,1,1,0,1,0,1,0,0,0,0,0,0,0,0,0,No,0,2,0,1,0,0,MELB_URBAN,MELB_URBAN,STONNINGTON,METROPOLITAN SOUTH EAST REGION,2015,2,February,SOUTH YARRA
144.96278785911448,-37.81435534226566,3423363,19/1/2015,17.30.00,No,Collision with vehicle,Monday,VEHICLE STRIKES DOOR OF PARKED/STATIONARY VEHICLE,Day,144.96278999999998,-37.81436,MELBOURNE,METROPOLITAN NORTH WEST REGION,2,1,0,1,0,1,2,0,1,0,1,0,0,0,0,0,0,0,0,0,No,0,2,0,1,0,0,MELBOURNE_CBD,MELBOURNE_CBD,MELBOURNE,METROPOLITAN NORTH WEST REGION,2015,1,January,MELBOURNE
144.91132564037372,-38.35403339764541,3423377,15/2/2015,09.40.00,No,Collision with vehicle,,CROSS TRAFFIC(INTERSECTIONS ONLY),Day,144.91133,-38.35403,MORNINGTON PENINSULA,METROPOLITAN SOUTH EAST REGION,2,1,0,0,1,1,1,1,1,0,1,0,0,0,0,0,0,0,1,0,No,0,2,0,1,0,0,MELB_URBAN,MELB_URBAN,MORNINGTON PENINSULA,METROPOLITAN SOUTH EAST REGION,2015,2,February,ROSEBUD
145.9905431630473,-36.57894458363592,3423389,20/2/2015,10.45.00,No,Collision with vehicle,Thursday,LEFT NEAR (INTERSECTIONS ONLY),Day,145.99053999999998,-36.57894,BENALLA,NORTH EASTERN REGION,2,2,0,2,0,0,1,1,1,0,1,0,0,0,0,0,0,0,0,0,No,0,2,0,1,0,0,RURAL_VICTORIA,RURAL_VICTORIA,BENALLA,NORTH EASTERN REGION,2015,2,February,BENALLA
144.3305590657857,-38.12966453345153,3423392,20/2/2015,09.35.00,No,Collision with vehicle,Friday,VEHICLE STRIKES DOOR OF PARKED/STATIONARY VEHICLE,Day,144.33056000000002,-38.12966,GEELONG,SOUTH WESTERN REGION,2,1,0,1,0,1,2,0,1,0,1,0,0,0,0,0,0,0,0,0,No,0,2,0,1,0,0,LARGE_PROVINCIAL_CITIES,LARGE_PROVINCIAL_CITIES,GEELONG,SOUTH WESTERN REGION,2015,2,February,HAMLYN HEIGHTS
145.07157763328902,-37.92273599906557,3423395,20/2/2015,07.40.00,No,Collision with vehicle,Friday,REAR END(VEHICLES IN SAME LANE),Dusk/Dawn,145.07158,-37.922740000000005,GLEN EIRA,METROPOLITAN SOUTH EAST REGION,2,1,0,0,1,1,1,1,1,0,1,0,0,0,0,0,0,0,0,0,No,0,2,0,1,0,0,MELB_URBAN,MELB_URBAN,GLEN EIRA,METROPOLITAN SOUTH EAST REGION,2015,2,February,BENTLEIGH EAST
144.9885200012169,-37.927420004121096,3423403,5/2/2015,20.00.00,Yes,Collision with vehicle,Thursday,LEFT NEAR (INTERSECTIONS ONLY),Dusk/Dawn,144.98852,-37.92742,BAYSIDE,METROPOLITAN SOUTH EAST REGION,2,1,0,1,0,1,2,0,1,0,1,0,0,0,0,0,0,0,0,0,No,0,2,0,1,0,0,MELB_URBAN,MELB_URBAN,BAYSIDE,METROPOLITAN SOUTH EAST REGION,2015,2,February,BRIGHTON
145.10503528446887,-37.695282073515756,3423414,10/2/2015,19.50.00,Yes,Collision with vehicle,Tuesday,VEHICLE STRIKES ANOTHER VEH WHILE EMERGING FROM DRIVEWAY,Dusk/Dawn,145.10504,-37.69528,BANYULE,METROPOLITAN NORTH WEST REGION,2,1,0,1,0,1,2,0,1,0,1,0,0,0,0,1,0,0,0,1,No,0,2,0,1,0,0,MELB_URBAN,MELB_URBAN,BANYULE,METROPOLITAN NORTH WEST REGION,2015,2,February,GREENSBOROUGH
145.0389984561631,-37.82931347116873,3423437,17/2/2015,17.15.00,No,Vehicle overturned (no collision),Tuesday,OUT OF CONTROL ON CARRIAGEWAY (ON STRAIGHT),Day,145.039,-37.82931,BOROONDARA,METROPOLITAN SOUTH EAST REGION,1,1,0,0,1,0,1,0,1,0,0,0,0,0,0,0,0,0,0,0,No,0,1,0,0,0,0,MELB_URBAN,MELB_URBAN,BOROONDARA,METROPOLITAN SOUTH EAST REGION,2015,2,February,HAWTHORN
144.92911088302924,-37.83190286586528,3423448,18/9/2014,07.30.00,No,Collision with vehicle,Thursday,VEHICLE STRIKES DOOR OF PARKED/STATIONARY VEHICLE,Unk.,144.92911,-37.8319,PORT PHILLIP,METROPOLITAN NORTH WEST REGION,2,1,0,0,1,1,2,0,1,0,1,0,0,0,0,0,0,0,0,1,No,0,2,0,1,0,0,MELB_URBAN,MELB_URBAN,PORT PHILLIP,METROPOLITAN NORTH WEST REGION,2014,9,September,PORT MELBOURNE
143.80957251864123,-37.52485415362258,3423451,6/2/2015,07.15.00,No,Collision with vehicle,Thursday,CROSS TRAFFIC(INTERSECTIONS ONLY),Dusk/Dawn,143.80957,-37.52485,BALLARAT,WESTERN REGION,2,1,0,0,1,1,2,0,1,0,1,0,0,0,0,0,0,0,0,0,No,0,2,0,1,0,0,LARGE_PROVINCIAL_CITIES,LARGE_PROVINCIAL_CITIES,BALLARAT,WESTERN REGION,2015,2,February,MITCHELL PARK
144.71435963061242,-38.32034177350401,3423456,6/2/2015,10.00.00,No,No collision and no object struck,Friday,OFF CARRIAGEWAY TO LEFT,Day,144.71436,-38.32034,MORNINGTON PENINSULA,METROPOLITAN SOUTH EAST REGION,2,1,0,0,1,1,0,1,1,0,1,0,0,0,0,0,0,0,0,0,No,0,2,0,1,0,0,MELB_URBAN,MELB_URBAN,MORNINGTON PENINSULA,METROPOLITAN SOUTH EAST REGION,2015,2,February,PORTSEA
144.93396270860293,-37.78255061139525,3423457,6/2/2015,09.00.00,No,Collision with vehicle,Friday,RIGHT THROUGH,Day,144.93396,-37.78255,MOONEE VALLEY,METROPOLITAN NORTH WEST REGION,2,1,0,0,1,1,2,0,1,0,1,0,0,0,0,0,0,0,0,0,No,0,2,0,1,0,0,MELB_URBAN,MELB_URBAN,MOONEE VALLEY,METROPOLITAN NORTH WEST REGION,2015,2,February,FLEMINGTON
144.99778994225798,-37.82567034318996,3423461,11/2/2015,06.35.00,No,Collision with vehicle,Tuesday,PULLING OUT -REAR END,Dusk/Dawn,144.99778999999998,-37.82567,YARRA,METROPOLITAN NORTH WEST REGION,2,1,0,0,1,1,2,0,1,0,1,0,0,0,0,0,0,0,0,1,No,0,2,0,0,0,0,MELB_URBAN,MELB_URBAN,YARRA,METROPOLITAN NORTH WEST REGION,2015,2,February,CREMORNE
144.9737269459423,-37.82158643215906,3423465,11/2/2015,08.50.00,No,Collision with vehicle,Wednesday,VEHICLE OFF FOOTPATH STRIKES VEH ON CARRIAGEWAY,Day,144.97373000000002,-37.82159,MELBOURNE,METROPOLITAN NORTH WEST REGION,2,1,0,1,0,1,2,0,1,0,1,0,0,0,0,0,0,0,0,0,No,0,2,0,1,0,0,MELB_URBAN,MELB_URBAN,MELBOURNE,METROPOLITAN NORTH WEST REGION,2015,2,February,MELBOURNE
145.34332940278182,-38.033734761146285,3423467,5/2/2015,17.20.00,No,Collision with vehicle,Thursday,VEHICLE STRIKES ANOTHER VEH WHILE EMERGING FROM DRIVEWAY,Day,145.34333,-38.03373,CASEY,METROPOLITAN SOUTH EAST REGION,2,1,0,0,1,1,1,1,1,0,1,0,0,0,0,0,0,0,0,0,No,0,2,0,1,0,0,MELB_URBAN,MELB_URBAN,CASEY,METROPOLITAN SOUTH EAST REGION,2015,2,February,BERWICK
144.93396270860293,-37.78255061139525,3423468,11/2/2015,08.40.00,No,Collision with vehicle,Wednesday,RIGHT THROUGH,Day,144.93396,-37.78255,MOONEE VALLEY,METROPOLITAN NORTH WEST REGION,2,1,0,0,1,1,1,1,1,0,1,0,0,0,0,0,0,0,0,0,No,0,2,0,1,0,0,MELB_URBAN,MELB_URBAN,MOONEE VALLEY,METROPOLITAN NORTH WEST REGION,2015,2,February,FLEMINGTON
145.15394155059994,-37.035093401038544,3423472,11/2/2015,08.30.00,No,Collision with vehicle,Wednesday,LEFT NEAR (INTERSECTIONS ONLY),Day,145.15393999999998,-37.035090000000004,MITCHELL,NORTHERN REGION,2,1,0,0,1,1,2,0,1,0,1,0,0,0,0,0,0,0,0,0,No,0,2,0,1,0,0,TOWNS,TOWNS,MITCHELL,NORTHERN REGION,2015,2,February,SEYMOUR
145.14469713941563,-37.990853718222795,3423506,6/2/2015,13.35.00,No,Collision with vehicle,Friday,RIGHT THROUGH,Day,145.1447,-37.99085,DANDENONG,METROPOLITAN SOUTH EAST REGION,2,1,0,0,1,1,1,1,1,0,1,0,0,0,0,0,0,0,0,0,No,0,2,0,1,0,0,MELB_URBAN,MELB_URBAN,"KINGSTON,DANDENONG",METROPOLITAN SOUTH EAST REGION,2015,2,February,KEYSBOROUGH
144.9413998557464,-37.77189077237794,3423508,5/2/2015,19.00.00,Yes,Collision with vehicle,Wednesday,VEHICLE STRIKES DOOR OF PARKED/STATIONARY VEHICLE,Dark Street lights unknown,144.9414,-37.77189,MORELAND,METROPOLITAN NORTH WEST REGION,2,1,0,0,1,1,1,0,1,0,0,0,0,0,1,0,0,0,0,0,No,0,2,0,0,0,0,MELB_URBAN,MELB_URBAN,MORELAND,METROPOLITAN NORTH WEST REGION,2015,2,February,BRUNSWICK WEST
145.07183926913734,-37.996492434653895,3423518,16/12/2014,06.00.00,Yes,No collision and no object struck,Monday,OUT OF CONTROL ON CARRIAGEWAY (ON STRAIGHT),Dusk/Dawn,145.07183999999998,-37.99649,KINGSTON,METROPOLITAN SOUTH EAST REGION,2,1,0,1,0,1,1,1,2,0,0,0,0,0,0,0,0,0,0,0,No,0,2,0,0,0,0,MELB_URBAN,MELB_URBAN,KINGSTON,METROPOLITAN SOUTH EAST REGION,2014,12,December,PARKDALE
144.9687432639964,-37.80815840340989,3423523,11/2/2015,16.50.00,No,No collision and no object struck,Wednesday,OUT OF CONTROL ON CARRIAGEWAY (ON STRAIGHT),Day,144.96874,-37.80816,MELBOURNE,METROPOLITAN NORTH WEST REGION,2,1,0,0,1,1,2,0,1,0,1,0,0,0,0,0,1,0,0,0,No,0,2,0,1,0,0,MELBOURNE_CBD,"MELBOURNE_CBD,MELB_URBAN",MELBOURNE,METROPOLITAN NORTH WEST REGION,2015,2,February,MELBOURNE
145.32363929747066,-37.86731237023261,3423526,8/2/2015,10.45.00,No,No collision and no object struck,,OFF CARRIAGEWAY ON RIGHT BEND,Day,145.32363999999998,-37.867309999999996,YARRA RANGES,METROPOLITAN SOUTH EAST REGION,2,1,0,0,1,1,1,0,1,0,0,0,0,0,1,0,0,0,0,0,No,0,2,0,0,0,0,MELB_URBAN,MELB_URBAN,YARRA RANGES,METROPOLITAN SOUTH EAST REGION,2015,2,February,TREMONT
144.31859399330537,-38.17251966173652,3423527,16/2/2015,08.30.00,No,Collision with vehicle,Monday,LANE SIDE SWIPE (VEHICLES IN PARALLEL LANES),Day,144.31859,-38.17252,GEELONG,SOUTH WESTERN REGION,2,1,0,1,0,1,0,1,1,0,1,0,0,0,0,0,0,0,0,0,No,0,2,0,0,0,1,LARGE_PROVINCIAL_CITIES,LARGE_PROVINCIAL_CITIES,GEELONG,SOUTH WESTERN REGION,2015,2,February,HIGHTON
145.03022606754672,-37.74530956967669,3423528,16/2/2015,08.38.00,No,Collision with vehicle,Monday,LEFT TURN SIDESWIPE,Day,145.03023000000002,-37.745309999999996,DAREBIN,METROPOLITAN NORTH WEST REGION,2,1,0,0,1,1,0,2,1,0,1,0,0,0,0,0,0,0,0,0,No,0,2,0,1,0,0,MELB_URBAN,MELB_URBAN,DAREBIN,METROPOLITAN NORTH WEST REGION,2015,2,February,PRESTON