X,Y,OBJECTID,ACCIDENT_DATE,ACCIDENT_TIME,ALCOHOLTIME,ACCIDENT_TYPE,DAY_OF_WEEK,DCA_CODE,LIGHT_CONDITION,LONGITUDE,LATITUDE,LGA_NAME,REGION_NAME,TOTAL_PERSONS,INJ_OR_FATAL,FATALITY,SERIOUSINJURY,OTHERINJURY,NONINJURED,MALES,FEMALES,BICYCLIST,PASSENGER,DRIVER,PEDESTRIAN,PILLION,MOTORIST,UNKNOWN,PED_CYCLIST_5_12,PED_CYCLIST_13_18,OLD_PEDESTRIAN,OLD_DRIVER,YOUNG_DRIVER,ALCOHOL_RELATED,UNLICENCSED,NO_OF_VEHICLES,HEAVYVEHICLE,PASSENGERVEHICLE,MOTORCYCLE,PUBLICVEHICLE,DEG_URBAN_NAME,DEG_URBAN_ALL,LGA_NAME_ALL,REGION_NAME_ALL,Year,Month,Month_name,Suburb
144.98794998654438,-37.79566479550763,3425092,13/3/2015,17.30.00,Yes,Collision with vehicle,Friday,CROSS TRAFFIC(INTERSECTIONS ONLY),Dusk/Dawn,144.98795,-37.79566,YARRA,METROPOLITAN NORTH WEST REGION,2,1,0,0,1,1,1,1,1,0,1,0,0,0,0,0,0,0,0,0,No,0,2,0,1,0,0,MELB_URBAN,MELB_URBAN,YARRA,METROPOLITAN NORTH WEST REGION,2015,3,March,COLLINGWOOD
144.96555978242296,-37.78512135105903,3425099,20/3/2015,17.00.00,Yes,Collision with vehicle,Friday,VEHICLE STRIKES DOOR OF PARKED/STATIONARY VEHICLE,Dusk/Dawn,144.96556,-37.78512,MELBOURNE,METROPOLITAN NORTH WEST REGION,2,1,0,0,1,1,0,2,1,0,1,0,0,0,0,0,0,0,0,0,No,0,2,0,1,0,0,MELB_URBAN,MELB_URBAN,"YARRA,MELBOURNE",METROPOLITAN NORTH WEST REGION,2015,3,March,PRINCES HILL
144.98807053491683,-37.919709965015,3425105,21/3/2015,14.40.00,Yes,Collision with vehicle,Saturday,LANE CHANGE LEFT (NOT OVERTAKING),Day,144.98807,-37.919709999999995,BAYSIDE,METROPOLITAN SOUTH EAST REGION,2,1,0,0,1,1,0,2,1,0,1,0,0,0,0,0,0,0,0,0,No,0,2,0,1,0,0,MELB_URBAN,MELB_URBAN,BAYSIDE,METROPOLITAN SOUTH EAST REGION,2015,3,March,BRIGHTON
144.9918956075126,-37.72733821504697,3425109,21/3/2015,20.15.00,Yes,Collision with vehicle,Saturday,VEHICLE OFF FOOTPATH STRIKES VEH ON CARRIAGEWAY,Dark Street lights off,144.9919,-37.727340000000005,DAREBIN,METROPOLITAN NORTH WEST REGION,2,1,0,0,1,1,2,0,1,0,1,0,0,0,0,0,1,0,0,1,No,0,2,0,1,0,0,MELB_URBAN,MELB_URBAN,DAREBIN,METROPOLITAN NORTH WEST REGION,2015,3,March,RESERVOIR
144.57775834368903,-37.688787959671494,3425113,26/3/2015,08.56.00,No,Collision with vehicle,Wednesday,CROSS TRAFFIC(INTERSECTIONS ONLY),Day,144.57776,-37.688790000000004,MELTON,METROPOLITAN NORTH WEST REGION,2,1,0,0,1,1,1,1,1,0,1,0,0,0,0,0,0,0,0,0,No,0,2,0,1,0,0,SMALL_CITIES,SMALL_CITIES,MELTON,METROPOLITAN NORTH WEST REGION,2015,3,March,MELTON
144.95473558038182,-37.850762014107495,3425117,25/3/2015,18.00.00,Yes,Collision with vehicle,Tuesday,RIGHT THROUGH,Dusk/Dawn,144.95474,-37.85076,PORT PHILLIP,METROPOLITAN NORTH WEST REGION,2,1,0,0,1,1,2,0,1,0,1,0,0,0,0,0,0,0,0,0,No,0,2,0,1,0,0,MELB_URBAN,MELB_URBAN,PORT PHILLIP,METROPOLITAN NORTH WEST REGION,2015,3,March,MIDDLE PARK
144.74836086018684,-37.710793137244345,3425118,22/3/2015,11.30.00,No,Collision with vehicle,Sunday,CROSS TRAFFIC(INTERSECTIONS ONLY),Day,144.74836000000002,-37.71079,MELTON,METROPOLITAN NORTH WEST REGION,2,1,0,0,1,1,2,0,1,0,1,0,0,0,0,0,0,0,0,0,No,0,2,0,0,0,0,MELB_URBAN,MELB_URBAN,MELTON,METROPOLITAN NORTH WEST REGION,2015,3,March,TAYLORS HILL
144.9728896341368,-37.79774044692903,3425119,18/3/2015,18.40.00,Yes,No collision and no object struck,Wednesday,OUT OF CONTROL ON CARRIAGEWAY (ON STRAIGHT),Dusk/Dawn,144.97288999999998,-37.797740000000005,MELBOURNE,METROPOLITAN NORTH WEST REGION,2,1,0,1,0,1,0,1,1,0,0,0,0,0,1,0,0,0,0,0,No,0,2,0,0,0,0,MELB_URBAN,MELB_URBAN,MELBOURNE,METROPOLITAN NORTH WEST REGION,2015,3,March,CARLTON
144.8962686936776,-37.81949571650847,3425122,14/3/2015,09.00.00,No,Collision with vehicle,Saturday,VEHICLE OFF FOOTPATH STRIKES VEH ON CARRIAGEWAY,Day,144.89627,-37.8195,MARIBYRNONG,METROPOLITAN NORTH WEST REGION,2,1,0,0,1,1,1,1,1,0,1,0,0,0,0,0,0,0,0,0,No,0,2,0,1,0,0,MELB_URBAN,MELB_URBAN,MARIBYRNONG,METROPOLITAN NORTH WEST REGION,2015,3,March,YARRAVILLE
144.89374879418256,-37.867610832360455,3425123,25/3/2015,18.20.00,Yes,Collision with vehicle,Wednesday,U TURN,Dusk/Dawn,144.89375,-37.86761,HOBSONS BAY,METROPOLITAN NORTH WEST REGION,2,2,0,0,2,0,1,1,1,0,1,0,0,0,0,0,0,0,0,1,No,0,2,0,1,0,0,MELB_URBAN,MELB_URBAN,HOBSONS BAY,METROPOLITAN NORTH WEST REGION,2015,3,March,WILLIAMSTOWN
146.8880699994751,-36.12499999586552,3425127,30/3/2015,19.45.00,Yes,Collision with vehicle,Monday,CROSS TRAFFIC(INTERSECTIONS ONLY),Dusk/Dawn,146.88807,-36.125,WODONGA,NORTH EASTERN REGION,2,1,0,0,1,1,2,0,1,0,1,0,0,0,0,0,0,0,0,0,No,0,2,0,1,0,0,SMALL_CITIES,SMALL_CITIES,WODONGA,NORTH EASTERN REGION,2015,3,March,WODONGA
145.03485933901916,-37.8144635566228,3425144,13/3/2015,06.30.00,No,Collision with vehicle,Friday,VEHICLE STRIKES DOOR OF PARKED/STATIONARY VEHICLE,Dark Street lights unknown,145.03486,-37.81446,BOROONDARA,METROPOLITAN SOUTH EAST REGION,2,1,0,1,0,1,2,0,1,0,1,0,0,0,0,0,0,0,0,0,No,0,2,0,1,0,0,MELB_URBAN,MELB_URBAN,BOROONDARA,METROPOLITAN SOUTH EAST REGION,2015,3,March,KEW
142.17436520669452,-34.1918778648689,3425156,21/3/2015,23.12.00,Yes,Collision with vehicle,Saturday,RIGHT/LEFT FAR (INTERSECTIONS ONLY),Dark Street lights on,142.17436999999998,-34.19188,MILDURA,WESTERN REGION,2,1,0,0,1,1,2,0,1,0,1,0,0,0,0,0,0,0,0,0,Yes,0,2,0,1,0,0,SMALL_CITIES,SMALL_CITIES,MILDURA,WESTERN REGION,2015,3,March,MILDURA
145.00388006221735,-37.826339680587495,3425161,21/3/2015,10.10.00,No,Collision with vehicle,Saturday,RIGHT THROUGH,Day,145.00388,-37.82634,YARRA,METROPOLITAN NORTH WEST REGION,2,1,0,0,1,1,1,1,1,0,1,0,0,0,0,0,0,0,0,0,No,0,2,0,1,0,0,MELB_URBAN,MELB_URBAN,YARRA,METROPOLITAN NORTH WEST REGION,2015,3,March,RICHMOND
144.96598005447197,-37.831443089148266,3425168,6/3/2015,10.45.00,No,Collision with vehicle,Thursday,VEHICLE OFF FOOTPATH STRIKES VEH ON CARRIAGEWAY,Day,144.96598,-37.83144,MELBOURNE,METROPOLITAN NORTH WEST REGION,2,1,0,0,1,1,2,0,1,0,0,0,0,0,1,0,0,0,0,0,No,0,2,0,0,0,0,MELB_URBAN,MELB_URBAN,"PORT PHILLIP,MELBOURNE",METROPOLITAN NORTH WEST REGION,2015,3,March,SOUTHBANK
144.9575595550603,-37.79968996099417,3425171,22/3/2015,18.15.00,No,Collision with vehicle,,VEHICLE STRIKES DOOR OF PARKED/STATIONARY VEHICLE,Dusk/Dawn,144.95756,-37.799690000000005,MELBOURNE,METROPOLITAN NORTH WEST REGION,2,1,0,0,1,1,2,0,1,0,1,0,0,0,0,0,0,0,0,0,No,0,2,0,1,0,0,MELB_URBAN,MELB_URBAN,MELBOURNE,METROPOLITAN NORTH WEST REGION,2015,3,March,PARKVILLE
145.03953930502237,-37.80787380977976,3425172,25/3/2015,09.30.00,No,Collision with vehicle,Tuesday,VEHICLE STRIKES DOOR OF PARKED/STATIONARY VEHICLE,Unk.,145.03954,-37.80787,BOROONDARA,METROPOLITAN SOUTH EAST REGION,2,1,0,0,1,1,1,1,1,0,1,0,0,0,0,0,0,0,0,0,No,0,2,0,1,0,0,MELB_URBAN,MELB_URBAN,BOROONDARA,METROPOLITAN SOUTH EAST REGION,2015,3,March,KEW
145.08282598197297,-37.82423206992303,3425179,24/3/2015,17.50.00,No,Collision with vehicle,Tuesday,LEFT NEAR (INTERSECTIONS ONLY),Dusk/Dawn,145.08283,-37.82423,BOROONDARA,METROPOLITAN SOUTH EAST REGION,2,1,0,1,0,1,2,0,1,0,1,0,0,0,0,0,0,0,0,0,No,0,2,0,1,0,0,MELB_URBAN,MELB_URBAN,BOROONDARA,METROPOLITAN SOUTH EAST REGION,2015,3,March,CANTERBURY
144.98884000050725,-37.82463000045568,3425183,23/2/2014,15.00.00,No,Collision with vehicle,Sunday,VEHICLE OFF FOOTPATH STRIKES VEH ON CARRIAGEWAY,Unk.,144.98883999999998,-37.82463,MELBOURNE,METROPOLITAN NORTH WEST REGION,2,1,0,0,1,1,1,1,1,0,1,0,0,0,0,0,0,0,0,0,No,0,2,0,1,0,0,MELB_URBAN,MELB_URBAN,"YARRA,MELBOURNE",METROPOLITAN NORTH WEST REGION,2014,2,February,CREMORNE
144.9653862569251,-37.81299107103958,3425191,16/3/2015,09.30.00,No,No collision and no object struck,Monday,OUT OF CONTROL ON CARRIAGEWAY (ON STRAIGHT),Day,144.96538999999999,-37.81299,MELBOURNE,METROPOLITAN NORTH WEST REGION,1,1,0,0,1,0,1,0,1,0,0,0,0,0,0,0,0,0,0,0,No,0,1,0,0,0,0,MELBOURNE_CBD,MELBOURNE_CBD,MELBOURNE,METROPOLITAN NORTH WEST REGION,2015,3,March,MELBOURNE
145.007769013213,-37.82242270797073,3425192,17/3/2015,13.00.00,No,No collision and no object struck,Tuesday,OUT OF CONTROL ON CARRIAGEWAY (ON STRAIGHT),Day,145.00777,-37.82242,YARRA,METROPOLITAN NORTH WEST REGION,2,1,0,0,1,1,1,1,1,0,1,0,0,0,0,0,0,0,0,0,No,0,2,0,1,0,0,MELB_URBAN,MELB_URBAN,YARRA,METROPOLITAN NORTH WEST REGION,2015,3,March,RICHMOND
145.16676521244347,-37.9733048767263,3425193,18/3/2015,08.40.00,No,Collision with vehicle,Wednesday,VEHICLE OFF FOOTPATH STRIKES VEH ON CARRIAGEWAY,Day,145.16676999999999,-37.9733,DANDENONG,METROPOLITAN SOUTH EAST REGION,2,1,0,0,1,1,1,0,1,0,0,0,0,0,1,0,1,0,0,0,No,0,2,0,0,0,0,MELB_URBAN,MELB_URBAN,DANDENONG,METROPOLITAN SOUTH EAST REGION,2015,3,March,NOBLE PARK
145.31676579252147,-37.858379959960985,3425207,22/3/2015,12.55.00,No,Collision with vehicle,Sunday,REAR END(VEHICLES IN SAME LANE),Day,145.31677,-37.85838,KNOX,METROPOLITAN SOUTH EAST REGION,2,1,0,0,1,1,2,0,1,0,1,0,0,0,0,0,0,0,0,0,No,0,2,0,1,0,0,MELB_URBAN,MELB_URBAN,KNOX,METROPOLITAN SOUTH EAST REGION,2015,3,March,THE BASIN
144.99615931132294,-37.800154470043225,3425210,22/3/2015,14.00.00,No,Collision with vehicle,Sunday,LANE CHANGE LEFT (NOT OVERTAKING),Day,144.99616,-37.80015,YARRA,METROPOLITAN NORTH WEST REGION,2,1,0,0,1,1,2,0,1,0,1,0,0,0,0,0,0,0,0,0,No,0,2,0,1,0,0,MELB_URBAN,MELB_URBAN,YARRA,METROPOLITAN NORTH WEST REGION,2015,3,March,ABBOTSFORD
144.96571605295298,-37.74634650885272,3425214,16/3/2015,08.40.00,No,Collision with vehicle,Monday,LEFT TURN SIDESWIPE,Day,144.96572,-37.74635,MORELAND,METROPOLITAN NORTH WEST REGION,2,1,0,0,1,1,1,1,1,0,1,0,0,0,0,0,0,0,0,0,No,0,2,0,1,0,0,MELB_URBAN,MELB_URBAN,MORELAND,METROPOLITAN NORTH WEST REGION,2015,3,March,COBURG
145.01952767940244,-37.65023170986772,3425217,26/3/2015,15.05.00,No,Collision with vehicle,Thursday,VEHICLE STRIKES ANOTHER VEH WHILE EMERGING FROM DRIVEWAY,Day,145.01953,-37.65023,WHITTLESEA,METROPOLITAN NORTH WEST REGION,2,1,0,1,0,1,2,0,1,0,1,0,0,0,0,0,0,0,0,0,No,0,2,0,1,0,0,MELB_URBAN,MELB_URBAN,WHITTLESEA,METROPOLITAN NORTH WEST REGION,2015,3,March,EPPING
144.97907427216157,-37.79473349770049,3425231,31/3/2015,13.35.00,No,Collision with vehicle,Tuesday,RIGHT THROUGH,Day,144.97907,-37.79473,YARRA,METROPOLITAN NORTH WEST REGION,2,1,0,0,1,1,1,1,1,0,1,0,0,0,0,0,0,0,0,1,No,0,2,0,1,0,0,MELB_URBAN,MELB_URBAN,YARRA,METROPOLITAN NORTH WEST REGION,2015,3,March,FITZROY
144.93925432429623,-37.79338047219311,3425236,12/11/2014,16.30.00,No,Collision with vehicle,Wednesday,RIGHT THROUGH,Day,144.93925,-37.79338,MELBOURNE,METROPOLITAN NORTH WEST REGION,2,1,0,0,1,1,1,1,1,0,1,0,0,0,0,0,0,0,0,0,No,0,2,0,1,0,0,MELB_URBAN,MELB_URBAN,MELBOURNE,METROPOLITAN NORTH WEST REGION,2014,11,November,NORTH MELBOURNE
144.6674530867977,-37.85837033004393,3425243,18/2/2015,18.00.00,Yes,Collision with vehicle,Wednesday,VEHICLE STRIKES ANOTHER VEH WHILE EMERGING FROM DRIVEWAY,Unk.,144.66745,-37.85837,WYNDHAM,METROPOLITAN NORTH WEST REGION,2,1,0,0,1,1,0,1,1,0,1,0,0,0,0,0,0,0,0,0,No,0,2,0,1,0,0,MELB_URBAN,MELB_URBAN,WYNDHAM,METROPOLITAN NORTH WEST REGION,2015,2,February,TARNEIT
144.95288528455447,-37.84793942564255,3425253,15/2/2015,08.00.00,Yes,Collision with vehicle,Sunday,RIGHT THROUGH,Day,144.95289,-37.84794,PORT PHILLIP,METROPOLITAN NORTH WEST REGION,2,2,0,0,2,0,1,1,1,0,1,0,0,0,0,0,0,0,0,0,No,0,2,0,1,0,0,MELB_URBAN,MELB_URBAN,PORT PHILLIP,METROPOLITAN NORTH WEST REGION,2015,2,February,ALBERT PARK
145.09554490546918,-37.63750486342075,3425274,27/2/2015,20.23.00,Yes,Collision with vehicle,Friday,LEFT NEAR (INTERSECTIONS ONLY),Dark Street lights on,145.09554,-37.6375,WHITTLESEA,METROPOLITAN NORTH WEST REGION,2,1,0,0,1,1,1,1,1,0,1,0,0,0,0,0,0,0,0,1,No,0,2,0,1,0,0,MELB_URBAN,MELB_URBAN,WHITTLESEA,METROPOLITAN NORTH WEST REGION,2015,2,February,SOUTH MORANG
145.0837907160967,-38.0069795010501,3425285,31/3/2015,11.20.00,No,Collision with vehicle,Tuesday,REAR END(VEHICLES IN SAME LANE),Day,145.08379,-38.00698,KINGSTON,METROPOLITAN SOUTH EAST REGION,2,1,0,1,0,1,2,0,1,0,1,0,0,0,0,0,0,0,0,0,No,0,6,0,5,0,0,MELB_URBAN,MELB_URBAN,KINGSTON,METROPOLITAN SOUTH EAST REGION,2015,3,March,MORDIALLOC
145.02287430173146,-37.88223051032366,3425286,31/3/2015,14.45.00,No,Collision with vehicle,Tuesday,LANE CHANGE RIGHT (NOT OVERTAKING),Day,145.02286999999998,-37.88223,GLEN EIRA,METROPOLITAN SOUTH EAST REGION,2,1,0,0,1,1,1,1,1,0,1,0,0,0,0,0,0,0,0,0,No,0,2,0,0,0,1,MELB_URBAN,MELB_URBAN,GLEN EIRA,METROPOLITAN SOUTH EAST REGION,2015,3,March,CAULFIELD
144.9739803890709,-37.74588779191495,3425289,30/3/2015,16.20.00,Yes,Collision with vehicle,Sunday,VEHICLE STRIKES DOOR OF PARKED/STATIONARY VEHICLE,Day,144.97398,-37.74589,MORELAND,METROPOLITAN NORTH WEST REGION,2,1,0,0,1,1,1,1,1,0,1,0,0,0,0,0,0,0,0,0,No,0,2,0,1,0,0,MELB_URBAN,MELB_URBAN,MORELAND,METROPOLITAN NORTH WEST REGION,2015,3,March,COBURG
144.99816443525938,-37.82438208146353,3425294,18/3/2015,18.20.00,Yes,Collision with vehicle,Tuesday,RIGHT THROUGH,Dusk/Dawn,144.99816,-37.82438,YARRA,METROPOLITAN NORTH WEST REGION,2,1,0,0,1,1,1,1,1,0,1,0,0,0,0,0,0,0,0,0,No,0,2,0,1,0,0,MELB_URBAN,MELB_URBAN,YARRA,METROPOLITAN NORTH WEST REGION,2015,3,March,RICHMOND
144.97826080181187,-37.798315267742154,3425307,22/3/2015,17.50.00,Yes,Collision with vehicle,Sunday,VEHICLE COLLIDES WITH VEHICLE PARKED ON LEFT OF ROAD,Dusk/Dawn,144.97826,-37.798320000000004,YARRA,METROPOLITAN NORTH WEST REGION,10,2,0,1,1,8,5,5,1,0,5,4,0,0,0,0,0,1,1,0,No,0,14,0,13,0,0,MELB_URBAN,MELB_URBAN,YARRA,METROPOLITAN NORTH WEST REGION,2015,3,March,FITZROY
144.98914229693398,-37.77713136325463,3425325,25/3/2015,17.30.00,No,No collision and no object struck,Wednesday,OUT OF CONTROL ON CARRIAGEWAY (ON STRAIGHT),Dusk/Dawn,144.98914,-37.77713,DAREBIN,METROPOLITAN NORTH WEST REGION,2,1,0,0,1,1,1,0,1,0,1,0,0,0,0,0,0,0,0,0,No,0,2,0,1,0,0,MELB_URBAN,MELB_URBAN,DAREBIN,METROPOLITAN NORTH WEST REGION,2015,3,March,NORTHCOTE
144.99337114072785,-37.85185034448392,3425333,31/3/2015,17.45.00,No,Collision with vehicle,Tuesday,RIGHT THROUGH,Dusk/Dawn,144.99337,-37.85185,STONNINGTON,METROPOLITAN SOUTH EAST REGION,2,1,0,0,1,1,1,1,1,0,1,0,0,0,0,0,0,0,0,0,No,0,2,0,1,0,0,MELB_URBAN,MELB_URBAN,STONNINGTON,METROPOLITAN SOUTH EAST REGION,2015,3,March,WINDSOR
145.01016138189578,-37.77945015699572,3425336,31/3/2015,11.00.00,No,Collision with vehicle,Tuesday,LANE SIDE SWIPE (VEHICLES IN PARALLEL LANES),Unk.,145.01016,-37.77945,DAREBIN,METROPOLITAN NORTH WEST REGION,2,1,0,0,1,1,2,0,1,0,1,0,0,0,0,0,0,0,0,0,No,0,2,0,1,0,0,MELB_URBAN,MELB_URBAN,DAREBIN,METROPOLITAN NORTH WEST REGION,2015,3,March,NORTHCOTE
144.9399677564284,-37.796376064335476,3425338,31/3/2015,17.30.00,No,Collision with vehicle,Monday,RIGHT THROUGH,Dusk/Dawn,144.93997,-37.79638,MELBOURNE,METROPOLITAN NORTH WEST REGION,2,1,0,0,1,1,1,1,1,0,1,0,0,0,0,0,0,0,0,1,No,0,2,0,1,0,0,MELB_URBAN,MELB_URBAN,MELBOURNE,METROPOLITAN NORTH WEST REGION,2015,3,March,NORTH MELBOURNE
143.832851750039,-37.58135599363744,3425340,31/3/2015,20.40.00,Yes,Collision with vehicle,Tuesday,RIGHT NEAR (INTERSECTIONS ONLY),Dark Street lights on,143.83285,-37.58136,BALLARAT,WESTERN REGION,2,2,0,0,2,0,0,2,1,0,1,0,0,0,0,0,0,0,0,1,No,0,2,0,1,0,0,LARGE_PROVINCIAL_CITIES,LARGE_PROVINCIAL_CITIES,BALLARAT,WESTERN REGION,2015,3,March,SEBASTOPOL
144.88883738605819,-37.86108971056185,3425350,7/2/2015,08.00.00,Yes,Collision with vehicle,Saturday,REAR END(VEHICLES IN SAME LANE),Day,144.88884,-37.861090000000004,HOBSONS BAY,METROPOLITAN NORTH WEST REGION,2,1,0,1,0,1,1,0,2,0,0,0,0,0,0,0,0,0,0,0,No,0,2,0,0,0,0,MELB_URBAN,MELB_URBAN,HOBSONS BAY,METROPOLITAN NORTH WEST REGION,2015,2,February,WILLIAMSTOWN
144.99703358540904,-37.80381343761575,3425365,23/3/2015,08.35.00,No,Collision with vehicle,Monday,RIGHT THROUGH,Day,144.99703,-37.80381,YARRA,METROPOLITAN NORTH WEST REGION,2,1,0,1,0,1,2,0,1,0,1,0,0,0,0,0,0,0,0,0,No,0,2,0,1,0,0,MELB_URBAN,MELB_URBAN,YARRA,METROPOLITAN NORTH WEST REGION,2015,3,March,ABBOTSFORD
144.22403599564538,-37.13820287798073,3425382,25/3/2015,19.00.00,Yes,Collision with vehicle,Wednesday,REAR END(VEHICLES IN SAME LANE),Dusk/Dawn,144.22404,-37.1382,MOUNT ALEXANDER,NORTHERN REGION,2,1,0,0,1,1,1,1,1,0,1,0,0,0,0,0,0,0,0,0,No,0,2,0,1,0,0,RURAL_VICTORIA,RURAL_VICTORIA,MOUNT ALEXANDER,NORTHERN REGION,2015,3,March,FRYERSTOWN
143.6667099608284,-38.7497902030148,3425404,4/3/2015,19.00.00,Yes,Collision with vehicle,Tuesday,VEHICLE STRIKES ANOTHER VEH WHILE EMERGING FROM DRIVEWAY,Dusk/Dawn,143.66671000000002,-38.749790000000004,COLAC OTWAY,SOUTH WESTERN REGION,2,1,0,0,1,1,2,0,1,0,1,0,0,0,0,0,0,0,0,0,No,0,2,0,1,0,0,TOWNS,TOWNS,COLAC OTWAY,SOUTH WESTERN REGION,2015,3,March,APOLLO BAY
145.0208303720526,-37.879718089161464,3425420,10/3/2015,08.40.00,No,Collision with vehicle,Monday,LANE CHANGE LEFT (NOT OVERTAKING),Day,145.02083000000002,-37.87972,GLEN EIRA,METROPOLITAN SOUTH EAST REGION,3,1,0,0,1,2,2,1,1,1,1,0,0,0,0,0,0,0,0,0,No,0,2,0,1,0,0,MELB_URBAN,MELB_URBAN,GLEN EIRA,METROPOLITAN SOUTH EAST REGION,2015,3,March,CAULFIELD
144.95690022002987,-37.80597873893235,3425421,26/2/2015,21.23.00,Yes,Collision with vehicle,Thursday,VEHICLE STRIKES DOOR OF PARKED/STATIONARY VEHICLE,Unk.,144.9569,-37.80598,MELBOURNE,METROPOLITAN NORTH WEST REGION,2,2,0,0,2,0,2,0,1,0,1,0,0,0,0,0,0,0,0,0,No,1,2,0,1,0,0,MELB_URBAN,MELB_URBAN,MELBOURNE,METROPOLITAN NORTH WEST REGION,2015,2,February,MELBOURNE
145.20758042393058,-37.97882862512568,3425423,9/3/2015,18.30.00,Yes,Collision with vehicle,Monday,VEHICLE OFF FOOTPATH STRIKES VEH ON CARRIAGEWAY,Dusk/Dawn,145.20758,-37.97883,DANDENONG,METROPOLITAN SOUTH EAST REGION,2,1,0,1,0,1,2,0,1,0,1,0,0,0,0,0,0,0,0,0,No,0,2,0,1,0,0,MELB_URBAN,MELB_URBAN,DANDENONG,METROPOLITAN SOUTH EAST REGION,2015,3,March,DANDENONG
145.65851419876458,-35.91507082899456,3425427,14/3/2015,19.30.00,Yes,Collision with vehicle,Saturday,CROSS TRAFFIC(INTERSECTIONS ONLY),Dusk/Dawn,145.65851,-35.91507,MOIRA,NORTH EASTERN REGION,2,1,0,1,0,1,1,1,1,0,1,0,0,0,0,0,1,0,0,0,No,0,2,0,1,0,0,TOWNS,TOWNS,MOIRA,NORTH EASTERN REGION,2015,3,March,COBRAM
144.95151794725712,-37.84878853411213,3425432,14/3/2015,23.20.00,Yes,Collision with vehicle,Saturday,VEHICLE OFF FOOTPATH STRIKES VEH ON CARRIAGEWAY,Dark Street lights on,144.95152,-37.84879,PORT PHILLIP,METROPOLITAN NORTH WEST REGION,3,1,0,0,1,2,3,0,1,1,1,0,0,0,0,1,0,0,0,0,No,0,2,0,1,0,0,MELB_URBAN,MELB_URBAN,PORT PHILLIP,METROPOLITAN NORTH WEST REGION,2015,3,March,ALBERT PARK
145.16264567234387,-37.91918840158617,3425437,27/2/2015,16.40.00,Yes,Collision with vehicle,Friday,LEFT NEAR (INTERSECTIONS ONLY),Day,145.16265,-37.91919,MONASH,METROPOLITAN SOUTH EAST REGION,2,1,0,0,1,1,2,0,1,0,1,0,0,0,0,0,0,0,0,0,No,0,2,0,1,0,0,MELB_URBAN,MELB_URBAN,MONASH,METROPOLITAN SOUTH EAST REGION,2015,2,February,MULGRAVE
144.96066925823195,-37.7757199255619,3425440,27/2/2015,16.05.00,Yes,Collision with vehicle,Friday,VEHICLE STRIKES DOOR OF PARKED/STATIONARY VEHICLE,Day,144.96067,-37.77572,MORELAND,METROPOLITAN NORTH WEST REGION,5,1,1,0,0,4,2,1,1,2,2,0,0,0,0,0,0,0,0,1,No,0,3,1,1,0,0,MELB_URBAN,MELB_URBAN,MORELAND,METROPOLITAN NORTH WEST REGION,2015,2,February,BRUNSWICK
144.83555870515502,-37.77223935069321,3425450,4/3/2015,17.50.00,No,Collision with vehicle,Tuesday,CROSS TRAFFIC(INTERSECTIONS ONLY),Dusk/Dawn,144.83556000000002,-37.772240000000004,BRIMBANK,METROPOLITAN NORTH WEST REGION,2,1,0,0,1,1,0,2,1,0,1,0,0,0,0,0,0,0,0,0,No,0,2,0,1,0,0,MELB_URBAN,MELB_URBAN,BRIMBANK,METROPOLITAN NORTH WEST REGION,2015,3,March,SUNSHINE NORTH
145.08581108031362,-37.692245085230816,3425451,4/3/2015,17.42.00,No,Collision with vehicle,Wednesday,OTHER ADJACENT (INTERSECTIONS ONLY),Dusk/Dawn,145.08581,-37.69225,BANYULE,METROPOLITAN NORTH WEST REGION,2,1,0,0,1,1,2,0,1,0,1,0,0,0,0,0,0,0,0,0,No,0,2,0,1,0,0,MELB_URBAN,MELB_URBAN,BANYULE,METROPOLITAN NORTH WEST REGION,2015,3,March,WATSONIA NORTH
144.97337171499444,-37.833688448901796,3425456,3/3/2015,17.40.00,No,Collision with vehicle,Tuesday,VEHICLE STRIKES DOOR OF PARKED/STATIONARY VEHICLE,Unk.,144.97337,-37.833690000000004,MELBOURNE,METROPOLITAN NORTH WEST REGION,3,2,0,0,2,1,2,1,2,0,1,0,0,0,0,0,0,0,0,0,No,0,3,0,1,0,0,MELB_URBAN,MELB_URBAN,"PORT PHILLIP,MELBOURNE",METROPOLITAN NORTH WEST REGION,2015,3,March,MELBOURNE
144.92524547346167,-37.78770242975425,3425457,5/3/2015,07.08.00,No,Collision with vehicle,Thursday,LEFT TURN SIDESWIPE,Dusk/Dawn,144.92525,-37.7877,MELBOURNE,METROPOLITAN NORTH WEST REGION,2,1,0,0,1,1,1,1,1,0,1,0,0,0,0,0,0,0,0,0,No,0,2,0,1,0,0,MELB_URBAN,MELB_URBAN,"MOONEE VALLEY,MELBOURNE",METROPOLITAN NORTH WEST REGION,2015,3,March,FLEMINGTON
144.7063083321803,-37.8507498100526,3425458,5/3/2015,08.20.00,No,Collision with vehicle,Thursday,VEHICLE STRIKES ANOTHER VEH WHILE EMERGING FROM DRIVEWAY,Day,144.70631,-37.85075,WYNDHAM,METROPOLITAN NORTH WEST REGION,2,1,0,0,1,1,1,1,1,0,1,0,0,0,0,0,1,0,0,0,No,0,2,0,1,0,0,MELB_URBAN,MELB_URBAN,WYNDHAM,METROPOLITAN NORTH WEST REGION,2015,3,March,HOPPERS CROSSING
142.21631112444663,-34.24634022047055,3425459,4/3/2015,20.00.00,Yes,Collision with vehicle,Wednesday,HEAD ON (NOT OVERTAKING),Dusk/Dawn,142.21631000000002,-34.246340000000004,MILDURA,WESTERN REGION,2,1,0,1,0,1,1,1,1,0,1,0,0,0,0,0,0,0,0,0,No,0,2,0,1,0,0,RURAL_VICTORIA,RURAL_VICTORIA,MILDURA,WESTERN REGION,2015,3,March,IRYMPLE