X,Y,OBJECTID,ACCIDENT_DATE,ACCIDENT_TIME,ALCOHOLTIME,ACCIDENT_TYPE,DAY_OF_WEEK,DCA_CODE,LIGHT_CONDITION,LONGITUDE,LATITUDE,LGA_NAME,REGION_NAME,TOTAL_PERSONS,INJ_OR_FATAL,FATALITY,SERIOUSINJURY,OTHERINJURY,NONINJURED,MALES,FEMALES,BICYCLIST,PASSENGER,DRIVER,PEDESTRIAN,PILLION,MOTORIST,UNKNOWN,PED_CYCLIST_5_12,PED_CYCLIST_13_18,OLD_PEDESTRIAN,OLD_DRIVER,YOUNG_DRIVER,ALCOHOL_RELATED,UNLICENCSED,NO_OF_VEHICLES,HEAVYVEHICLE,PASSENGERVEHICLE,MOTORCYCLE,PUBLICVEHICLE,DEG_URBAN_NAME,DEG_URBAN_ALL,LGA_NAME_ALL,REGION_NAME_ALL,Year,Month,Month_name,Suburb
145.00348018651786,-37.9517810596182,3429576,31/7/2015,13.00.00,No,Collision with vehicle,Friday,RIGHT THROUGH,Day,145.00348,-37.95178,BAYSIDE,METROPOLITAN SOUTH EAST REGION,3,1,0,1,0,2,1,0,1,0,0,0,0,0,2,0,0,0,0,0,No,0,2,0,0,0,0,MELB_URBAN,MELB_URBAN,BAYSIDE,METROPOLITAN SOUTH EAST REGION,2015,7,July,SANDRINGHAM
145.35682502451584,-38.02495631996719,3429618,26/7/2015,09.50.00,Yes,Collision with vehicle,Sunday,LEFT NEAR (INTERSECTIONS ONLY),Day,145.35683,-38.02496,CASEY,METROPOLITAN SOUTH EAST REGION,2,1,0,0,1,1,1,1,1,0,1,0,0,0,0,0,0,0,0,0,No,0,2,0,1,0,0,MELB_URBAN,MELB_URBAN,CASEY,METROPOLITAN SOUTH EAST REGION,2015,7,July,BERWICK
145.02169571797168,-37.803170355264456,3429671,27/7/2015,08.15.00,No,Collision with vehicle,Monday,RIGHT NEAR (INTERSECTIONS ONLY),Dusk/Dawn,145.0217,-37.80317,BOROONDARA,METROPOLITAN SOUTH EAST REGION,2,1,0,1,0,1,2,0,1,0,1,0,0,0,0,0,0,0,0,1,No,0,2,0,1,0,0,MELB_URBAN,MELB_URBAN,BOROONDARA,METROPOLITAN SOUTH EAST REGION,2015,7,July,KEW
144.98387992010547,-37.80122834368846,3429723,24/7/2015,16.00.00,Yes,No collision and no object struck,Friday,OUT OF CONTROL ON CARRIAGEWAY (ON STRAIGHT),Dusk/Dawn,144.98388,-37.80123,YARRA,METROPOLITAN NORTH WEST REGION,2,1,0,1,0,1,1,0,1,0,1,0,0,0,0,0,0,0,0,0,No,0,2,0,1,0,0,MELB_URBAN,MELB_URBAN,YARRA,METROPOLITAN NORTH WEST REGION,2015,7,July,COLLINGWOOD
144.98686611540683,-37.801952650435155,3429741,31/7/2015,09.00.00,No,Collision with vehicle,Friday,LEFT TURN SIDESWIPE,Day,144.98686999999998,-37.80195,YARRA,METROPOLITAN NORTH WEST REGION,2,1,0,0,1,1,1,1,1,0,1,0,0,0,0,0,0,0,0,0,No,0,2,0,1,0,0,MELB_URBAN,MELB_URBAN,YARRA,METROPOLITAN NORTH WEST REGION,2015,7,July,COLLINGWOOD
146.6938010024982,-37.98523027812075,3429742,6/8/2015,17.00.00,No,Collision with vehicle,Thursday,LANE SIDE SWIPE (VEHICLES IN PARALLEL LANES),Dusk/Dawn,146.6938,-37.98523,WELLINGTON,EASTERN REGION,2,1,0,0,1,1,2,0,1,0,1,0,0,0,0,0,1,0,0,0,No,0,2,0,1,0,0,RURAL_VICTORIA,RURAL_VICTORIA,WELLINGTON,"EASTERN REGION,EASTERN REGION",2015,8,August,DAWSON
144.9170991309354,-38.35245805467513,3426746,29/4/2015,15.10.00,No,Collision with vehicle,Tuesday,LEFT TURN SIDESWIPE,Day,144.9171,-38.35246,MORNINGTON PENINSULA,METROPOLITAN SOUTH EAST REGION,2,1,0,0,1,1,1,1,1,0,1,0,0,0,0,0,0,0,0,0,No,0,2,0,1,0,0,MELB_URBAN,MELB_URBAN,MORNINGTON PENINSULA,METROPOLITAN SOUTH EAST REGION,2015,4,April,ROSEBUD
144.95920301093858,-37.8421694216581,3426750,5/5/2015,19.10.00,Yes,Other accident,Tuesday,OTHER ACCIDENTS NOT CLASSIFIABLE ELSEWHERE,Dark Street lights on,144.9592,-37.84217,PORT PHILLIP,METROPOLITAN NORTH WEST REGION,2,1,0,1,0,1,1,0,1,0,0,0,0,0,1,0,0,0,0,0,No,0,2,0,0,0,0,MELB_URBAN,MELB_URBAN,PORT PHILLIP,METROPOLITAN NORTH WEST REGION,2015,5,May,ALBERT PARK
142.20232658097314,-36.71782536965952,3426758,6/5/2015,08.50.00,No,Collision with vehicle,Wednesday,CROSS TRAFFIC(INTERSECTIONS ONLY),Day,142.20233000000002,-36.71783,HORSHAM,WESTERN REGION,2,1,0,0,1,1,0,2,1,0,1,0,0,0,0,0,0,0,0,0,No,0,2,0,1,0,0,SMALL_CITIES,SMALL_CITIES,HORSHAM,WESTERN REGION,2015,5,May,HORSHAM
144.6029882802167,-37.69999976594483,3426764,11/5/2015,06.05.00,No,Collision with vehicle,Monday,REAR END(VEHICLES IN SAME LANE),Dark Street lights on,144.60298999999998,-37.7,MELTON,METROPOLITAN NORTH WEST REGION,2,1,0,1,0,1,2,0,1,0,1,0,0,0,0,0,1,0,0,0,No,0,2,0,1,0,0,RURAL_VICTORIA,RURAL_VICTORIA,MELTON,METROPOLITAN NORTH WEST REGION,2015,5,May,COBBLEBANK
144.96001724961417,-37.81961349911555,3426792,30/4/2015,09.11.00,No,Collision with vehicle,Thursday,LEFT TURN SIDESWIPE,Day,144.96002,-37.81961,MELBOURNE,METROPOLITAN NORTH WEST REGION,2,1,0,0,1,1,2,0,1,0,1,0,0,0,0,0,0,0,0,0,No,0,2,0,1,0,0,MELBOURNE_CBD,"MELBOURNE_CBD,MELB_URBAN",MELBOURNE,METROPOLITAN NORTH WEST REGION,2015,4,April,MELBOURNE
144.98856990554762,-37.861050414330094,3426833,13/4/2015,18.30.00,Yes,Collision with vehicle,Monday,RIGHT THROUGH,Dusk/Dawn,144.98856999999998,-37.86105,PORT PHILLIP,METROPOLITAN NORTH WEST REGION,2,1,0,0,1,1,2,0,1,0,1,0,0,0,0,0,0,0,0,1,No,0,2,0,1,0,0,MELB_URBAN,MELB_URBAN,PORT PHILLIP,METROPOLITAN NORTH WEST REGION,2015,4,April,ST KILDA
144.95780871528262,-37.80868526311666,3426857,6/5/2015,08.46.00,No,Collision with vehicle,Wednesday,RIGHT TURN SIDESWIPE,Day,144.95781000000002,-37.808690000000006,MELBOURNE,METROPOLITAN NORTH WEST REGION,2,1,0,0,1,1,0,2,1,0,1,0,0,0,0,0,0,0,0,0,No,0,2,0,1,0,0,MELB_URBAN,MELB_URBAN,MELBOURNE,METROPOLITAN NORTH WEST REGION,2015,5,May,MELBOURNE
144.89471971426423,-37.79276061875067,3426865,1/5/2015,08.30.00,No,Collision with vehicle,Friday,VEHICLE OFF FOOTPATH STRIKES VEH ON CARRIAGEWAY,Day,144.89472,-37.792759999999994,MARIBYRNONG,METROPOLITAN NORTH WEST REGION,2,1,0,1,0,1,1,0,1,0,0,0,0,0,1,0,0,0,0,0,No,0,2,0,0,0,0,MELB_URBAN,MELB_URBAN,MARIBYRNONG,METROPOLITAN NORTH WEST REGION,2015,5,May,FOOTSCRAY
144.8807240967084,-37.73236787567817,3426871,11/5/2015,18.12.00,Yes,Collision with vehicle,Monday,CROSS TRAFFIC(INTERSECTIONS ONLY),Dark Street lights on,144.88072,-37.73237,MOONEE VALLEY,METROPOLITAN NORTH WEST REGION,2,1,0,0,1,1,2,0,1,0,1,0,0,0,0,0,0,0,0,0,No,0,2,0,1,0,0,MELB_URBAN,MELB_URBAN,MOONEE VALLEY,METROPOLITAN NORTH WEST REGION,2015,5,May,AIRPORT WEST
145.0063600551487,-37.83200405374456,3426880,20/4/2015,08.00.00,No,Collision with vehicle,Monday,RIGHT NEAR (INTERSECTIONS ONLY),Day,145.00636,-37.832,STONNINGTON,METROPOLITAN SOUTH EAST REGION,2,1,0,0,1,1,2,0,1,0,1,0,0,0,0,0,0,0,0,0,No,0,2,0,1,0,0,MELB_URBAN,MELB_URBAN,STONNINGTON,METROPOLITAN SOUTH EAST REGION,2015,4,April,TOORAK
144.93771107445974,-37.81482360439022,3426906,14/4/2015,19.00.00,Yes,Collision with vehicle,Tuesday,RIGHT THROUGH,Dusk/Dawn,144.93771,-37.814820000000005,MELBOURNE,METROPOLITAN NORTH WEST REGION,2,1,0,1,0,1,2,0,1,0,1,0,0,0,0,0,0,0,0,1,No,0,2,0,1,0,0,MELB_URBAN,MELB_URBAN,MELBOURNE,METROPOLITAN NORTH WEST REGION,2015,4,April,DOCKLANDS
145.04694204683474,-37.912174838712176,3426909,6/5/2015,15.25.00,No,Collision with vehicle,Wednesday,RIGHT THROUGH,Day,145.04693999999998,-37.91217,GLEN EIRA,METROPOLITAN SOUTH EAST REGION,2,1,0,0,1,1,1,1,1,0,1,0,0,0,0,1,0,0,0,0,No,0,2,0,1,0,0,MELB_URBAN,MELB_URBAN,GLEN EIRA,METROPOLITAN SOUTH EAST REGION,2015,5,May,MCKINNON
144.94168843158326,-37.83562800465132,3426918,6/5/2015,17.49.00,No,Collision with vehicle,Wednesday,CROSS TRAFFIC(INTERSECTIONS ONLY),Dark Street lights on,144.94169,-37.83563,PORT PHILLIP,METROPOLITAN NORTH WEST REGION,2,1,0,0,1,1,2,0,1,0,1,0,0,0,0,0,0,0,0,0,No,0,2,0,1,0,0,MELB_URBAN,MELB_URBAN,PORT PHILLIP,METROPOLITAN NORTH WEST REGION,2015,5,May,PORT MELBOURNE
144.9507998009757,-37.79628016338549,3426922,12/5/2015,11.05.00,No,Collision with vehicle,Monday,LEFT NEAR (INTERSECTIONS ONLY),Day,144.9508,-37.796279999999996,MELBOURNE,METROPOLITAN NORTH WEST REGION,2,1,0,1,0,1,2,0,1,0,1,0,0,0,0,0,0,0,1,0,No,0,2,0,1,0,0,MELB_URBAN,MELB_URBAN,MELBOURNE,METROPOLITAN NORTH WEST REGION,2015,5,May,NORTH MELBOURNE
145.06888059817337,-37.99410939875303,3426923,11/5/2015,13.32.00,No,Vehicle overturned (no collision),Monday,OUT OF CONTROL ON CARRIAGEWAY (ON STRAIGHT),Day,145.06888,-37.99411,KINGSTON,METROPOLITAN SOUTH EAST REGION,1,1,0,1,0,0,1,0,1,0,0,0,0,0,0,0,0,0,0,0,No,0,1,0,0,0,0,MELB_URBAN,MELB_URBAN,KINGSTON,METROPOLITAN SOUTH EAST REGION,2015,5,May,MENTONE
144.96020042377648,-37.77732496205532,3426927,6/5/2015,18.00.00,Yes,Collision with vehicle,Wednesday,VEHICLE STRIKES ANOTHER VEH WHILE EMERGING FROM DRIVEWAY,Dark Street lights unknown,144.9602,-37.77732,MORELAND,METROPOLITAN NORTH WEST REGION,2,1,0,0,1,1,2,0,1,0,1,0,0,0,0,0,0,0,0,0,No,0,2,0,1,0,0,MELB_URBAN,MELB_URBAN,MORELAND,METROPOLITAN NORTH WEST REGION,2015,5,May,BRUNSWICK
145.14183107099456,-37.93140154726084,3426928,11/5/2015,12.05.00,No,Collision with vehicle,Monday,RIGHT FAR (INTERSECTIONS ONLY),Day,145.14183,-37.9314,DANDENONG,METROPOLITAN SOUTH EAST REGION,2,1,0,1,0,1,2,0,1,0,1,0,0,0,0,0,0,0,0,0,No,0,2,1,0,0,0,MELB_URBAN,MELB_URBAN,"MONASH,DANDENONG",METROPOLITAN SOUTH EAST REGION,2015,5,May,SPRINGVALE
145.00939664243325,-37.760500485195024,3426947,1/5/2015,17.00.00,Yes,Collision with vehicle,Friday,CROSS TRAFFIC(INTERSECTIONS ONLY),Dusk/Dawn,145.0094,-37.7605,DAREBIN,METROPOLITAN NORTH WEST REGION,2,1,0,1,0,1,2,0,1,0,1,0,0,0,0,0,0,0,0,0,No,0,2,0,1,0,0,MELB_URBAN,MELB_URBAN,DAREBIN,METROPOLITAN NORTH WEST REGION,2015,5,May,THORNBURY
143.84414709312176,-37.54603130961444,3426955,1/5/2015,17.40.00,Yes,Collision with vehicle,Friday,VEHICLE COLLIDES WITH VEHICLE PARKED ON LEFT OF ROAD,Dusk/Dawn,143.84415,-37.54603,BALLARAT,WESTERN REGION,2,1,0,0,1,1,2,0,1,0,1,0,0,0,0,0,1,0,0,0,No,0,2,0,1,0,0,LARGE_PROVINCIAL_CITIES,LARGE_PROVINCIAL_CITIES,BALLARAT,WESTERN REGION,2015,5,May,LAKE WENDOUREE
145.05910496473598,-37.867380456301646,3426957,1/5/2015,19.00.00,Yes,Collision with vehicle,Thursday,RIGHT THROUGH,Dark Street lights on,145.0591,-37.86738,STONNINGTON,METROPOLITAN SOUTH EAST REGION,2,1,0,1,0,1,1,1,1,0,1,0,0,0,0,0,0,0,0,0,No,0,2,0,1,0,0,MELB_URBAN,MELB_URBAN,STONNINGTON,METROPOLITAN SOUTH EAST REGION,2015,5,May,MALVERN EAST
144.9852398406722,-37.86060072024205,3426966,6/5/2015,09.15.00,No,Collision with vehicle,Wednesday,VEHICLE STRIKES DOOR OF PARKED/STATIONARY VEHICLE,Day,144.98524,-37.8606,PORT PHILLIP,METROPOLITAN NORTH WEST REGION,2,1,0,1,0,1,1,1,1,0,1,0,0,0,0,0,0,0,0,0,No,0,2,0,1,0,0,MELB_URBAN,MELB_URBAN,PORT PHILLIP,METROPOLITAN NORTH WEST REGION,2015,5,May,ST KILDA
144.9629709224385,-37.762130097908845,3426976,8/5/2015,21.30.00,Yes,Collision with vehicle,Friday,VEHICLE STRIKES DOOR OF PARKED/STATIONARY VEHICLE,Unk.,144.96296999999998,-37.76213,MORELAND,METROPOLITAN NORTH WEST REGION,2,1,0,0,1,1,1,1,1,0,1,0,0,0,0,0,0,0,0,0,No,0,2,0,1,0,0,MELB_URBAN,MELB_URBAN,MORELAND,METROPOLITAN NORTH WEST REGION,2015,5,May,BRUNSWICK
145.03998392388212,-37.88650821593205,3426989,27/4/2015,08.40.00,No,Collision with vehicle,Monday,RIGHT THROUGH,Day,145.03998,-37.886509999999994,GLEN EIRA,METROPOLITAN SOUTH EAST REGION,2,1,0,1,0,1,2,0,1,0,1,0,0,0,0,0,0,0,0,0,No,0,2,0,1,0,0,MELB_URBAN,MELB_URBAN,GLEN EIRA,METROPOLITAN SOUTH EAST REGION,2015,4,April,GLEN HUNTLY
144.90188999749347,-37.85551000454898,3427000,25/4/2015,08.00.00,Yes,Collision with vehicle,Saturday,RIGHT NEAR (INTERSECTIONS ONLY),Day,144.90188999999998,-37.855509999999995,HOBSONS BAY,METROPOLITAN NORTH WEST REGION,2,1,0,0,1,1,1,1,1,0,1,0,0,0,0,0,0,0,0,1,No,0,2,0,1,0,0,MELB_URBAN,MELB_URBAN,HOBSONS BAY,METROPOLITAN NORTH WEST REGION,2015,4,April,WILLIAMSTOWN
145.09004990917708,-38.01201004651799,3427006,2/5/2015,11.50.00,No,Collision with vehicle,Friday,LANE SIDE SWIPE (VEHICLES IN PARALLEL LANES),Day,145.09005,-38.01201,KINGSTON,METROPOLITAN SOUTH EAST REGION,3,1,0,0,1,2,2,1,1,1,1,0,0,0,0,0,0,0,1,0,No,0,2,0,1,0,0,MELB_URBAN,MELB_URBAN,KINGSTON,METROPOLITAN SOUTH EAST REGION,2015,5,May,ASPENDALE
144.97571549733954,-37.79304708965048,3427020,7/5/2015,10.30.00,No,Collision with vehicle,Thursday,LANE SIDE SWIPE (VEHICLES IN PARALLEL LANES),Day,144.97572,-37.79305,MELBOURNE,METROPOLITAN NORTH WEST REGION,2,1,0,0,1,1,1,1,1,0,1,0,0,0,0,0,0,0,0,0,No,0,2,0,1,0,0,MELB_URBAN,MELB_URBAN,"YARRA,MELBOURNE",METROPOLITAN NORTH WEST REGION,2015,5,May,FITZROY
145.00879069806655,-37.819555785270076,3427025,30/4/2015,16.45.00,No,Collision with vehicle,Thursday,VEHICLE STRIKES DOOR OF PARKED/STATIONARY VEHICLE,Day,145.00879,-37.819559999999996,YARRA,METROPOLITAN NORTH WEST REGION,2,1,0,0,1,1,1,1,1,0,1,0,0,0,0,0,0,0,0,0,No,0,2,0,1,0,0,MELB_URBAN,MELB_URBAN,YARRA,METROPOLITAN NORTH WEST REGION,2015,4,April,RICHMOND
144.5355816190766,-38.257561531981395,3427027,21/4/2015,10.30.00,No,Collision with vehicle,Tuesday,CROSS TRAFFIC(INTERSECTIONS ONLY),Day,144.53558,-38.25756,GEELONG,SOUTH WESTERN REGION,2,1,0,0,1,1,0,1,1,0,0,0,0,0,1,0,0,0,0,0,No,0,2,0,0,0,0,SMALL_CITIES,SMALL_CITIES,GEELONG,SOUTH WESTERN REGION,2015,4,April,OCEAN GROVE
145.06113217584186,-37.889680336093114,3427047,13/4/2015,18.36.00,Yes,No collision and no object struck,Monday,OUT OF CONTROL ON CARRIAGEWAY (ON STRAIGHT),Dark Street lights on,145.06113,-37.88968,GLEN EIRA,METROPOLITAN SOUTH EAST REGION,2,1,0,0,1,1,2,0,1,0,1,0,0,0,0,0,0,0,0,0,No,0,2,0,1,0,0,MELB_URBAN,MELB_URBAN,GLEN EIRA,METROPOLITAN SOUTH EAST REGION,2015,4,April,CARNEGIE
144.99651773079975,-37.835039729460895,3427061,16/4/2015,18.00.00,Yes,Collision with vehicle,Thursday,VEHICLE STRIKES DOOR OF PARKED/STATIONARY VEHICLE,Dusk/Dawn,144.99652,-37.83504,STONNINGTON,METROPOLITAN SOUTH EAST REGION,3,1,0,0,1,2,2,1,1,1,1,0,0,0,0,0,0,0,0,0,No,0,2,0,1,0,0,MELB_URBAN,MELB_URBAN,STONNINGTON,METROPOLITAN SOUTH EAST REGION,2015,4,April,SOUTH YARRA
144.94341106198868,-37.29063013739778,3427073,22/4/2015,14.45.00,No,No collision and no object struck,Wednesday,OUT OF CONTROL ON CARRIAGEWAY (ON BEND),Day,144.94341,-37.29063,MITCHELL,NORTHERN REGION,1,1,0,1,0,0,0,1,1,0,0,0,0,0,0,0,0,0,0,0,No,0,1,0,0,0,0,TOWNS,TOWNS,MITCHELL,NORTHERN REGION,2015,4,April,KILMORE
144.77548968663564,-37.72683934839107,3427079,7/4/2015,10.15.00,No,No collision and no object struck,Tuesday,OUT OF CONTROL ON CARRIAGEWAY (ON STRAIGHT),Day,144.77549,-37.72684,BRIMBANK,METROPOLITAN NORTH WEST REGION,2,1,0,0,1,1,1,0,1,0,0,0,0,0,1,0,0,0,0,0,No,0,2,0,0,0,0,MELB_URBAN,MELB_URBAN,BRIMBANK,METROPOLITAN NORTH WEST REGION,2015,4,April,KINGS PARK
144.98666515099046,-37.81073949376297,3427088,13/4/2015,21.00.00,Yes,Collision with vehicle,Monday,LEFT TURN SIDESWIPE,Dark Street lights on,144.98667,-37.81074,MELBOURNE,METROPOLITAN NORTH WEST REGION,2,2,0,0,2,0,2,0,1,0,1,0,0,0,0,0,0,0,0,0,No,0,2,0,1,0,0,MELB_URBAN,MELB_URBAN,MELBOURNE,METROPOLITAN NORTH WEST REGION,2015,4,April,EAST MELBOURNE
144.9804124284562,-37.78742916707451,3427092,12/4/2015,14.00.00,No,Collision with vehicle,Sunday,LEFT NEAR (INTERSECTIONS ONLY),Day,144.98041,-37.78743,YARRA,METROPOLITAN NORTH WEST REGION,2,1,0,0,1,1,0,2,1,0,1,0,0,0,0,0,0,0,0,0,No,0,2,0,1,0,0,MELB_URBAN,MELB_URBAN,YARRA,METROPOLITAN NORTH WEST REGION,2015,4,April,FITZROY NORTH
145.13189505521999,-37.885220084191594,3427096,14/4/2015,06.45.00,No,Collision with vehicle,Tuesday,LEFT NEAR (INTERSECTIONS ONLY),Dusk/Dawn,145.1319,-37.885220000000004,MONASH,METROPOLITAN SOUTH EAST REGION,3,1,0,1,0,2,3,0,1,1,1,0,0,0,0,0,0,0,0,1,No,0,2,0,1,0,0,MELB_URBAN,MELB_URBAN,MONASH,METROPOLITAN SOUTH EAST REGION,2015,4,April,MOUNT WAVERLEY
144.99434734235825,-37.845809970272654,3427099,14/4/2015,08.40.00,No,Collision with vehicle,Tuesday,RIGHT THROUGH,Day,144.99435,-37.84581,STONNINGTON,METROPOLITAN SOUTH EAST REGION,3,1,0,0,1,2,3,0,1,1,1,0,0,0,0,0,0,0,0,0,No,0,2,0,1,0,0,MELB_URBAN,MELB_URBAN,STONNINGTON,METROPOLITAN SOUTH EAST REGION,2015,4,April,SOUTH YARRA
145.28433599063638,-37.88502986323388,3427155,18/4/2015,08.40.00,No,No collision and no object struck,Saturday,OUT OF CONTROL ON CARRIAGEWAY (ON STRAIGHT),Day,145.28434,-37.88503,KNOX,METROPOLITAN SOUTH EAST REGION,1,1,0,1,0,0,1,0,1,0,0,0,0,0,0,0,0,0,0,0,No,0,1,0,0,0,0,MELB_URBAN,MELB_URBAN,KNOX,METROPOLITAN SOUTH EAST REGION,2015,4,April,FERNTREE GULLY
144.89567029811946,-37.73860599395263,3427209,18/4/2015,10.50.00,No,Collision with vehicle,Saturday,RIGHT THROUGH,Day,144.89567,-37.738609999999994,MOONEE VALLEY,METROPOLITAN NORTH WEST REGION,2,1,0,0,1,1,1,1,1,0,1,0,0,0,0,0,0,0,0,0,No,0,2,0,1,0,0,MELB_URBAN,MELB_URBAN,MOONEE VALLEY,METROPOLITAN NORTH WEST REGION,2015,4,April,ESSENDON
144.8791774708913,-37.78756925078953,3427215,11/4/2015,19.45.00,Yes,Collision with vehicle,Saturday,RIGHT THROUGH,Dark Street lights on,144.87918,-37.78757,MARIBYRNONG,METROPOLITAN NORTH WEST REGION,2,1,0,0,1,1,1,0,1,0,0,0,0,0,1,0,0,0,0,0,No,0,2,0,0,0,0,MELB_URBAN,MELB_URBAN,MARIBYRNONG,METROPOLITAN NORTH WEST REGION,2015,4,April,MAIDSTONE
142.37628137137722,-38.3097190177901,3427234,8/4/2015,16.10.00,No,Collision with vehicle,Wednesday,REAR END(VEHICLES IN SAME LANE),Day,142.37628,-38.30972,MOYNE,SOUTH WESTERN REGION,2,1,0,1,0,1,1,1,1,0,1,0,0,0,0,0,0,0,1,0,No,0,2,0,1,0,0,RURAL_VICTORIA,RURAL_VICTORIA,MOYNE,SOUTH WESTERN REGION,2015,4,April,KOROIT
144.99476028186197,-37.80001817544994,3427265,18/4/2015,17.30.00,Yes,Collision with vehicle,Saturday,VEHICLE STRIKES DOOR OF PARKED/STATIONARY VEHICLE,Dusk/Dawn,144.99476,-37.80002,YARRA,METROPOLITAN NORTH WEST REGION,4,1,0,0,1,3,2,2,1,2,1,0,0,0,0,0,0,0,0,0,No,0,2,0,1,0,0,MELB_URBAN,MELB_URBAN,YARRA,METROPOLITAN NORTH WEST REGION,2015,4,April,ABBOTSFORD
145.01931316547382,-37.651486059088775,3427276,23/4/2015,07.52.00,No,Collision with vehicle,Wednesday,LEFT TURN SIDESWIPE,Dusk/Dawn,145.01931000000002,-37.65149,WHITTLESEA,METROPOLITAN NORTH WEST REGION,2,1,0,0,1,1,2,0,1,0,1,0,0,0,0,0,0,0,0,0,No,0,2,0,0,0,1,MELB_URBAN,MELB_URBAN,WHITTLESEA,METROPOLITAN NORTH WEST REGION,2015,4,April,EPPING
144.99089955394646,-37.809573456553366,3427287,9/4/2015,07.01.00,No,Collision with vehicle,Thursday,LANE SIDE SWIPE (VEHICLES IN PARALLEL LANES),Dusk/Dawn,144.9909,-37.80957,YARRA,METROPOLITAN NORTH WEST REGION,2,1,0,1,0,1,2,0,1,0,1,0,0,0,0,0,0,0,0,0,No,0,2,1,0,0,0,MELB_URBAN,MELB_URBAN,YARRA,METROPOLITAN NORTH WEST REGION,2015,4,April,COLLINGWOOD
144.61018127985125,-38.137271353877814,3427290,9/4/2015,08.45.00,No,Collision with vehicle,Thursday,LANE SIDE SWIPE (VEHICLES IN PARALLEL LANES),Day,144.61018,-38.13727,GEELONG,SOUTH WESTERN REGION,2,1,0,0,1,1,1,1,1,0,1,0,0,0,0,0,0,0,1,0,No,0,2,0,1,0,0,RURAL_VICTORIA,RURAL_VICTORIA,GEELONG,SOUTH WESTERN REGION,2015,4,April,BELLARINE
144.89544363158828,-37.82417038951488,3427321,19/4/2015,10.00.00,Yes,Collision with vehicle,Sunday,REAR END(VEHICLES IN SAME LANE),Day,144.89543999999998,-37.82417,HOBSONS BAY,METROPOLITAN NORTH WEST REGION,2,1,0,0,1,1,0,2,1,0,1,0,0,0,0,0,0,0,0,0,No,0,2,0,1,0,0,MELB_URBAN,MELB_URBAN,"MARIBYRNONG,HOBSONS BAY",METROPOLITAN NORTH WEST REGION,2015,4,April,SPOTSWOOD
144.99530248192923,-37.84106928298428,3427323,28/3/2015,17.30.00,Yes,Collision with vehicle,Saturday,RIGHT THROUGH,Dusk/Dawn,144.9953,-37.84107,STONNINGTON,METROPOLITAN SOUTH EAST REGION,2,1,0,1,0,1,1,1,1,0,1,0,0,0,0,0,0,0,0,0,No,0,2,0,1,0,0,MELB_URBAN,MELB_URBAN,STONNINGTON,METROPOLITAN SOUTH EAST REGION,2015,3,March,SOUTH YARRA
144.42407059055452,-37.23990043900485,3427333,29/3/2015,11.00.00,No,Collision with vehicle,Sunday,VEHICLE STRIKES ANOTHER VEH WHILE EMERGING FROM DRIVEWAY,Day,144.42407,-37.2399,MACEDON RANGES,NORTHERN REGION,2,1,0,0,1,1,2,0,1,0,1,0,0,0,0,1,0,0,0,0,No,0,2,0,1,0,0,RURAL_VICTORIA,RURAL_VICTORIA,MACEDON RANGES,NORTHERN REGION,2015,3,March,KYNETON
145.09491262984002,-37.81447553179464,3427339,9/4/2015,07.05.00,No,Collision with vehicle,Thursday,CROSS TRAFFIC(INTERSECTIONS ONLY),Dusk/Dawn,145.09491,-37.814479999999996,BOROONDARA,METROPOLITAN SOUTH EAST REGION,2,1,0,1,0,1,1,1,1,0,1,0,0,0,0,0,0,0,0,0,No,0,2,0,1,0,0,MELB_URBAN,MELB_URBAN,BOROONDARA,METROPOLITAN SOUTH EAST REGION,2015,4,April,SURREY HILLS
145.128514747314,-38.10418991644332,3427345,26/2/2015,16.05.00,No,Collision with vehicle,Thursday,VEHICLE OFF FOOTPATH STRIKES VEH ON CARRIAGEWAY,Day,145.12851,-38.10419,FRANKSTON,METROPOLITAN SOUTH EAST REGION,2,1,0,0,1,1,2,0,1,0,1,0,0,0,0,0,0,0,0,1,No,0,2,0,1,0,0,MELB_URBAN,MELB_URBAN,FRANKSTON,METROPOLITAN SOUTH EAST REGION,2015,2,February,SEAFORD
144.9680410997449,-37.81505235938712,3427346,8/4/2015,17.00.00,No,Collision with vehicle,Wednesday,ENTERING PARKING,Dusk/Dawn,144.96804,-37.81505,MELBOURNE,METROPOLITAN NORTH WEST REGION,2,1,0,1,0,1,1,0,1,0,0,0,0,0,1,0,0,0,0,0,No,0,2,0,0,0,0,MELBOURNE_CBD,MELBOURNE_CBD,MELBOURNE,METROPOLITAN NORTH WEST REGION,2015,4,April,MELBOURNE
145.0258838034986,-37.82434353465136,3427352,15/4/2015,09.10.00,No,Collision with vehicle,Wednesday,RIGHT THROUGH,Day,145.02588,-37.82434,BOROONDARA,METROPOLITAN SOUTH EAST REGION,2,1,0,0,1,1,2,0,1,0,1,0,0,0,0,0,0,0,0,0,No,0,2,0,1,0,0,MELB_URBAN,MELB_URBAN,BOROONDARA,METROPOLITAN SOUTH EAST REGION,2015,4,April,HAWTHORN
144.35435190592483,-38.1846052277077,3427366,19/4/2015,12.20.00,No,Collision with vehicle,Sunday,RIGHT THROUGH,Day,144.35435,-38.18461,GEELONG,SOUTH WESTERN REGION,4,1,0,0,1,3,4,0,1,2,1,0,0,0,0,0,0,0,0,1,No,0,2,0,1,0,0,LARGE_PROVINCIAL_CITIES,LARGE_PROVINCIAL_CITIES,GEELONG,SOUTH WESTERN REGION,2015,4,April,BELMONT