X,Y,OBJECTID,ACCIDENT_DATE,ACCIDENT_TIME,ALCOHOLTIME,ACCIDENT_TYPE,DAY_OF_WEEK,DCA_CODE,LIGHT_CONDITION,LONGITUDE,LATITUDE,LGA_NAME,REGION_NAME,TOTAL_PERSONS,INJ_OR_FATAL,FATALITY,SERIOUSINJURY,OTHERINJURY,NONINJURED,MALES,FEMALES,BICYCLIST,PASSENGER,DRIVER,PEDESTRIAN,PILLION,MOTORIST,UNKNOWN,PED_CYCLIST_5_12,PED_CYCLIST_13_18,OLD_PEDESTRIAN,OLD_DRIVER,YOUNG_DRIVER,ALCOHOL_RELATED,UNLICENCSED,NO_OF_VEHICLES,HEAVYVEHICLE,PASSENGERVEHICLE,MOTORCYCLE,PUBLICVEHICLE,DEG_URBAN_NAME,DEG_URBAN_ALL,LGA_NAME_ALL,REGION_NAME_ALL,Year,Month,Month_name,Suburb
141.6124691179611,-38.35346116422856,3427370,19/4/2015,13.00.00,No,Collision with vehicle,,OTHER SAME DIRECTION-MANOUEVRES NOT INCLUDED IN DCAs 130-137,Day,141.61247,-38.35346,GLENELG,SOUTH WESTERN REGION,2,1,0,0,1,1,1,0,1,0,1,0,0,0,0,1,0,0,0,0,No,0,2,0,1,0,0,TOWNS,TOWNS,GLENELG,SOUTH WESTERN REGION,2015,4,April,PORTLAND
145.01330134754053,-37.80145930256429,3427375,3/4/2015,15.15.00,No,Collision with vehicle,Friday,REAR END(VEHICLES IN SAME LANE),Day,145.0133,-37.80146,BOROONDARA,METROPOLITAN SOUTH EAST REGION,4,1,0,1,0,3,2,2,1,2,1,0,0,0,0,0,0,0,0,0,No,0,2,0,1,0,0,MELB_URBAN,MELB_URBAN,BOROONDARA,METROPOLITAN SOUTH EAST REGION,2015,4,April,KEW
144.9943740644677,-37.84567695804464,3427404,15/4/2015,09.16.00,No,Collision with vehicle,Wednesday,LANE CHANGE LEFT (NOT OVERTAKING),Day,144.99437,-37.84568,STONNINGTON,METROPOLITAN SOUTH EAST REGION,2,1,0,0,1,1,2,0,1,0,1,0,0,0,0,0,0,0,0,0,No,0,2,0,1,0,0,MELB_URBAN,MELB_URBAN,STONNINGTON,METROPOLITAN SOUTH EAST REGION,2015,4,April,SOUTH YARRA
145.12801193706414,-38.13799001963256,3427408,14/4/2015,16.10.00,No,Collision with vehicle,Tuesday,LEFT FAR (INTERSECTIONS ONLY),Day,145.12801000000002,-38.13799,FRANKSTON,METROPOLITAN SOUTH EAST REGION,2,1,0,0,1,1,2,0,1,0,1,0,0,0,0,0,0,0,0,1,No,0,2,0,1,0,0,MELB_URBAN,MELB_URBAN,FRANKSTON,METROPOLITAN SOUTH EAST REGION,2015,4,April,FRANKSTON
144.9140897891806,-37.80143120161601,3427411,14/4/2015,17.40.00,No,Collision with vehicle,Tuesday,VEHICLE STRIKES ANOTHER VEH WHILE EMERGING FROM DRIVEWAY,Dusk/Dawn,144.91409,-37.801429999999996,MELBOURNE,METROPOLITAN NORTH WEST REGION,2,1,0,0,1,1,1,1,1,0,1,0,0,0,0,0,0,0,0,0,No,0,2,0,1,0,0,MELB_URBAN,MELB_URBAN,MELBOURNE,METROPOLITAN NORTH WEST REGION,2015,4,April,WEST MELBOURNE
145.1990508760134,-37.90899272492733,3427418,18/4/2015,09.00.00,No,No collision and no object struck,Friday,OUT OF CONTROL ON CARRIAGEWAY (ON STRAIGHT),Day,145.19905,-37.90899,MONASH,METROPOLITAN SOUTH EAST REGION,1,1,0,0,1,0,0,1,1,0,0,0,0,0,0,0,0,0,0,0,No,0,1,0,0,0,0,MELB_URBAN,MELB_URBAN,MONASH,METROPOLITAN SOUTH EAST REGION,2015,4,April,WHEELERS HILL
145.002089171252,-37.85304381602383,3427419,14/4/2015,08.40.00,No,Collision with vehicle,Tuesday,RIGHT THROUGH,Day,145.00208999999998,-37.85304,STONNINGTON,METROPOLITAN SOUTH EAST REGION,2,1,0,0,1,1,2,0,1,0,1,0,0,0,0,0,0,0,0,0,No,0,2,0,1,0,0,MELB_URBAN,MELB_URBAN,STONNINGTON,METROPOLITAN SOUTH EAST REGION,2015,4,April,PRAHRAN
144.9650281547479,-37.815936043618905,3427420,17/4/2015,18.30.00,Yes,Collision with vehicle,Friday,VEHICLE STRIKES DOOR OF PARKED/STATIONARY VEHICLE,Dark Street lights on,144.96503,-37.815940000000005,MELBOURNE,METROPOLITAN NORTH WEST REGION,2,1,0,1,0,1,2,0,1,0,1,0,0,0,0,0,0,0,0,0,No,0,2,0,1,0,0,MELBOURNE_CBD,MELBOURNE_CBD,MELBOURNE,METROPOLITAN NORTH WEST REGION,2015,4,April,MELBOURNE
145.00171683313596,-37.920406133213746,3427426,3/4/2015,17.15.00,Yes,Collision with vehicle,Friday,LEFT NEAR (INTERSECTIONS ONLY),Dusk/Dawn,145.00172,-37.92041,BAYSIDE,METROPOLITAN SOUTH EAST REGION,2,1,0,0,1,1,1,1,1,0,1,0,0,0,0,0,0,0,0,0,No,0,2,0,1,0,0,MELB_URBAN,MELB_URBAN,BAYSIDE,METROPOLITAN SOUTH EAST REGION,2015,4,April,BRIGHTON
145.1216709417009,-37.915043457953615,3427435,4/4/2015,08.00.00,Yes,Collision with vehicle,Saturday,RIGHT THROUGH,Day,145.12167,-37.915040000000005,MONASH,METROPOLITAN SOUTH EAST REGION,2,1,0,1,0,1,2,0,1,0,1,0,0,0,0,0,0,0,1,0,No,0,2,0,1,0,0,MELB_URBAN,MELB_URBAN,MONASH,METROPOLITAN SOUTH EAST REGION,2015,4,April,CLAYTON
143.9260913552593,-38.457166425272156,3427438,4/4/2015,11.15.00,No,No collision and no object struck,Saturday,OUT OF CONTROL ON CARRIAGEWAY (ON STRAIGHT),Day,143.92609,-38.45717,SURF COAST,SOUTH WESTERN REGION,1,1,0,0,1,0,1,0,1,0,0,0,0,0,0,0,0,0,0,0,No,0,1,0,0,0,0,RURAL_VICTORIA,RURAL_VICTORIA,SURF COAST,SOUTH WESTERN REGION,2015,4,April,DEANS MARSH
144.31609263078613,-38.18521638727727,3427441,9/4/2015,17.35.00,No,Collision with vehicle,Thursday,RIGHT THROUGH,Dusk/Dawn,144.31609,-38.18522,GEELONG,SOUTH WESTERN REGION,2,1,0,0,1,1,1,1,1,0,1,0,0,0,0,0,0,0,0,0,No,0,2,0,1,0,0,LARGE_PROVINCIAL_CITIES,LARGE_PROVINCIAL_CITIES,GEELONG,SOUTH WESTERN REGION,2015,4,April,HIGHTON
144.94397831966447,-37.80030062471099,3427445,7/4/2015,09.40.00,No,Collision with vehicle,Tuesday,LEFT TURN SIDESWIPE,Day,144.94398,-37.8003,MELBOURNE,METROPOLITAN NORTH WEST REGION,2,1,0,0,1,1,1,1,1,0,1,0,0,0,0,0,0,0,0,0,No,0,2,0,1,0,0,MELB_URBAN,MELB_URBAN,MELBOURNE,METROPOLITAN NORTH WEST REGION,2015,4,April,NORTH MELBOURNE
144.9554812236839,-37.80967637595581,3427446,10/4/2015,08.15.00,No,Collision with vehicle,Friday,LEFT TURN SIDESWIPE,Day,144.95548,-37.80968,MELBOURNE,METROPOLITAN NORTH WEST REGION,3,1,0,0,1,2,2,1,1,1,1,0,0,0,0,0,0,0,0,0,No,0,2,0,1,0,0,MELB_URBAN,MELB_URBAN,MELBOURNE,METROPOLITAN NORTH WEST REGION,2015,4,April,WEST MELBOURNE
144.95523116220912,-37.79980909322106,3427447,10/4/2015,10.00.00,No,Collision with vehicle,Friday,LEFT TURN SIDESWIPE,Day,144.95523,-37.79981,MELBOURNE,METROPOLITAN NORTH WEST REGION,4,1,0,0,1,3,2,2,1,2,1,0,0,0,0,0,0,0,0,0,No,0,2,0,1,0,0,MELB_URBAN,MELB_URBAN,MELBOURNE,METROPOLITAN NORTH WEST REGION,2015,4,April,NORTH MELBOURNE
144.9687432639964,-37.80815840340989,3427459,2/4/2015,20.00.00,Yes,Collision with vehicle,Thursday,VEHICLE STRIKES DOOR OF PARKED/STATIONARY VEHICLE,Dark Street lights unknown,144.96874,-37.80816,MELBOURNE,METROPOLITAN NORTH WEST REGION,2,1,0,0,1,1,2,0,1,0,1,0,0,0,0,0,0,0,0,0,No,0,2,0,1,0,0,MELBOURNE_CBD,"MELBOURNE_CBD,MELB_URBAN",MELBOURNE,METROPOLITAN NORTH WEST REGION,2015,4,April,MELBOURNE
144.96306034691827,-37.82517026413015,3427463,15/4/2015,17.30.00,No,Collision with vehicle,Tuesday,RIGHT THROUGH,Dusk/Dawn,144.96306,-37.82517,MELBOURNE,METROPOLITAN NORTH WEST REGION,2,1,0,0,1,1,1,1,1,0,1,0,0,0,0,0,0,0,0,0,No,0,2,0,1,0,0,MELB_URBAN,MELB_URBAN,MELBOURNE,METROPOLITAN NORTH WEST REGION,2015,4,April,SOUTHBANK
145.05871029900973,-37.89543843507498,3427478,1/4/2015,18.15.00,Yes,Collision with vehicle,Wednesday,VEHICLE STRIKES DOOR OF PARKED/STATIONARY VEHICLE,Dark Street lights unknown,145.05871000000002,-37.89544,GLEN EIRA,METROPOLITAN SOUTH EAST REGION,2,1,0,1,0,1,2,0,1,0,1,0,0,0,0,0,0,0,0,1,No,0,2,0,1,0,0,MELB_URBAN,MELB_URBAN,GLEN EIRA,METROPOLITAN SOUTH EAST REGION,2015,4,April,CARNEGIE
145.0117402230476,-37.78423387774003,3427494,8/4/2015,08.30.00,No,Collision with vehicle,Wednesday,LEFT TURN SIDESWIPE,Day,145.01174,-37.78423,DAREBIN,METROPOLITAN NORTH WEST REGION,2,1,0,1,0,1,2,0,1,0,1,0,0,0,0,0,0,0,0,0,No,0,2,0,1,0,0,MELB_URBAN,MELB_URBAN,"YARRA,DAREBIN",METROPOLITAN NORTH WEST REGION,2015,4,April,NORTHCOTE
144.9683811171566,-37.76771680570304,3427495,9/4/2015,18.50.00,Yes,Collision with vehicle,Thursday,RIGHT THROUGH,Dusk/Dawn,144.96838,-37.767720000000004,MORELAND,METROPOLITAN NORTH WEST REGION,2,1,0,0,1,1,0,2,1,0,1,0,0,0,0,0,0,0,0,0,No,0,2,0,1,0,0,MELB_URBAN,MELB_URBAN,MORELAND,METROPOLITAN NORTH WEST REGION,2015,4,April,BRUNSWICK
145.15060051108188,-38.11183744921804,3427502,16/3/2015,17.00.00,No,Collision with vehicle,Monday,VEHICLE STRIKES ANOTHER VEH WHILE EMERGING FROM DRIVEWAY,Dusk/Dawn,145.1506,-38.11184,FRANKSTON,METROPOLITAN SOUTH EAST REGION,2,1,0,0,1,1,1,0,1,0,0,0,0,0,1,0,0,0,0,0,No,0,2,0,0,0,0,MELB_URBAN,MELB_URBAN,FRANKSTON,METROPOLITAN SOUTH EAST REGION,2015,3,March,SEAFORD
144.99848999546396,-37.85255000136596,3427506,15/4/2015,19.23.00,Yes,Collision with vehicle,Wednesday,RIGHT TURN SIDESWIPE,Dark Street lights on,144.99849,-37.85255,STONNINGTON,METROPOLITAN SOUTH EAST REGION,2,1,0,0,1,1,1,0,1,0,0,0,0,0,1,0,0,0,0,0,No,0,2,0,0,0,0,MELB_URBAN,MELB_URBAN,STONNINGTON,METROPOLITAN SOUTH EAST REGION,2015,4,April,PRAHRAN
145.12702248626067,-38.08173596853161,3427526,20/4/2015,16.20.00,No,Collision with vehicle,Monday,RIGHT THROUGH,Day,145.12702,-38.08174,FRANKSTON,METROPOLITAN SOUTH EAST REGION,2,1,0,0,1,1,1,1,1,0,1,0,0,0,0,0,0,0,0,0,No,0,2,0,1,0,0,MELB_URBAN,MELB_URBAN,"FRANKSTON,KINGSTON",METROPOLITAN SOUTH EAST REGION,2015,4,April,CARRUM
145.1574029819442,-38.11585828393506,3427527,18/4/2015,16.04.00,Yes,Collision with vehicle,Saturday,VEHICLE OFF FOOTPATH STRIKES VEH ON CARRIAGEWAY,Day,145.1574,-38.11586,FRANKSTON,METROPOLITAN SOUTH EAST REGION,2,2,0,1,1,0,2,0,1,0,0,0,0,1,0,0,1,0,0,0,No,0,2,0,0,1,0,MELB_URBAN,MELB_URBAN,FRANKSTON,METROPOLITAN SOUTH EAST REGION,2015,4,April,FRANKSTON NORTH
145.15112808180612,-37.95827977839732,3427541,23/3/2015,16.00.00,No,Collision with vehicle,Monday,VEHICLE STRIKES ANOTHER VEH WHILE EMERGING FROM DRIVEWAY,Day,145.15113,-37.95828,DANDENONG,METROPOLITAN SOUTH EAST REGION,2,1,0,0,1,1,1,1,1,0,1,0,0,0,0,0,1,0,0,0,No,0,2,0,1,0,0,MELB_URBAN,MELB_URBAN,DANDENONG,METROPOLITAN SOUTH EAST REGION,2015,3,March,SPRINGVALE
144.96838973810972,-37.79226017781697,3427545,10/4/2015,15.54.00,No,Collision with vehicle,Thursday,REAR END(VEHICLES IN SAME LANE),Day,144.96839,-37.79226,MELBOURNE,METROPOLITAN NORTH WEST REGION,2,1,0,1,0,1,1,0,1,0,0,0,0,0,1,0,0,0,0,0,No,0,2,0,0,0,0,MELB_URBAN,MELB_URBAN,"YARRA,MELBOURNE",METROPOLITAN NORTH WEST REGION,2015,4,April,CARLTON NORTH
145.14413815750126,-37.02927196870953,3427557,9/4/2015,12.00.00,No,Collision with vehicle,Thursday,VEHICLE STRIKES DOOR OF PARKED/STATIONARY VEHICLE,Day,145.14414,-37.029270000000004,MITCHELL,NORTHERN REGION,2,1,0,1,0,1,1,1,1,0,1,0,0,0,0,0,0,0,1,0,No,0,2,0,1,0,0,TOWNS,TOWNS,MITCHELL,NORTHERN REGION,2015,4,April,SEYMOUR
145.1644151582209,-38.107332618689156,3427560,16/4/2015,05.55.00,Yes,Collision with vehicle,Thursday,RIGHT NEAR (INTERSECTIONS ONLY),Dark Street lights on,145.16442,-38.10733,FRANKSTON,METROPOLITAN SOUTH EAST REGION,2,1,0,1,0,1,2,0,1,0,1,0,0,0,0,0,0,0,0,0,No,0,2,1,0,0,0,MELB_URBAN,MELB_URBAN,FRANKSTON,METROPOLITAN SOUTH EAST REGION,2015,4,April,CARRUM DOWNS
145.07518196979964,-37.85060256051742,3427564,14/4/2015,07.55.00,No,Collision with vehicle,Tuesday,CROSS TRAFFIC(INTERSECTIONS ONLY),Dusk/Dawn,145.07518000000002,-37.8506,BOROONDARA,METROPOLITAN SOUTH EAST REGION,2,1,0,0,1,1,1,1,1,0,1,0,0,0,0,0,1,0,0,0,No,0,2,0,1,0,0,MELB_URBAN,MELB_URBAN,BOROONDARA,METROPOLITAN SOUTH EAST REGION,2015,4,April,GLEN IRIS
144.97473401846676,-37.86133574184598,3427568,14/4/2015,08.30.00,No,Collision with vehicle,Tuesday,LEFT TURN SIDESWIPE,Day,144.97473,-37.861340000000006,PORT PHILLIP,METROPOLITAN NORTH WEST REGION,3,1,0,0,1,2,2,1,1,1,1,0,0,0,0,0,1,0,0,0,No,0,2,0,1,0,0,MELB_URBAN,MELB_URBAN,PORT PHILLIP,METROPOLITAN NORTH WEST REGION,2015,4,April,ST KILDA
144.86863685852038,-37.847130610193354,3427590,5/4/2015,15.17.00,No,Collision with vehicle,Sunday,CROSS TRAFFIC(INTERSECTIONS ONLY),Day,144.86864,-37.84713,HOBSONS BAY,METROPOLITAN NORTH WEST REGION,2,1,0,0,1,1,1,1,1,0,1,0,0,0,0,0,0,0,0,0,No,0,2,0,1,0,0,MELB_URBAN,MELB_URBAN,HOBSONS BAY,METROPOLITAN NORTH WEST REGION,2015,4,April,NEWPORT
144.58328009972524,-37.399009485538826,3427605,11/4/2015,13.30.00,No,No collision and no object struck,Saturday,OFF CARRIAGEWAY TO LEFT,Day,144.58328,-37.39901,MACEDON RANGES,NORTHERN REGION,1,1,0,1,0,0,1,0,1,0,0,0,0,0,0,0,0,0,0,0,No,0,1,0,0,0,0,TOWNS,TOWNS,MACEDON RANGES,NORTHERN REGION,2015,4,April,MOUNT MACEDON
143.8466667805621,-37.5650338057316,3427616,16/4/2015,06.40.00,No,Collision with vehicle,Thursday,CROSS TRAFFIC(INTERSECTIONS ONLY),Dusk/Dawn,143.84667,-37.56503,BALLARAT,WESTERN REGION,2,1,0,0,1,1,0,2,1,0,1,0,0,0,0,0,0,0,0,0,No,0,2,0,1,0,0,LARGE_PROVINCIAL_CITIES,LARGE_PROVINCIAL_CITIES,BALLARAT,WESTERN REGION,2015,4,April,BALLARAT CENTRAL
144.89565893981276,-37.8229029492126,3427624,20/4/2015,09.50.00,No,Collision with vehicle,Monday,RIGHT THROUGH,Day,144.89566000000002,-37.8229,MARIBYRNONG,METROPOLITAN NORTH WEST REGION,2,1,0,0,1,1,2,0,1,0,1,0,0,0,0,0,0,0,0,0,No,0,2,0,1,0,0,MELB_URBAN,MELB_URBAN,"MARIBYRNONG,HOBSONS BAY",METROPOLITAN NORTH WEST REGION,2015,4,April,SPOTSWOOD
144.96147915410668,-37.774808852981145,3427629,21/4/2015,11.00.00,No,Collision with vehicle,Tuesday,LEFT REAR,Day,144.96148,-37.774809999999995,MORELAND,METROPOLITAN NORTH WEST REGION,2,1,0,0,1,1,1,1,1,0,1,0,0,0,0,0,0,0,1,0,No,0,2,0,1,0,0,MELB_URBAN,MELB_URBAN,MORELAND,METROPOLITAN NORTH WEST REGION,2015,4,April,BRUNSWICK
144.75420135866042,-37.762184221660746,3427642,6/4/2015,06.50.00,No,Collision with vehicle,Monday,LEFT NEAR (INTERSECTIONS ONLY),Dusk/Dawn,144.7542,-37.76218,MELTON,METROPOLITAN NORTH WEST REGION,2,1,0,0,1,1,1,1,1,0,1,0,0,0,0,0,0,0,0,0,No,0,2,0,1,0,0,RURAL_VICTORIA,RURAL_VICTORIA,MELTON,METROPOLITAN NORTH WEST REGION,2015,4,April,RAVENHALL
145.16764041250278,-37.673210351281796,3427643,4/4/2015,09.35.00,No,Collision with vehicle,Saturday,LANE SIDE SWIPE (VEHICLES IN PARALLEL LANES),Day,145.16763999999998,-37.67321,NILLUMBIK,METROPOLITAN NORTH WEST REGION,2,1,0,0,1,1,2,0,1,0,1,0,0,0,0,0,0,0,0,0,No,0,2,0,1,0,0,MELB_URBAN,MELB_URBAN,NILLUMBIK,METROPOLITAN NORTH WEST REGION,2015,4,April,DIAMOND CREEK
145.09599983041485,-37.741856425223475,3427662,16/4/2015,06.58.00,No,Collision with vehicle,Wednesday,REAR END(VEHICLES IN SAME LANE),Dusk/Dawn,145.096,-37.741859999999996,BANYULE,METROPOLITAN NORTH WEST REGION,2,1,0,0,1,1,2,0,1,0,1,0,0,0,0,0,0,0,0,0,No,0,2,0,1,0,0,MELB_URBAN,MELB_URBAN,BANYULE,METROPOLITAN NORTH WEST REGION,2015,4,April,VIEWBANK
144.99163388597887,-37.871374126862676,3427698,2/4/2015,19.00.00,Yes,Collision with vehicle,Thursday,LANE SIDE SWIPE (VEHICLES IN PARALLEL LANES),Unk.,144.99163000000001,-37.87137,PORT PHILLIP,METROPOLITAN NORTH WEST REGION,2,1,0,0,1,1,1,0,1,0,0,0,0,0,1,0,0,0,0,0,No,0,2,0,0,0,0,MELB_URBAN,MELB_URBAN,PORT PHILLIP,METROPOLITAN NORTH WEST REGION,2015,4,April,BALACLAVA
144.9580985199378,-37.82764334725589,3427699,11/4/2015,16.05.00,Yes,Collision with vehicle,Saturday,RIGHT THROUGH,Day,144.9581,-37.82764,MELBOURNE,METROPOLITAN NORTH WEST REGION,2,1,0,1,0,1,2,0,1,0,1,0,0,0,0,0,0,0,0,0,No,0,2,0,1,0,0,MELB_URBAN,MELB_URBAN,MELBOURNE,METROPOLITAN NORTH WEST REGION,2015,4,April,SOUTHBANK
144.9630441211499,-37.73737516028577,3427721,6/4/2015,12.50.00,No,Collision with vehicle,Sunday,LEFT NEAR (INTERSECTIONS ONLY),Day,144.96303999999998,-37.73738,MORELAND,METROPOLITAN NORTH WEST REGION,2,1,0,0,1,1,1,1,1,0,1,0,0,0,0,0,0,0,0,0,No,0,2,0,1,0,0,MELB_URBAN,MELB_URBAN,MORELAND,METROPOLITAN NORTH WEST REGION,2015,4,April,COBURG
144.94590003391315,-37.81474006104904,3427729,4/3/2015,14.00.00,No,No collision and no object struck,Wednesday,OUT OF CONTROL ON CARRIAGEWAY (ON STRAIGHT),Day,144.9459,-37.81474,MELBOURNE,METROPOLITAN NORTH WEST REGION,1,1,0,1,0,0,1,0,1,0,0,0,0,0,0,0,0,0,0,0,No,0,1,0,0,0,0,MELB_URBAN,MELB_URBAN,MELBOURNE,METROPOLITAN NORTH WEST REGION,2015,3,March,DOCKLANDS
142.18994590341418,-34.19930906900562,3427733,21/4/2015,17.30.00,No,Collision with vehicle,Tuesday,RIGHT REAR.,Dusk/Dawn,142.18995,-34.19931,MILDURA,WESTERN REGION,2,1,0,1,0,1,1,1,1,0,1,0,0,0,0,0,0,0,0,0,No,0,2,0,1,0,0,RURAL_VICTORIA,RURAL_VICTORIA,MILDURA,WESTERN REGION,2015,4,April,NICHOLS POINT
144.96651074748317,-37.73771514723955,3427736,21/4/2015,18.30.00,Yes,Collision with vehicle,Tuesday,VEHICLE STRIKES ANOTHER VEH WHILE EMERGING FROM DRIVEWAY,Dark Street lights on,144.96651,-37.73772,MORELAND,METROPOLITAN NORTH WEST REGION,2,1,0,0,1,1,1,1,1,0,1,0,0,0,0,0,0,0,0,0,No,0,2,0,1,0,0,MELB_URBAN,MELB_URBAN,MORELAND,METROPOLITAN NORTH WEST REGION,2015,4,April,COBURG
145.00543736531804,-37.826508007959134,3431749,1/9/2015,18.00.00,Yes,Collision with vehicle,Tuesday,RIGHT THROUGH,Dark Street lights on,145.00544,-37.82651,YARRA,METROPOLITAN NORTH WEST REGION,2,1,0,0,1,1,2,0,1,0,1,0,0,0,0,0,0,0,0,1,No,0,2,0,1,0,0,MELB_URBAN,MELB_URBAN,YARRA,METROPOLITAN NORTH WEST REGION,2015,9,September,RICHMOND
144.90163372130996,-37.803901104824355,3431776,13/9/2015,12.02.00,No,No collision and no object struck,Sunday,OUT OF CONTROL ON CARRIAGEWAY (ON STRAIGHT),Day,144.90163,-37.8039,MARIBYRNONG,METROPOLITAN NORTH WEST REGION,3,1,0,0,1,2,1,0,1,1,1,0,0,0,0,0,0,0,0,0,No,0,2,0,1,0,0,MELB_URBAN,MELB_URBAN,MARIBYRNONG,METROPOLITAN NORTH WEST REGION,2015,9,September,FOOTSCRAY
144.9485360674562,-37.76999444361272,3431785,11/9/2015,17.00.00,Yes,Collision with vehicle,Friday,RIGHT THROUGH,Dusk/Dawn,144.94853999999998,-37.76999,MORELAND,METROPOLITAN NORTH WEST REGION,2,1,0,0,1,1,1,0,1,0,1,0,0,0,0,0,0,0,0,0,No,0,2,0,1,0,0,MELB_URBAN,MELB_URBAN,MORELAND,METROPOLITAN NORTH WEST REGION,2015,9,September,BRUNSWICK WEST
145.3465602939674,-37.90717918315384,3431788,18/9/2015,19.00.00,Yes,Collision with vehicle,Friday,VEHICLE STRIKES ANOTHER VEH WHILE EMERGING FROM DRIVEWAY,Dark Street lights on,145.34656,-37.90718,YARRA RANGES,METROPOLITAN SOUTH EAST REGION,2,1,0,0,1,1,1,1,1,0,1,0,0,0,0,0,1,0,0,1,No,0,2,0,1,0,0,MELB_URBAN,MELB_URBAN,YARRA RANGES,METROPOLITAN SOUTH EAST REGION,2015,9,September,TECOMA
144.9952468925047,-37.75171390298566,3431795,21/7/2015,08.15.00,No,Collision with vehicle,Tuesday,CROSS TRAFFIC(INTERSECTIONS ONLY),Dusk/Dawn,144.99525,-37.751709999999996,DAREBIN,METROPOLITAN NORTH WEST REGION,2,1,0,0,1,1,2,0,1,0,1,0,0,0,0,0,0,0,0,0,No,0,2,0,0,0,0,MELB_URBAN,MELB_URBAN,DAREBIN,METROPOLITAN NORTH WEST REGION,2015,7,July,PRESTON
144.9676517871309,-37.811823442079785,3431801,1/9/2015,23.40.00,Yes,Collision with vehicle,Monday,LANE SIDE SWIPE (VEHICLES IN PARALLEL LANES),Dark Street lights on,144.96765,-37.811820000000004,MELBOURNE,METROPOLITAN NORTH WEST REGION,2,1,0,0,1,1,2,0,1,0,1,0,0,0,0,0,0,0,0,1,No,0,2,0,1,0,0,MELBOURNE_CBD,MELBOURNE_CBD,MELBOURNE,METROPOLITAN NORTH WEST REGION,2015,9,September,MELBOURNE
144.9935197588197,-37.86877115101781,3431823,13/9/2015,12.50.00,No,Collision with vehicle,Sunday,VEHICLE STRIKES DOOR OF PARKED/STATIONARY VEHICLE,Day,144.99352,-37.86877,PORT PHILLIP,METROPOLITAN NORTH WEST REGION,2,2,0,0,2,0,2,0,1,0,1,0,0,0,0,0,0,0,0,0,No,0,2,0,1,0,0,MELB_URBAN,MELB_URBAN,PORT PHILLIP,METROPOLITAN NORTH WEST REGION,2015,9,September,BALACLAVA
144.9686589398615,-38.33086747575215,3431824,13/9/2015,12.20.00,No,Collision with vehicle,Sunday,RIGHT THROUGH,Day,144.96866,-38.330870000000004,MORNINGTON PENINSULA,METROPOLITAN SOUTH EAST REGION,3,2,0,2,0,1,1,2,2,0,1,0,0,0,0,0,0,0,0,1,No,0,3,0,1,0,0,MELB_URBAN,MELB_URBAN,MORNINGTON PENINSULA,METROPOLITAN SOUTH EAST REGION,2015,9,September,DROMANA
144.97467279004084,-37.867389060015675,3431830,13/9/2015,14.30.00,No,Collision with vehicle,Sunday,LEFT TURN SIDESWIPE,Day,144.97467,-37.86739,PORT PHILLIP,METROPOLITAN NORTH WEST REGION,2,1,0,0,1,1,2,0,1,0,1,0,0,0,0,0,0,0,0,0,No,0,2,0,1,0,0,MELB_URBAN,MELB_URBAN,PORT PHILLIP,METROPOLITAN NORTH WEST REGION,2015,9,September,ST KILDA
145.10902290320237,-37.82168515613339,3431834,18/9/2015,13.00.00,No,Collision with vehicle,Thursday,LEFT NEAR (INTERSECTIONS ONLY),Day,145.10902,-37.821690000000004,WHITEHORSE,METROPOLITAN SOUTH EAST REGION,2,1,0,0,1,1,1,1,1,0,1,0,0,0,0,0,0,0,0,0,No,0,2,0,1,0,0,MELB_URBAN,MELB_URBAN,WHITEHORSE,METROPOLITAN SOUTH EAST REGION,2015,9,September,MONT ALBERT
145.0714298514596,-37.68237113039983,3431839,18/9/2015,15.30.00,No,Collision with vehicle,Friday,VEHICLE STRIKES DOOR OF PARKED/STATIONARY VEHICLE,Day,145.07143,-37.68237,WHITTLESEA,METROPOLITAN NORTH WEST REGION,2,1,0,1,0,1,1,0,1,0,0,0,0,0,1,0,0,0,0,0,No,0,2,0,0,0,0,MELB_URBAN,MELB_URBAN,WHITTLESEA,METROPOLITAN NORTH WEST REGION,2015,9,September,BUNDOORA
144.982129120815,-37.834094241333375,3431850,2/9/2015,09.55.00,No,No collision and no object struck,Wednesday,OUT OF CONTROL ON CARRIAGEWAY (ON STRAIGHT),Day,144.98213,-37.83409,MELBOURNE,METROPOLITAN NORTH WEST REGION,1,1,0,1,0,0,0,1,1,0,0,0,0,0,0,0,1,0,0,0,No,0,1,0,0,0,0,MELB_URBAN,MELB_URBAN,MELBOURNE,METROPOLITAN NORTH WEST REGION,2015,9,September,MELBOURNE
145.1090296161153,-38.038556812262314,3431852,2/9/2015,08.15.00,No,No collision and no object struck,Wednesday,OTHER ACCIDENTS NOT CLASSIFIABLE ELSEWHERE,Day,145.10903000000002,-38.03856,KINGSTON,METROPOLITAN SOUTH EAST REGION,1,1,0,1,0,0,1,0,1,0,0,0,0,0,0,0,0,0,0,0,No,0,1,0,0,0,0,MELB_URBAN,MELB_URBAN,KINGSTON,METROPOLITAN SOUTH EAST REGION,2015,9,September,EDITHVALE
144.95824971475346,-37.77683151406657,3431860,8/9/2015,09.11.00,No,Collision with vehicle,Tuesday,VEHICLE OFF FOOTPATH STRIKES VEH ON CARRIAGEWAY,Day,144.95825,-37.77683,MORELAND,METROPOLITAN NORTH WEST REGION,2,1,0,1,0,1,1,1,1,0,1,0,0,0,0,0,0,0,0,0,No,0,2,0,1,0,0,MELB_URBAN,MELB_URBAN,MORELAND,METROPOLITAN NORTH WEST REGION,2015,9,September,BRUNSWICK