X,Y,OBJECTID,ACCIDENT_DATE,ACCIDENT_TIME,ALCOHOLTIME,ACCIDENT_TYPE,DAY_OF_WEEK,DCA_CODE,LIGHT_CONDITION,LONGITUDE,LATITUDE,LGA_NAME,REGION_NAME,TOTAL_PERSONS,INJ_OR_FATAL,FATALITY,SERIOUSINJURY,OTHERINJURY,NONINJURED,MALES,FEMALES,BICYCLIST,PASSENGER,DRIVER,PEDESTRIAN,PILLION,MOTORIST,UNKNOWN,PED_CYCLIST_5_12,PED_CYCLIST_13_18,OLD_PEDESTRIAN,OLD_DRIVER,YOUNG_DRIVER,ALCOHOL_RELATED,UNLICENCSED,NO_OF_VEHICLES,HEAVYVEHICLE,PASSENGERVEHICLE,MOTORCYCLE,PUBLICVEHICLE,DEG_URBAN_NAME,DEG_URBAN_ALL,LGA_NAME_ALL,REGION_NAME_ALL,Year,Month,Month_name,Suburb
144.8770070523003,-37.85054177515391,3432942,23/10/2015,07.13.00,No,Collision with vehicle,Friday,LEFT FAR (INTERSECTIONS ONLY),Dusk/Dawn,144.87701,-37.85054,HOBSONS BAY,METROPOLITAN NORTH WEST REGION,2,1,0,0,1,1,0,2,1,0,1,0,0,0,0,0,1,0,0,0,No,0,2,0,1,0,0,MELB_URBAN,MELB_URBAN,HOBSONS BAY,METROPOLITAN NORTH WEST REGION,2015,10,October,NEWPORT
143.86593134258723,-37.551370158637035,3432943,23/10/2015,11.00.00,No,Collision with vehicle,Friday,VEHICLE OFF FOOTPATH STRIKES VEH ON CARRIAGEWAY,Day,143.86593,-37.55137,BALLARAT,WESTERN REGION,2,1,0,0,1,1,1,1,1,0,1,0,0,0,0,0,1,0,0,1,No,0,2,0,1,0,0,LARGE_PROVINCIAL_CITIES,LARGE_PROVINCIAL_CITIES,BALLARAT,WESTERN REGION,2015,10,October,BLACK HILL
144.97251292763482,-37.86089714035505,3432952,17/10/2015,06.20.00,Yes,Collision with vehicle,Saturday,LEFT TURN SIDESWIPE,Dusk/Dawn,144.97251,-37.8609,PORT PHILLIP,METROPOLITAN NORTH WEST REGION,2,1,0,0,1,1,2,0,1,0,1,0,0,0,0,0,0,0,0,0,No,1,2,0,1,0,0,MELB_URBAN,MELB_URBAN,PORT PHILLIP,METROPOLITAN NORTH WEST REGION,2015,10,October,ST KILDA WEST
144.9596094779479,-37.81082886247308,3432956,22/10/2015,16.15.00,No,Collision with vehicle,Thursday,LEFT TURN SIDESWIPE,Day,144.95961,-37.810829999999996,MELBOURNE,METROPOLITAN NORTH WEST REGION,2,1,0,0,1,1,1,0,1,0,1,0,0,0,0,0,0,0,0,0,No,0,2,0,1,0,0,MELBOURNE_CBD,"MELBOURNE_CBD,MELB_URBAN",MELBOURNE,METROPOLITAN NORTH WEST REGION,2015,10,October,MELBOURNE
145.0220172682568,-37.782496579747274,3432959,28/10/2015,08.45.00,No,Collision with vehicle,Wednesday,LEFT TURN SIDESWIPE,Day,145.02202,-37.7825,DAREBIN,METROPOLITAN NORTH WEST REGION,2,1,0,0,1,1,2,0,1,0,1,0,0,0,0,0,0,0,0,0,No,0,2,0,1,0,0,MELB_URBAN,MELB_URBAN,"YARRA,DAREBIN",METROPOLITAN NORTH WEST REGION,2015,10,October,ALPHINGTON
144.9953126654268,-37.84412002015199,3432966,24/10/2015,12.45.00,No,Collision with vehicle,Saturday,U TURN,Day,144.99531000000002,-37.844120000000004,STONNINGTON,METROPOLITAN SOUTH EAST REGION,2,1,0,0,1,1,2,0,1,0,1,0,0,0,0,0,0,0,0,0,No,0,2,0,1,0,0,MELB_URBAN,MELB_URBAN,STONNINGTON,METROPOLITAN SOUTH EAST REGION,2015,10,October,SOUTH YARRA
145.02548900835012,-37.78821191352481,3432981,4/9/2015,17.00.00,Yes,Collision with vehicle,Friday,LEFT TURN SIDESWIPE,Dusk/Dawn,145.02549,-37.78821,BOROONDARA,METROPOLITAN SOUTH EAST REGION,2,1,0,0,1,1,1,1,1,0,1,0,0,0,0,0,0,0,0,1,No,1,2,0,1,0,0,MELB_URBAN,MELB_URBAN,BOROONDARA,METROPOLITAN SOUTH EAST REGION,2015,9,September,KEW
145.06436991539556,-37.79133998721964,3433006,25/10/2015,11.50.00,No,Collision with vehicle,Sunday,LEFT TURN SIDESWIPE,Day,145.06437,-37.791340000000005,BOROONDARA,METROPOLITAN SOUTH EAST REGION,2,1,0,0,1,1,1,1,1,0,1,0,0,0,0,0,0,0,0,0,No,0,2,0,1,0,0,MELB_URBAN,MELB_URBAN,BOROONDARA,METROPOLITAN SOUTH EAST REGION,2015,10,October,BALWYN NORTH
144.99333666870874,-37.79761965223931,3433009,28/10/2015,15.15.00,No,Collision with vehicle,Wednesday,VEHICLE STRIKES ANOTHER VEH WHILE EMERGING FROM DRIVEWAY,Day,144.99334,-37.79762,YARRA,METROPOLITAN NORTH WEST REGION,2,1,0,1,0,1,2,0,1,0,1,0,0,0,0,0,0,0,0,0,No,0,2,1,0,0,0,MELB_URBAN,MELB_URBAN,YARRA,METROPOLITAN NORTH WEST REGION,2015,10,October,ABBOTSFORD
144.98039383490683,-37.85798455159875,3433012,28/10/2015,17.55.00,No,Collision with vehicle,Wednesday,RIGHT THROUGH,Dusk/Dawn,144.98039,-37.85798,PORT PHILLIP,METROPOLITAN NORTH WEST REGION,2,1,0,1,0,1,1,1,1,0,1,0,0,0,0,0,0,0,0,1,No,0,2,0,1,0,0,MELB_URBAN,MELB_URBAN,PORT PHILLIP,METROPOLITAN NORTH WEST REGION,2015,10,October,ST KILDA
144.9914801376903,-37.91326928847197,3433015,24/10/2015,08.10.00,No,Collision with vehicle,Saturday,RIGHT/LEFT. ONE VEH TURNING RIGHT THE OTHER LEFT.,Day,144.99148,-37.913270000000004,BAYSIDE,METROPOLITAN SOUTH EAST REGION,3,1,0,1,0,2,2,1,1,1,1,0,0,0,0,0,0,0,0,0,No,0,2,0,1,0,0,MELB_URBAN,MELB_URBAN,BAYSIDE,METROPOLITAN SOUTH EAST REGION,2015,10,October,BRIGHTON
145.0875200395545,-37.8993174624306,3433018,28/10/2015,18.10.00,Yes,Collision with vehicle,Wednesday,CROSS TRAFFIC(INTERSECTIONS ONLY),Dusk/Dawn,145.08751999999998,-37.89932,MONASH,METROPOLITAN SOUTH EAST REGION,2,1,0,0,1,1,2,0,1,0,1,0,0,0,0,0,0,0,0,0,No,0,2,0,1,0,0,MELB_URBAN,MELB_URBAN,MONASH,METROPOLITAN SOUTH EAST REGION,2015,10,October,OAKLEIGH
144.9728920653104,-37.7648602288232,3433023,19/9/2015,15.30.00,No,Struck Pedestrian,Friday,FAR SIDE. PED HIT BY VEHICLE FROM THE LEFT,Day,144.97288999999998,-37.76486,MORELAND,METROPOLITAN NORTH WEST REGION,2,1,0,1,0,1,0,1,1,0,0,1,0,0,0,0,0,0,0,0,No,0,1,0,0,0,0,MELB_URBAN,MELB_URBAN,MORELAND,METROPOLITAN NORTH WEST REGION,2015,9,September,BRUNSWICK EAST
144.9785979475004,-37.80831038516125,3433034,19/10/2015,08.50.00,No,Collision with vehicle,Monday,VEHICLE OFF FOOTPATH STRIKES VEH ON CARRIAGEWAY,Day,144.9786,-37.80831,YARRA,METROPOLITAN NORTH WEST REGION,2,1,0,0,1,1,0,2,1,0,1,0,0,0,0,0,0,0,0,0,No,0,2,0,1,0,0,MELB_URBAN,MELB_URBAN,YARRA,METROPOLITAN NORTH WEST REGION,2015,10,October,FITZROY
144.9775611545869,-37.80360011669065,3433036,15/10/2015,19.30.00,Yes,No collision and no object struck,Wednesday,OUT OF CONTROL ON CARRIAGEWAY (ON STRAIGHT),Dusk/Dawn,144.97756,-37.8036,YARRA,METROPOLITAN NORTH WEST REGION,2,1,0,1,0,1,0,1,1,0,1,0,0,0,0,0,0,0,0,0,No,0,2,0,1,0,0,MELB_URBAN,MELB_URBAN,YARRA,METROPOLITAN NORTH WEST REGION,2015,10,October,FITZROY
144.99367000118806,-37.846800000556605,3433050,19/10/2015,07.15.00,No,Collision with vehicle,Monday,VEHICLE STRIKES DOOR OF PARKED/STATIONARY VEHICLE,Unk.,144.99367,-37.8468,STONNINGTON,METROPOLITAN SOUTH EAST REGION,2,1,0,1,0,1,1,1,1,0,1,0,0,0,0,0,0,0,0,0,No,0,2,0,1,0,0,MELB_URBAN,MELB_URBAN,STONNINGTON,METROPOLITAN SOUTH EAST REGION,2015,10,October,SOUTH YARRA
145.1499574701016,-37.819399672183536,3433052,23/10/2015,15.30.00,No,Collision with vehicle,Friday,VEHICLE STRIKES ANOTHER VEH WHILE EMERGING FROM DRIVEWAY,Day,145.14996000000002,-37.8194,WHITEHORSE,METROPOLITAN SOUTH EAST REGION,2,1,0,0,1,1,1,1,1,0,1,0,0,0,0,0,1,0,0,0,No,0,2,0,1,0,0,MELB_URBAN,MELB_URBAN,WHITEHORSE,METROPOLITAN SOUTH EAST REGION,2015,10,October,BLACKBURN
144.87178548939585,-38.36472599986226,3433053,2/10/2015,12.50.00,No,Collision with vehicle,Friday,RIGHT THROUGH,Day,144.87179,-38.36473,MORNINGTON PENINSULA,METROPOLITAN SOUTH EAST REGION,2,1,0,0,1,1,2,0,1,0,1,0,0,0,0,0,0,0,0,0,No,0,2,0,1,0,0,MELB_URBAN,MELB_URBAN,MORNINGTON PENINSULA,METROPOLITAN SOUTH EAST REGION,2015,10,October,CAPEL SOUND
144.98752005710347,-37.76790971027828,3433055,24/10/2015,11.42.00,No,Collision with vehicle,Saturday,LANE CHANGE LEFT (NOT OVERTAKING),Day,144.98752,-37.76791,DAREBIN,METROPOLITAN NORTH WEST REGION,2,1,0,0,1,1,2,0,1,0,1,0,0,0,0,0,0,0,0,0,No,0,2,0,1,0,0,MELB_URBAN,MELB_URBAN,DAREBIN,METROPOLITAN NORTH WEST REGION,2015,10,October,NORTHCOTE
144.96865065299906,-37.82361652954664,3433065,22/10/2015,17.00.00,No,No collision and no object struck,Thursday,OUT OF CONTROL ON CARRIAGEWAY (ON BEND),Dusk/Dawn,144.96865,-37.82362,MELBOURNE,METROPOLITAN NORTH WEST REGION,1,1,0,1,0,0,1,0,1,0,0,0,0,0,0,0,0,0,0,0,No,0,1,0,0,0,0,MELB_URBAN,MELB_URBAN,MELBOURNE,METROPOLITAN NORTH WEST REGION,2015,10,October,SOUTHBANK
144.81395025510315,-37.87373614751306,3433072,14/10/2015,17.15.00,No,Collision with vehicle,Wednesday,CROSS TRAFFIC(INTERSECTIONS ONLY),Dusk/Dawn,144.81395,-37.873740000000005,HOBSONS BAY,METROPOLITAN NORTH WEST REGION,2,1,0,0,1,1,0,2,1,0,1,0,0,0,0,0,0,0,0,0,No,0,2,0,1,0,0,MELB_URBAN,MELB_URBAN,HOBSONS BAY,METROPOLITAN NORTH WEST REGION,2015,10,October,ALTONA
144.9895738987504,-37.89759046208127,3433103,22/10/2015,08.30.00,No,Collision with vehicle,Thursday,CUTTING IN (OVERTAKING),Day,144.98957,-37.89759,BAYSIDE,METROPOLITAN SOUTH EAST REGION,2,1,0,0,1,1,2,0,1,0,1,0,0,0,0,0,0,0,0,1,No,0,2,0,1,0,0,MELB_URBAN,MELB_URBAN,BAYSIDE,METROPOLITAN SOUTH EAST REGION,2015,10,October,BRIGHTON
145.44857577513838,-38.06025566359961,3433113,29/10/2015,06.30.00,No,Collision with vehicle,Thursday,RIGHT THROUGH,Dusk/Dawn,145.44858,-38.06026,CARDINIA,METROPOLITAN SOUTH EAST REGION,2,1,0,1,0,1,2,0,1,0,1,0,0,0,0,0,0,0,0,0,No,0,2,0,1,0,0,SMALL_CITIES,"SMALL_CITIES,RURAL_VICTORIA",CARDINIA,METROPOLITAN SOUTH EAST REGION,2015,10,October,PAKENHAM
144.74058428131076,-37.710970513542726,3433116,29/10/2015,08.02.00,No,Collision with vehicle,Thursday,VEHICLE STRIKES ANOTHER VEH WHILE EMERGING FROM DRIVEWAY,Day,144.74058,-37.71097,MELTON,METROPOLITAN NORTH WEST REGION,2,1,0,0,1,1,1,1,1,0,1,0,0,0,0,1,0,0,0,0,No,0,2,0,1,0,0,MELB_URBAN,MELB_URBAN,MELTON,METROPOLITAN NORTH WEST REGION,2015,10,October,CAROLINE SPRINGS
144.408112373925,-38.16866258005355,3433117,29/10/2015,09.30.00,No,Collision with vehicle,Wednesday,RIGHT NEAR (INTERSECTIONS ONLY),Day,144.40811000000002,-38.168659999999996,GEELONG,SOUTH WESTERN REGION,2,1,0,1,0,1,1,1,1,0,1,0,0,0,0,0,0,0,0,0,No,0,2,0,1,0,0,LARGE_PROVINCIAL_CITIES,LARGE_PROVINCIAL_CITIES,GEELONG,SOUTH WESTERN REGION,2015,10,October,MOOLAP
145.06480973055486,-37.982130111252545,3433119,28/10/2015,20.00.00,Yes,Collision with vehicle,Wednesday,VEHICLE COLLIDES WITH VEHICLE PARKED ON LEFT OF ROAD,Dusk/Dawn,145.06481000000002,-37.98213,KINGSTON,METROPOLITAN SOUTH EAST REGION,1,1,0,0,1,0,1,0,1,0,0,0,0,0,0,0,0,0,0,0,No,0,2,0,1,0,0,MELB_URBAN,MELB_URBAN,KINGSTON,METROPOLITAN SOUTH EAST REGION,2015,10,October,MENTONE
144.94688129472797,-37.77171385121739,3433121,29/10/2015,09.00.00,No,Collision with vehicle,Thursday,RIGHT NEAR (INTERSECTIONS ONLY),Day,144.94688,-37.77171,MORELAND,METROPOLITAN NORTH WEST REGION,2,1,0,0,1,1,0,2,1,0,1,0,0,0,0,1,0,0,0,0,No,0,2,0,1,0,0,MELB_URBAN,MELB_URBAN,MORELAND,METROPOLITAN NORTH WEST REGION,2015,10,October,BRUNSWICK WEST
144.93825095059495,-37.78489948307697,3433127,15/10/2015,08.30.00,No,Collision with vehicle,Thursday,LEFT TURN SIDESWIPE,Day,144.93825,-37.7849,MOONEE VALLEY,METROPOLITAN NORTH WEST REGION,2,1,0,0,1,1,1,1,1,0,1,0,0,0,0,0,0,0,0,0,No,0,2,0,1,0,0,MELB_URBAN,MELB_URBAN,MOONEE VALLEY,METROPOLITAN NORTH WEST REGION,2015,10,October,FLEMINGTON
145.04034286950062,-37.92581032453732,3433133,14/10/2015,13.05.00,No,Collision with vehicle,Wednesday,REAR END(VEHICLES IN SAME LANE),Day,145.04034,-37.92581,GLEN EIRA,METROPOLITAN SOUTH EAST REGION,2,1,0,1,0,1,2,0,1,0,1,0,0,0,0,0,0,0,0,1,No,0,2,0,1,0,0,MELB_URBAN,MELB_URBAN,GLEN EIRA,METROPOLITAN SOUTH EAST REGION,2015,10,October,BENTLEIGH
144.99502500377434,-37.842449359994546,3433142,14/10/2015,10.00.00,No,Collision with vehicle,Wednesday,LANE CHANGE LEFT (NOT OVERTAKING),Day,144.99503,-37.84245,STONNINGTON,METROPOLITAN SOUTH EAST REGION,2,1,0,0,1,1,1,0,1,0,0,0,0,0,1,0,0,0,0,0,No,0,2,0,0,0,0,MELB_URBAN,MELB_URBAN,STONNINGTON,METROPOLITAN SOUTH EAST REGION,2015,10,October,SOUTH YARRA
144.9720205362196,-37.797646857658364,3433143,9/10/2015,21.00.00,Yes,Collision with vehicle,Friday,VEHICLE STRIKES DOOR OF PARKED/STATIONARY VEHICLE,Day,144.97202,-37.79765,MELBOURNE,METROPOLITAN NORTH WEST REGION,2,1,0,0,1,1,1,1,1,0,1,0,0,0,0,0,0,0,0,1,No,0,2,0,1,0,0,MELB_URBAN,MELB_URBAN,MELBOURNE,METROPOLITAN NORTH WEST REGION,2015,10,October,CARLTON
145.22246791462044,-37.71337165815449,3433148,13/10/2015,18.40.00,Yes,Collision with vehicle,Tuesday,LANE SIDE SWIPE (VEHICLES IN PARALLEL LANES),Unk.,145.22247,-37.71337,NILLUMBIK,METROPOLITAN NORTH WEST REGION,3,1,0,0,1,2,0,1,1,0,0,0,0,0,2,0,0,0,0,0,No,0,2,0,0,0,0,RURAL_VICTORIA,RURAL_VICTORIA,NILLUMBIK,METROPOLITAN NORTH WEST REGION,2015,10,October,KANGAROO GROUND
144.94896845818897,-37.8138666020142,3433162,29/10/2015,08.51.00,No,Collision with vehicle,Thursday,VEHICLE STRIKES DOOR OF PARKED/STATIONARY VEHICLE,Day,144.94897,-37.81387,MELBOURNE,METROPOLITAN NORTH WEST REGION,2,1,0,0,1,1,2,0,1,1,0,0,0,0,0,0,0,0,0,0,No,0,2,0,1,0,0,MELB_URBAN,MELB_URBAN,MELBOURNE,METROPOLITAN NORTH WEST REGION,2015,10,October,DOCKLANDS
145.0296158460649,-37.82821791659432,3433174,29/10/2015,15.00.00,No,Collision with vehicle,Thursday,RIGHT THROUGH,Day,145.02962,-37.82822,BOROONDARA,METROPOLITAN SOUTH EAST REGION,2,2,0,0,2,0,1,0,1,0,1,0,0,0,0,0,0,0,0,0,No,0,2,0,1,0,0,MELB_URBAN,MELB_URBAN,BOROONDARA,METROPOLITAN SOUTH EAST REGION,2015,10,October,HAWTHORN
144.95804278057673,-37.79577022172678,3433188,20/10/2015,09.19.00,No,Collision with vehicle,Tuesday,VEHICLE OFF FOOTPATH STRIKES VEH ON CARRIAGEWAY,Day,144.95803999999998,-37.795770000000005,MELBOURNE,METROPOLITAN NORTH WEST REGION,5,1,0,0,1,4,1,4,1,3,1,0,0,0,0,0,0,0,0,1,No,0,2,0,1,0,0,MELB_URBAN,MELB_URBAN,MELBOURNE,METROPOLITAN NORTH WEST REGION,2015,10,October,PARKVILLE
144.99479709774235,-37.78547512743216,3433195,19/10/2015,12.30.00,No,Collision with vehicle,Monday,LEFT TURN SIDESWIPE,Day,144.9948,-37.78548,YARRA,METROPOLITAN NORTH WEST REGION,2,1,0,0,1,1,2,0,1,0,1,0,0,0,0,0,0,0,0,0,No,0,2,0,1,0,0,MELB_URBAN,MELB_URBAN,YARRA,METROPOLITAN NORTH WEST REGION,2015,10,October,FITZROY NORTH
144.98390039651483,-37.245200359231575,3433212,24/10/2015,13.30.00,No,Other accident,Friday,OTHER ACCIDENTS NOT CLASSIFIABLE ELSEWHERE,Day,144.9839,-37.2452,MITCHELL,NORTHERN REGION,2,1,0,0,1,1,1,0,1,0,0,0,0,0,1,0,0,0,0,0,No,0,2,0,0,0,0,RURAL_VICTORIA,RURAL_VICTORIA,MITCHELL,NORTHERN REGION,2015,10,October,MORANDING
144.9631934430783,-37.760842630475054,3433213,25/10/2015,08.15.00,Yes,Collision with vehicle,Sunday,LANE SIDE SWIPE (VEHICLES IN PARALLEL LANES),Day,144.96319,-37.76084,MORELAND,METROPOLITAN NORTH WEST REGION,2,1,0,0,1,1,1,1,1,0,1,0,0,0,0,0,0,0,0,0,No,0,2,0,1,0,0,MELB_URBAN,MELB_URBAN,MORELAND,METROPOLITAN NORTH WEST REGION,2015,10,October,BRUNSWICK
145.26678537097547,-37.60451175939145,3433245,18/10/2015,08.20.00,Yes,No collision and no object struck,Sunday,OFF CARRIAGEWAY TO LEFT,Day,145.26679,-37.60451,NILLUMBIK,METROPOLITAN NORTH WEST REGION,1,1,0,1,0,0,0,1,1,0,0,0,0,0,0,0,0,0,0,0,No,0,1,0,0,0,0,SMALL_TOWNS,SMALL_TOWNS,NILLUMBIK,METROPOLITAN NORTH WEST REGION,2015,10,October,ST ANDREWS
144.9199408493929,-37.742584612189845,3433271,29/10/2015,17.23.00,No,Collision with vehicle,Thursday,RIGHT THROUGH,Dusk/Dawn,144.91994,-37.74258,MOONEE VALLEY,METROPOLITAN NORTH WEST REGION,2,1,0,0,1,1,0,2,1,0,1,0,0,0,0,0,0,0,0,0,No,0,2,0,1,0,0,MELB_URBAN,MELB_URBAN,MOONEE VALLEY,METROPOLITAN NORTH WEST REGION,2015,10,October,STRATHMORE
142.19972913521994,-36.717838211818325,3433277,30/10/2015,12.10.00,No,Collision with vehicle,Friday,RIGHT THROUGH,Day,142.19973000000002,-36.71784,HORSHAM,WESTERN REGION,2,1,0,0,1,1,2,0,1,0,1,0,0,0,0,0,0,0,0,0,No,0,2,0,1,0,0,SMALL_CITIES,SMALL_CITIES,HORSHAM,WESTERN REGION,2015,10,October,HORSHAM
144.98393473872838,-37.78320526359233,3433283,15/10/2015,20.40.00,Yes,Collision with vehicle,Thursday,REAR END(VEHICLES IN SAME LANE),Dusk/Dawn,144.98393000000002,-37.78321,YARRA,METROPOLITAN NORTH WEST REGION,2,1,0,1,0,1,1,0,1,0,1,0,0,0,0,0,0,0,0,0,No,0,2,0,1,0,0,MELB_URBAN,MELB_URBAN,YARRA,METROPOLITAN NORTH WEST REGION,2015,10,October,FITZROY NORTH
142.13533389173452,-36.7586899337599,3433286,14/10/2015,06.15.00,No,Struck animal,Wednesday,STRUCK ANIMAL,Dusk/Dawn,142.13533,-36.75869,HORSHAM,WESTERN REGION,1,1,0,1,0,0,0,1,1,0,0,0,0,0,0,0,0,0,0,0,No,0,1,0,0,0,0,RURAL_VICTORIA,RURAL_VICTORIA,HORSHAM,WESTERN REGION,2015,10,October,LOWER NORTON
144.99296525981484,-37.85399942451637,3433309,25/10/2015,15.50.00,No,Collision with vehicle,Sunday,VEHICLE STRIKES DOOR OF PARKED/STATIONARY VEHICLE,Day,144.99296999999999,-37.854,STONNINGTON,METROPOLITAN SOUTH EAST REGION,2,1,0,0,1,1,0,2,1,0,1,0,0,0,0,0,0,0,0,0,No,0,2,0,1,0,0,MELB_URBAN,MELB_URBAN,STONNINGTON,METROPOLITAN SOUTH EAST REGION,2015,10,October,WINDSOR
144.95695951055632,-37.78453402182349,3433310,3/10/2015,20.20.00,Yes,Collision with vehicle,Saturday,CROSS TRAFFIC(INTERSECTIONS ONLY),Dark Street lights on,144.95696,-37.78453,MELBOURNE,METROPOLITAN NORTH WEST REGION,2,1,0,1,0,1,0,2,1,0,1,0,0,0,0,0,0,0,0,1,No,0,2,0,1,0,0,MELB_URBAN,MELB_URBAN,MELBOURNE,METROPOLITAN NORTH WEST REGION,2015,10,October,PARKVILLE
144.98334106415717,-37.85554505814441,3433314,28/9/2015,17.40.00,No,Collision with vehicle,Monday,LEFT TURN SIDESWIPE,Day,144.98334,-37.85555,PORT PHILLIP,METROPOLITAN NORTH WEST REGION,2,1,0,0,1,1,0,2,1,0,1,0,0,0,0,0,0,0,0,1,No,0,2,0,1,0,0,MELB_URBAN,MELB_URBAN,"STONNINGTON,PORT PHILLIP","METROPOLITAN NORTH WEST REGION,METROPOLITAN SOUTH EAST REGION",2015,9,September,ST KILDA
144.99337114072785,-37.85185034448392,3433315,25/10/2015,15.00.00,No,Collision with vehicle,,VEHICLE STRIKES DOOR OF PARKED/STATIONARY VEHICLE,Day,144.99337,-37.85185,STONNINGTON,METROPOLITAN SOUTH EAST REGION,2,1,0,0,1,1,1,0,1,0,0,0,0,0,1,0,0,0,0,0,No,0,2,0,0,0,0,MELB_URBAN,MELB_URBAN,STONNINGTON,METROPOLITAN SOUTH EAST REGION,2015,10,October,WINDSOR
144.96223372069434,-37.81835893138349,3433333,16/10/2015,08.30.00,No,Collision with vehicle,Friday,ENTERING PARKING,Day,144.96223,-37.81836,MELBOURNE,METROPOLITAN NORTH WEST REGION,2,1,0,0,1,1,2,0,1,0,1,0,0,0,0,0,0,0,0,0,No,0,2,0,1,0,0,MELBOURNE_CBD,MELBOURNE_CBD,MELBOURNE,METROPOLITAN NORTH WEST REGION,2015,10,October,MELBOURNE
144.9630942293264,-37.805510469039575,3433334,16/10/2015,09.15.00,No,No collision and no object struck,Friday,OUT OF CONTROL ON CARRIAGEWAY (ON STRAIGHT),Day,144.96309,-37.80551,MELBOURNE,METROPOLITAN NORTH WEST REGION,2,1,0,1,0,1,1,1,1,0,1,0,0,0,0,0,0,0,0,0,No,0,2,0,1,0,0,MELB_URBAN,MELB_URBAN,MELBOURNE,METROPOLITAN NORTH WEST REGION,2015,10,October,CARLTON
144.76991754434363,-37.69809910118503,3433337,16/10/2015,10.12.00,No,Collision with vehicle,Friday,VEHICLE STRIKES ANOTHER VEH WHILE EMERGING FROM DRIVEWAY,Day,144.76991999999998,-37.6981,BRIMBANK,METROPOLITAN NORTH WEST REGION,2,1,0,0,1,1,1,0,1,0,1,0,0,0,0,0,0,0,0,0,No,0,2,0,1,0,0,MELB_URBAN,MELB_URBAN,BRIMBANK,METROPOLITAN NORTH WEST REGION,2015,10,October,SYDENHAM
145.05181982086677,-37.82460169971627,3433372,30/10/2015,18.00.00,Yes,Collision with vehicle,Friday,LEFT NEAR (INTERSECTIONS ONLY),Dusk/Dawn,145.05182,-37.8246,BOROONDARA,METROPOLITAN SOUTH EAST REGION,2,1,0,0,1,1,2,0,1,0,1,0,0,0,0,0,0,0,0,1,No,0,2,0,1,0,0,MELB_URBAN,MELB_URBAN,BOROONDARA,METROPOLITAN SOUTH EAST REGION,2015,10,October,HAWTHORN EAST
146.8812221808557,-36.119452735028155,3433375,30/10/2015,18.35.00,Yes,Collision with vehicle,Friday,RIGHT NEAR (INTERSECTIONS ONLY),Dusk/Dawn,146.88121999999998,-36.11945,WODONGA,NORTH EASTERN REGION,2,1,0,0,1,1,1,1,1,0,1,0,0,0,0,0,0,0,0,0,No,0,2,0,1,0,0,SMALL_CITIES,SMALL_CITIES,WODONGA,NORTH EASTERN REGION,2015,10,October,WODONGA
144.94657254995926,-37.72727324000552,3433395,16/10/2015,18.03.00,Yes,Collision with vehicle,Friday,CROSS TRAFFIC(INTERSECTIONS ONLY),Dusk/Dawn,144.94657,-37.727270000000004,MORELAND,METROPOLITAN NORTH WEST REGION,2,1,0,0,1,1,0,2,1,0,1,0,0,0,0,0,0,0,0,0,No,0,2,0,1,0,0,MELB_URBAN,MELB_URBAN,MORELAND,METROPOLITAN NORTH WEST REGION,2015,10,October,PASCOE VALE
144.83228872236117,-37.7644831178451,3433397,21/10/2015,08.37.00,No,Collision with vehicle,Wednesday,RIGHT NEAR (INTERSECTIONS ONLY),Day,144.83229,-37.76448,BRIMBANK,METROPOLITAN NORTH WEST REGION,2,1,0,0,1,1,2,0,1,0,1,0,0,0,0,0,0,0,0,0,No,0,2,0,1,0,0,MELB_URBAN,MELB_URBAN,BRIMBANK,METROPOLITAN NORTH WEST REGION,2015,10,October,SUNSHINE NORTH
144.98557892030263,-37.81412955231485,3433398,21/10/2015,09.23.00,No,Collision with vehicle,Wednesday,CROSS TRAFFIC(INTERSECTIONS ONLY),Day,144.98558,-37.81413,MELBOURNE,METROPOLITAN NORTH WEST REGION,2,1,0,0,1,1,0,2,1,0,1,0,0,0,0,0,0,0,0,0,No,0,2,0,1,0,0,MELB_URBAN,MELB_URBAN,MELBOURNE,METROPOLITAN NORTH WEST REGION,2015,10,October,EAST MELBOURNE
146.98176714120976,-36.7642696021309,3433401,30/9/2015,11.00.00,No,No collision and no object struck,Tuesday,OFF CARRIAGEWAY TO LEFT,Day,146.98176999999998,-36.76427,ALPINE,NORTH EASTERN REGION,3,1,0,0,1,2,1,0,1,0,0,0,0,0,2,0,0,0,0,0,No,0,3,0,0,0,0,SMALL_TOWNS,SMALL_TOWNS,ALPINE,NORTH EASTERN REGION,2015,9,September,WANDILIGONG
144.959330411234,-37.799917727902645,3433402,21/10/2015,09.04.00,No,Collision with vehicle,Wednesday,VEHICLE STRIKES DOOR OF PARKED/STATIONARY VEHICLE,Day,144.95933,-37.79992,MELBOURNE,METROPOLITAN NORTH WEST REGION,3,1,0,0,1,2,1,2,1,1,1,0,0,0,0,0,0,0,0,0,No,0,2,0,1,0,0,MELB_URBAN,MELB_URBAN,MELBOURNE,METROPOLITAN NORTH WEST REGION,2015,10,October,CARLTON
145.02705596105636,-37.724335605635375,3433405,10/9/2015,16.49.00,No,No collision and no object struck,Thursday,OUT OF CONTROL ON CARRIAGEWAY (ON STRAIGHT),Day,145.02706,-37.724340000000005,DAREBIN,METROPOLITAN NORTH WEST REGION,1,1,0,0,1,0,1,0,1,0,0,0,0,0,0,0,0,0,0,0,No,0,1,0,0,0,0,MELB_URBAN,MELB_URBAN,DAREBIN,METROPOLITAN NORTH WEST REGION,2015,9,September,RESERVOIR