X,Y,OBJECTID,ACCIDENT_DATE,ACCIDENT_TIME,ALCOHOLTIME,ACCIDENT_TYPE,DAY_OF_WEEK,DCA_CODE,LIGHT_CONDITION,LONGITUDE,LATITUDE,LGA_NAME,REGION_NAME,TOTAL_PERSONS,INJ_OR_FATAL,FATALITY,SERIOUSINJURY,OTHERINJURY,NONINJURED,MALES,FEMALES,BICYCLIST,PASSENGER,DRIVER,PEDESTRIAN,PILLION,MOTORIST,UNKNOWN,PED_CYCLIST_5_12,PED_CYCLIST_13_18,OLD_PEDESTRIAN,OLD_DRIVER,YOUNG_DRIVER,ALCOHOL_RELATED,UNLICENCSED,NO_OF_VEHICLES,HEAVYVEHICLE,PASSENGERVEHICLE,MOTORCYCLE,PUBLICVEHICLE,DEG_URBAN_NAME,DEG_URBAN_ALL,LGA_NAME_ALL,REGION_NAME_ALL,Year,Month,Month_name,Suburb
143.85880790013286,-37.56434658507765,3435860,16/11/2015,18.09.00,Yes,No collision and no object struck,Monday,OUT OF CONTROL ON CARRIAGEWAY (ON STRAIGHT),Day,143.85881,-37.56435,BALLARAT,WESTERN REGION,1,1,0,1,0,0,1,0,1,0,0,0,0,0,0,0,0,0,0,0,No,0,1,0,0,0,0,LARGE_PROVINCIAL_CITIES,LARGE_PROVINCIAL_CITIES,BALLARAT,WESTERN REGION,2015,11,November,BALLARAT CENTRAL
144.29109028248942,-38.17193154063592,3435877,21/11/2015,11.15.00,No,Collision with vehicle,Saturday,RIGHT THROUGH,Day,144.29109,-38.171929999999996,GEELONG,SOUTH WESTERN REGION,2,1,0,1,0,1,1,0,1,0,1,0,0,0,0,0,0,0,0,0,No,0,2,0,1,0,0,RURAL_VICTORIA,RURAL_VICTORIA,GEELONG,SOUTH WESTERN REGION,2015,11,November,WANDANA HEIGHTS
144.97896841011783,-37.79536394391372,3435894,10/11/2015,15.40.00,No,Collision with vehicle,Tuesday,RIGHT THROUGH,Day,144.97897,-37.795359999999995,YARRA,METROPOLITAN NORTH WEST REGION,3,1,0,0,1,2,2,1,1,1,1,0,0,0,0,0,0,0,0,1,No,0,2,0,1,0,0,MELB_URBAN,MELB_URBAN,YARRA,METROPOLITAN NORTH WEST REGION,2015,11,November,FITZROY
144.96307649844135,-37.761519623868644,3435900,4/11/2015,14.50.00,No,Collision with vehicle,Wednesday,VEHICLE STRIKES DOOR OF PARKED/STATIONARY VEHICLE,Day,144.96308,-37.761520000000004,MORELAND,METROPOLITAN NORTH WEST REGION,2,1,0,0,1,1,2,0,1,0,1,0,0,0,0,0,0,0,0,0,No,0,2,0,1,0,0,MELB_URBAN,MELB_URBAN,MORELAND,METROPOLITAN NORTH WEST REGION,2015,11,November,BRUNSWICK
143.6823861658228,-38.467095861230014,3435902,11/11/2015,08.00.00,No,Collision with vehicle,Wednesday,OTHER ADJACENT (INTERSECTIONS ONLY),Day,143.68239,-38.4671,COLAC OTWAY,SOUTH WESTERN REGION,2,1,0,1,0,1,2,0,1,0,1,0,0,0,0,0,1,0,0,0,No,0,2,0,1,0,0,RURAL_VICTORIA,RURAL_VICTORIA,COLAC OTWAY,SOUTH WESTERN REGION,2015,11,November,GERANGAMETE
145.10545911694402,-37.91264210927551,3435904,11/11/2015,08.15.00,No,Collision with vehicle,Wednesday,LANE SIDE SWIPE (VEHICLES IN PARALLEL LANES),Day,145.10546000000002,-37.91264,MONASH,METROPOLITAN SOUTH EAST REGION,2,1,0,0,1,1,0,1,1,0,0,0,0,0,1,0,0,0,0,0,No,0,2,0,0,0,0,MELB_URBAN,MELB_URBAN,MONASH,METROPOLITAN SOUTH EAST REGION,2015,11,November,OAKLEIGH SOUTH
144.98611157621357,-37.780660858243905,3435913,15/11/2015,17.40.00,Yes,Collision with vehicle,Sunday,VEHICLE COLLIDES WITH VEHICLE PARKED ON LEFT OF ROAD,Day,144.98611,-37.78066,YARRA,METROPOLITAN NORTH WEST REGION,2,1,0,0,1,1,2,0,1,0,1,0,0,0,0,0,1,0,0,0,No,0,3,0,2,0,0,MELB_URBAN,MELB_URBAN,YARRA,METROPOLITAN NORTH WEST REGION,2015,11,November,FITZROY NORTH
144.93184218953448,-37.794631599805186,3435915,17/11/2015,08.18.00,No,Collision with vehicle,Tuesday,LEFT TURN SIDESWIPE,Day,144.93184,-37.79463,MELBOURNE,METROPOLITAN NORTH WEST REGION,2,1,0,0,1,1,1,1,1,0,1,0,0,0,0,0,0,0,0,0,No,0,2,0,1,0,0,MELB_URBAN,MELB_URBAN,MELBOURNE,METROPOLITAN NORTH WEST REGION,2015,11,November,KENSINGTON
144.97237984087963,-37.761920848598116,3435917,14/11/2015,15.00.00,Yes,Collision with vehicle,Saturday,PULLING OUT (OVERTAKING),Day,144.97238000000002,-37.76192,MORELAND,METROPOLITAN NORTH WEST REGION,2,1,0,0,1,1,2,0,1,0,1,0,0,0,0,0,0,0,0,0,No,0,2,0,1,0,0,MELB_URBAN,MELB_URBAN,MORELAND,METROPOLITAN NORTH WEST REGION,2015,11,November,BRUNSWICK
144.9503263774849,-37.759315854246815,3435931,22/11/2015,09.30.00,Yes,Collision with vehicle,Sunday,RIGHT THROUGH,Day,144.95033,-37.75932,MORELAND,METROPOLITAN NORTH WEST REGION,2,1,0,0,1,1,1,1,1,0,1,0,0,0,0,0,0,0,1,0,No,0,2,0,1,0,0,MELB_URBAN,MELB_URBAN,MORELAND,METROPOLITAN NORTH WEST REGION,2015,11,November,BRUNSWICK
144.50391096519908,-38.27590079333207,3435932,22/11/2015,09.00.00,Yes,Collision with vehicle,Sunday,VEHICLE STRIKES ANOTHER VEH WHILE EMERGING FROM DRIVEWAY,Day,144.50391000000002,-38.2759,GEELONG,SOUTH WESTERN REGION,2,1,0,1,0,1,1,1,1,0,1,0,0,0,0,0,0,0,0,0,No,0,2,0,1,0,0,SMALL_CITIES,SMALL_CITIES,GEELONG,SOUTH WESTERN REGION,2015,11,November,OCEAN GROVE
144.97332006755096,-37.79521586580548,3435944,4/11/2015,16.40.00,No,Collision with vehicle,Wednesday,CROSS TRAFFIC(INTERSECTIONS ONLY),Day,144.97332,-37.79522,MELBOURNE,METROPOLITAN NORTH WEST REGION,2,1,0,0,1,1,1,1,1,0,0,0,0,1,0,0,0,0,0,0,No,0,2,0,0,1,0,MELB_URBAN,MELB_URBAN,MELBOURNE,METROPOLITAN NORTH WEST REGION,2015,11,November,CARLTON
144.2448694997882,-36.78955990175813,3435979,22/11/2015,14.15.00,No,No collision and no object struck,Sunday,OUT OF CONTROL ON CARRIAGEWAY (ON STRAIGHT),Day,144.24487,-36.789559999999994,BENDIGO,NORTHERN REGION,2,1,0,1,0,1,1,1,1,0,1,0,0,0,0,1,0,0,0,1,No,0,2,0,1,0,0,LARGE_PROVINCIAL_CITIES,LARGE_PROVINCIAL_CITIES,BENDIGO,NORTHERN REGION,2015,11,November,KANGAROO FLAT
144.9772226423198,-37.84083939765085,3435984,20/11/2015,10.30.00,No,Collision with vehicle,Thursday,VEHICLE STRIKES DOOR OF PARKED/STATIONARY VEHICLE,Day,144.97722,-37.84084,MELBOURNE,METROPOLITAN NORTH WEST REGION,3,1,0,0,1,2,2,1,1,1,0,0,0,0,1,0,0,0,0,0,No,0,2,0,1,0,0,MELB_URBAN,MELB_URBAN,"PORT PHILLIP,MELBOURNE",METROPOLITAN NORTH WEST REGION,2015,11,November,MELBOURNE
144.87855368533582,-37.856785389627966,3435993,4/11/2015,05.30.00,Yes,Collision with vehicle,Wednesday,CROSS TRAFFIC(INTERSECTIONS ONLY),Dusk/Dawn,144.87855,-37.856790000000004,HOBSONS BAY,METROPOLITAN NORTH WEST REGION,2,1,0,0,1,1,2,0,1,0,1,0,0,0,0,0,0,0,0,0,No,0,2,0,1,0,0,MELB_URBAN,MELB_URBAN,HOBSONS BAY,METROPOLITAN NORTH WEST REGION,2015,11,November,WILLIAMSTOWN
145.31942741007313,-37.86370904828081,3435995,3/11/2015,10.00.00,No,Collision with vehicle,Tuesday,REAR END(VEHICLES IN SAME LANE),Day,145.31943,-37.86371,KNOX,METROPOLITAN SOUTH EAST REGION,2,1,0,1,0,1,1,0,1,0,0,0,0,0,1,0,0,0,0,0,No,0,2,0,0,0,0,MELB_URBAN,MELB_URBAN,KNOX,METROPOLITAN SOUTH EAST REGION,2015,11,November,THE BASIN
144.98111332445444,-37.79618896022364,3435997,30/10/2015,18.00.00,Yes,No collision and no object struck,Friday,OFF CARRIAGEWAY TO LEFT,Dusk/Dawn,144.98111,-37.79619,YARRA,METROPOLITAN NORTH WEST REGION,2,1,0,1,0,1,1,0,1,0,0,0,0,0,1,0,0,0,0,0,No,0,2,0,0,0,0,MELB_URBAN,MELB_URBAN,YARRA,METROPOLITAN NORTH WEST REGION,2015,10,October,FITZROY
145.05512513752345,-37.89939740135413,3436021,17/11/2015,16.30.00,No,Collision with vehicle,Tuesday,RIGHT NEAR (INTERSECTIONS ONLY),Day,145.05513,-37.8994,GLEN EIRA,METROPOLITAN SOUTH EAST REGION,2,1,0,0,1,1,2,0,1,0,1,0,0,0,0,0,0,0,0,0,No,0,2,0,1,0,0,MELB_URBAN,MELB_URBAN,GLEN EIRA,METROPOLITAN SOUTH EAST REGION,2015,11,November,CARNEGIE
144.7774420624253,-37.872350172237134,3436024,22/11/2015,16.52.00,Yes,Collision with vehicle,Sunday,VEHICLE OFF FOOTPATH STRIKES VEH ON CARRIAGEWAY,Day,144.77743999999998,-37.87235,HOBSONS BAY,METROPOLITAN NORTH WEST REGION,2,1,0,1,0,1,2,0,1,0,1,0,0,0,0,1,0,0,0,1,No,0,2,0,1,0,0,MELB_URBAN,MELB_URBAN,HOBSONS BAY,METROPOLITAN NORTH WEST REGION,2015,11,November,ALTONA MEADOWS
146.4245389983574,-38.253899642952646,3436025,22/11/2015,11.05.00,No,Collision with vehicle,Sunday,REAR END(VEHICLES IN SAME LANE),Day,146.42453999999998,-38.2539,LATROBE,EASTERN REGION,2,1,0,1,0,1,1,1,1,0,1,0,0,0,0,0,0,0,0,0,No,0,2,0,1,0,0,RURAL_VICTORIA,RURAL_VICTORIA,LATROBE,"EASTERN REGION,EASTERN REGION",2015,11,November,MORWELL
147.0965669884271,-38.10194016996717,3436029,20/11/2015,06.20.00,No,Collision with vehicle,Thursday,CROSS TRAFFIC(INTERSECTIONS ONLY),Dusk/Dawn,147.09656999999999,-38.10194,WELLINGTON,EASTERN REGION,2,1,0,0,1,1,1,0,1,0,1,0,0,0,0,0,0,0,0,0,No,0,2,0,1,0,0,SMALL_CITIES,"SMALL_CITIES,RURAL_VICTORIA",WELLINGTON,"EASTERN REGION,EASTERN REGION",2015,11,November,SALE
144.98317173481502,-37.78409030772096,3436043,5/11/2015,16.30.00,No,Collision with vehicle,Wednesday,LEFT TURN SIDESWIPE,Day,144.98317,-37.78409,YARRA,METROPOLITAN NORTH WEST REGION,2,1,0,0,1,1,0,2,1,0,1,0,0,0,0,0,0,0,0,0,No,0,2,0,1,0,0,MELB_URBAN,MELB_URBAN,YARRA,METROPOLITAN NORTH WEST REGION,2015,11,November,FITZROY NORTH
145.02084398931282,-37.79214683255617,3436068,5/1/2016,07.00.00,No,No collision and no object struck,Tuesday,OUT OF CONTROL ON CARRIAGEWAY (ON BEND),Day,145.02084,-37.79215,BOROONDARA,METROPOLITAN SOUTH EAST REGION,1,1,0,1,0,0,1,0,1,0,0,0,0,0,0,0,0,0,0,0,No,0,1,0,0,0,0,MELB_URBAN,MELB_URBAN,BOROONDARA,METROPOLITAN SOUTH EAST REGION,2016,1,January,KEW
145.10411978797399,-37.815591106576655,3436071,11/1/2016,11.20.00,No,No collision and no object struck,Monday,OUT OF CONTROL ON CARRIAGEWAY (ON STRAIGHT),Day,145.10412,-37.81559,WHITEHORSE,METROPOLITAN SOUTH EAST REGION,2,1,0,0,1,1,1,1,1,0,1,0,0,0,0,0,0,0,0,0,No,0,2,0,1,0,0,MELB_URBAN,MELB_URBAN,WHITEHORSE,METROPOLITAN SOUTH EAST REGION,2016,1,January,MONT ALBERT
144.99171485500102,-37.88619386430703,3436074,11/1/2016,08.45.00,No,Collision with vehicle,Monday,LEFT NEAR (INTERSECTIONS ONLY),Day,144.99171,-37.88619,BAYSIDE,METROPOLITAN NORTH WEST REGION,2,1,0,0,1,1,2,0,1,0,1,0,0,0,0,0,0,0,0,0,No,1,2,0,1,0,0,MELB_URBAN,MELB_URBAN,"PORT PHILLIP,BAYSIDE","METROPOLITAN NORTH WEST REGION,METROPOLITAN SOUTH EAST REGION",2016,1,January,ELWOOD
144.90930344460844,-37.774867938066734,3436087,17/1/2016,09.45.00,Yes,Collision with vehicle,Sunday,VEHICLE STRIKES DOOR OF PARKED/STATIONARY VEHICLE,Day,144.9093,-37.77487,MOONEE VALLEY,METROPOLITAN NORTH WEST REGION,2,1,0,0,1,1,2,0,1,0,1,0,0,0,0,0,0,0,0,0,No,0,2,0,1,0,0,MELB_URBAN,MELB_URBAN,MOONEE VALLEY,METROPOLITAN NORTH WEST REGION,2016,1,January,ASCOT VALE
146.31689150554652,-36.372431308463725,3436097,21/1/2016,12.55.00,No,Collision with vehicle,Thursday,RIGHT NEAR (INTERSECTIONS ONLY),Day,146.31689,-36.37243,WANGARATTA,NORTH EASTERN REGION,2,1,0,0,1,1,2,0,1,0,1,0,0,0,0,0,1,0,0,1,No,0,2,0,1,0,0,SMALL_CITIES,SMALL_CITIES,WANGARATTA,NORTH EASTERN REGION,2016,1,January,WANGARATTA
145.05127003673587,-37.986170037887405,3436100,20/1/2016,07.15.00,No,collision with some other object,Wednesday,LOAD OR MISSILE STRUCK VEHICLE,Day,145.05127,-37.98617,BAYSIDE,METROPOLITAN SOUTH EAST REGION,2,1,0,1,0,1,0,1,1,0,1,0,0,0,0,0,0,0,0,0,No,0,2,0,1,0,0,MELB_URBAN,MELB_URBAN,BAYSIDE,METROPOLITAN SOUTH EAST REGION,2016,1,January,BEAUMARIS
144.87515094563713,-38.363917111950045,3436105,5/1/2016,11.45.00,No,Collision with vehicle,Tuesday,LEFT TURN SIDESWIPE,Day,144.87515,-38.36392,MORNINGTON PENINSULA,METROPOLITAN SOUTH EAST REGION,2,1,0,0,1,1,2,0,1,0,1,0,0,0,0,0,0,0,0,0,No,0,2,0,1,0,0,MELB_URBAN,MELB_URBAN,MORNINGTON PENINSULA,METROPOLITAN SOUTH EAST REGION,2016,1,January,CAPEL SOUND
147.28660040394243,-36.86484043588398,3436106,5/1/2016,13.38.00,No,No collision and no object struck,Tuesday,OUT OF CONTROL ON CARRIAGEWAY (ON BEND),Day,147.2866,-36.86484,(FALLS CREEK),NORTH EASTERN REGION,2,1,0,1,0,1,0,1,1,0,1,0,0,0,0,0,0,0,0,0,No,0,2,0,1,0,0,SMALL_TOWNS,SMALL_TOWNS,(FALLS CREEK),NORTH EASTERN REGION,2016,1,January,FALLS CREEK
145.25760499218612,-37.82663072326844,3436111,5/1/2016,15.45.00,No,Collision with vehicle,Tuesday,RIGHT THROUGH,Day,145.2576,-37.82663,MAROONDAH,METROPOLITAN SOUTH EAST REGION,6,1,0,1,0,5,2,4,1,1,1,0,0,0,3,0,0,0,0,0,No,0,2,0,1,0,0,MELB_URBAN,MELB_URBAN,MAROONDAH,METROPOLITAN SOUTH EAST REGION,2016,1,January,RINGWOOD EAST
145.00869532293038,-37.878239506011255,3436115,17/12/2015,08.00.00,No,Collision with vehicle,Wednesday,RIGHT THROUGH,Day,145.0087,-37.878240000000005,GLEN EIRA,METROPOLITAN SOUTH EAST REGION,2,1,0,0,1,1,2,0,1,0,1,0,0,0,0,0,0,0,0,0,No,0,2,0,1,0,0,MELB_URBAN,MELB_URBAN,GLEN EIRA,METROPOLITAN SOUTH EAST REGION,2015,12,December,ELSTERNWICK
144.95892857174974,-37.805040411255305,3436118,1/12/2015,10.00.00,No,Collision with vehicle,Tuesday,REAR END(VEHICLES IN SAME LANE),Day,144.95893,-37.805040000000005,MELBOURNE,METROPOLITAN NORTH WEST REGION,2,1,0,1,0,1,2,0,1,0,1,0,0,0,0,0,0,0,0,0,No,0,2,0,1,0,0,MELB_URBAN,MELB_URBAN,MELBOURNE,METROPOLITAN NORTH WEST REGION,2015,12,December,MELBOURNE
144.9698126584034,-37.82262923132915,3436126,11/1/2016,08.30.00,No,No collision and no object struck,Monday,OUT OF CONTROL ON CARRIAGEWAY (ON STRAIGHT),Day,144.96981,-37.82263,MELBOURNE,METROPOLITAN NORTH WEST REGION,2,1,0,0,1,1,1,0,1,0,0,0,0,0,1,0,0,0,0,0,No,0,2,0,0,0,0,MELB_URBAN,MELB_URBAN,MELBOURNE,METROPOLITAN NORTH WEST REGION,2016,1,January,SOUTHBANK
144.9879692053629,-37.77850956522784,3436127,11/1/2016,18.12.00,Yes,No collision and no object struck,Monday,OUT OF CONTROL ON CARRIAGEWAY (ON STRAIGHT),Day,144.98797,-37.77851,YARRA,METROPOLITAN NORTH WEST REGION,1,1,0,1,0,0,0,1,1,0,0,0,0,0,0,0,0,0,0,0,No,0,1,0,0,0,0,MELB_URBAN,MELB_URBAN,YARRA,METROPOLITAN NORTH WEST REGION,2016,1,January,FITZROY NORTH
145.2832128924949,-38.0830728016609,3436128,17/1/2016,10.50.00,No,Collision with vehicle,Sunday,VEHICLE OFF FOOTPATH STRIKES VEH ON CARRIAGEWAY,Day,145.28321,-38.08307,CASEY,METROPOLITAN SOUTH EAST REGION,2,1,0,0,1,1,1,1,1,0,1,0,0,0,0,0,0,0,0,0,No,0,2,0,1,0,0,MELB_URBAN,MELB_URBAN,CASEY,METROPOLITAN SOUTH EAST REGION,2016,1,January,CRANBOURNE NORTH
145.1269596265046,-37.79775670424162,3436129,17/1/2016,10.40.00,No,Collision with vehicle,,RIGHT NEAR (INTERSECTIONS ONLY),Day,145.12696,-37.79776,WHITEHORSE,METROPOLITAN SOUTH EAST REGION,2,1,0,0,1,1,1,1,1,0,1,0,0,0,0,0,0,0,0,0,No,0,2,0,1,0,0,MELB_URBAN,MELB_URBAN,WHITEHORSE,METROPOLITAN SOUTH EAST REGION,2016,1,January,DONCASTER
147.09260096041956,-36.717770307801146,3436131,17/1/2016,11.56.00,No,No collision and no object struck,Sunday,OFF CARRIAGEWAY ON RIGHT BEND,Day,147.0926,-36.71777,ALPINE,NORTH EASTERN REGION,1,1,0,0,1,0,1,0,1,0,0,0,0,0,0,0,0,0,0,0,No,0,1,0,0,0,0,RURAL_VICTORIA,RURAL_VICTORIA,ALPINE,NORTH EASTERN REGION,2016,1,January,GERMANTOWN
145.01555032400006,-37.831119615534135,3436137,16/1/2016,15.40.00,Yes,Collision with vehicle,Saturday,U TURN,Day,145.01555,-37.83112,YARRA,METROPOLITAN NORTH WEST REGION,2,1,0,1,0,1,1,1,1,0,1,0,0,0,0,0,0,0,0,0,No,0,2,0,1,0,0,MELB_URBAN,MELB_URBAN,YARRA,METROPOLITAN NORTH WEST REGION,2016,1,January,BURNLEY
144.9711399947394,-37.7519899954693,3436171,11/1/2016,20.30.00,Yes,No collision and no object struck,Monday,OUT OF CONTROL ON CARRIAGEWAY (ON STRAIGHT),Dusk/Dawn,144.97114,-37.75199,MORELAND,METROPOLITAN NORTH WEST REGION,1,1,0,0,1,0,1,0,1,0,0,0,0,0,0,0,0,0,0,0,No,0,1,0,0,0,0,MELB_URBAN,MELB_URBAN,MORELAND,METROPOLITAN NORTH WEST REGION,2016,1,January,COBURG
144.63715088553204,-38.11034326724094,3436207,6/1/2016,09.48.00,No,Collision with vehicle,Wednesday,RIGHT THROUGH,Day,144.63715,-38.11034,GEELONG,SOUTH WESTERN REGION,2,1,0,0,1,1,1,1,1,0,1,0,0,0,0,1,0,0,0,0,No,0,2,0,1,0,0,TOWNS,TOWNS,GEELONG,SOUTH WESTERN REGION,2016,1,January,PORTARLINGTON
145.0931689904855,-37.894899863725186,3436219,12/1/2016,10.50.00,No,Collision with vehicle,Tuesday,VEHICLE OFF FOOTPATH STRIKES VEH ON CARRIAGEWAY,Day,145.09317,-37.8949,MONASH,METROPOLITAN SOUTH EAST REGION,2,1,0,1,0,1,0,2,1,0,1,0,0,0,0,0,0,0,0,0,No,0,2,0,1,0,0,MELB_URBAN,MELB_URBAN,MONASH,METROPOLITAN SOUTH EAST REGION,2016,1,January,OAKLEIGH
144.99398564550546,-37.84777041180849,3436229,12/1/2016,15.05.00,No,Collision with vehicle,Tuesday,CROSS TRAFFIC(INTERSECTIONS ONLY),Day,144.99399,-37.847770000000004,STONNINGTON,METROPOLITAN SOUTH EAST REGION,2,1,0,0,1,1,0,2,1,0,1,0,0,0,0,0,0,0,0,0,No,0,2,0,1,0,0,MELB_URBAN,MELB_URBAN,STONNINGTON,METROPOLITAN SOUTH EAST REGION,2016,1,January,PRAHRAN
145.1747611120447,-37.61082056022892,3436236,11/1/2016,10.30.00,No,Collision with vehicle,Monday,RIGHT NEAR (INTERSECTIONS ONLY),Day,145.17476000000002,-37.610820000000004,NILLUMBIK,METROPOLITAN NORTH WEST REGION,2,1,0,0,1,1,1,0,1,0,0,0,0,0,1,0,0,0,0,0,No,0,2,0,0,0,0,RURAL_VICTORIA,RURAL_VICTORIA,NILLUMBIK,METROPOLITAN NORTH WEST REGION,2016,1,January,DOREEN
145.00829191241596,-37.81950367075993,3436238,12/1/2016,16.00.00,No,Collision with vehicle,Tuesday,REAR END(VEHICLES IN SAME LANE),Day,145.00829,-37.8195,YARRA,METROPOLITAN NORTH WEST REGION,2,1,0,0,1,1,1,0,1,0,0,0,0,0,1,0,0,0,0,0,No,0,2,0,0,0,0,MELB_URBAN,MELB_URBAN,YARRA,METROPOLITAN NORTH WEST REGION,2016,1,January,RICHMOND
144.97486823932007,-37.756669720408304,3436241,6/1/2016,16.27.00,No,No collision and no object struck,Wednesday,OUT OF CONTROL ON CARRIAGEWAY (ON STRAIGHT),Day,144.97486999999998,-37.75667,MORELAND,METROPOLITAN NORTH WEST REGION,1,1,0,0,1,0,0,1,1,0,0,0,0,0,0,0,0,0,0,0,No,0,1,0,0,0,0,MELB_URBAN,MELB_URBAN,MORELAND,METROPOLITAN NORTH WEST REGION,2016,1,January,COBURG
144.5835694443207,-38.267139114619994,3436244,18/1/2016,08.50.00,No,Collision with vehicle,Monday,RIGHT TURN SIDESWIPE,Day,144.58357,-38.267140000000005,GEELONG,SOUTH WESTERN REGION,3,1,0,1,0,2,2,1,1,1,1,0,0,0,0,0,0,0,0,0,No,0,2,0,1,0,0,RURAL_VICTORIA,RURAL_VICTORIA,GEELONG,SOUTH WESTERN REGION,2016,1,January,POINT LONSDALE
145.03882016985125,-37.889019094859684,3436247,22/1/2016,06.15.00,No,No collision and no object struck,Friday,OUT OF CONTROL ON CARRIAGEWAY (ON STRAIGHT),Dusk/Dawn,145.03882,-37.88902,GLEN EIRA,METROPOLITAN SOUTH EAST REGION,1,1,0,1,0,0,0,1,1,0,0,0,0,0,0,0,0,0,0,0,No,0,2,1,0,0,0,MELB_URBAN,MELB_URBAN,GLEN EIRA,METROPOLITAN SOUTH EAST REGION,2016,1,January,GLEN HUNTLY
145.0231721313991,-37.833628672930324,3436263,6/1/2016,13.30.00,No,Collision with vehicle,Wednesday,VEHICLE COLLIDES WITH VEHICLE PARKED ON LEFT OF ROAD,Day,145.02317,-37.83363,YARRA,METROPOLITAN NORTH WEST REGION,1,1,0,0,1,0,1,0,1,0,0,0,0,0,0,0,0,0,0,0,No,0,2,0,1,0,0,MELB_URBAN,MELB_URBAN,YARRA,METROPOLITAN NORTH WEST REGION,2016,1,January,BURNLEY
145.03381641993798,-37.88574494725001,3436265,6/1/2016,16.15.00,No,Collision with vehicle,Wednesday,CROSS TRAFFIC(INTERSECTIONS ONLY),Day,145.03382,-37.885740000000006,GLEN EIRA,METROPOLITAN SOUTH EAST REGION,2,1,0,0,1,1,2,0,1,0,1,0,0,0,0,0,0,0,0,1,No,0,2,0,1,0,0,MELB_URBAN,MELB_URBAN,GLEN EIRA,METROPOLITAN SOUTH EAST REGION,2016,1,January,CAULFIELD
144.98607573733142,-37.80659423004953,3436269,6/1/2016,18.32.00,Yes,Collision with vehicle,Wednesday,RIGHT THROUGH,Day,144.98608000000002,-37.80659,YARRA,METROPOLITAN NORTH WEST REGION,2,1,0,1,0,1,2,0,1,0,1,0,0,0,0,0,0,0,0,0,No,0,2,0,1,0,0,MELB_URBAN,MELB_URBAN,YARRA,METROPOLITAN NORTH WEST REGION,2016,1,January,COLLINGWOOD
145.03194117338214,-37.99322827953581,3436271,9/1/2016,07.36.00,Yes,No collision and no object struck,Saturday,OUT OF CONTROL ON CARRIAGEWAY (ON STRAIGHT),Day,145.03194,-37.99323,BAYSIDE,METROPOLITAN SOUTH EAST REGION,1,1,0,1,0,0,1,0,1,0,0,0,0,0,0,0,0,0,0,0,No,0,1,0,0,0,0,MELB_URBAN,MELB_URBAN,BAYSIDE,METROPOLITAN SOUTH EAST REGION,2016,1,January,BEAUMARIS
144.97816679175102,-37.83725784834461,3436278,12/1/2016,18.30.00,Yes,Collision with vehicle,Tuesday,LEAVING PARKING,Day,144.97817,-37.83726,MELBOURNE,METROPOLITAN NORTH WEST REGION,3,1,0,0,1,2,1,2,1,0,2,0,0,0,0,0,0,0,1,0,No,0,3,0,2,0,0,MELB_URBAN,MELB_URBAN,MELBOURNE,METROPOLITAN NORTH WEST REGION,2016,1,January,SOUTH YARRA
146.30077053016242,-39.00049595385635,3436285,6/1/2016,11.00.00,No,Collision with a fixed object,Wednesday,OFF LEFT BEND INTO OBJECT/PARKED VEHICLE,Day,146.30077,-39.0005,SOUTH GIPPSLAND,EASTERN REGION,1,1,0,1,0,0,1,0,1,0,0,0,0,0,0,0,0,0,0,0,No,0,1,0,0,0,0,RURAL_VICTORIA,RURAL_VICTORIA,SOUTH GIPPSLAND,"EASTERN REGION,EASTERN REGION",2016,1,January,WILSONS PROMONTORY
144.93622549478314,-37.62457952054099,3436287,30/12/2015,20.00.00,Yes,Collision with vehicle,Wednesday,LANE SIDE SWIPE (VEHICLES IN PARALLEL LANES),Dusk/Dawn,144.93623,-37.62458,HUME,METROPOLITAN NORTH WEST REGION,2,1,0,0,1,1,1,0,1,0,0,0,0,0,1,0,0,0,0,0,No,0,2,0,0,0,0,MELB_URBAN,MELB_URBAN,HUME,METROPOLITAN NORTH WEST REGION,2015,12,December,ROXBURGH PARK
144.8631489156929,-37.79325986972485,3436306,21/1/2016,18.35.00,Yes,Collision with vehicle,Thursday,RIGHT FAR (INTERSECTIONS ONLY),Dusk/Dawn,144.86315,-37.79326,MARIBYRNONG,METROPOLITAN NORTH WEST REGION,2,1,0,0,1,1,1,0,1,0,0,0,0,0,1,0,0,0,0,0,No,0,2,0,0,0,0,MELB_URBAN,MELB_URBAN,MARIBYRNONG,METROPOLITAN NORTH WEST REGION,2016,1,January,WEST FOOTSCRAY
144.98672587316315,-37.90890779219196,3436309,23/1/2016,07.13.00,Yes,Collision with vehicle,Saturday,REVERSING IN STREAM OF TRAFFIC,Day,144.98673,-37.90891,BAYSIDE,METROPOLITAN SOUTH EAST REGION,2,1,0,1,0,1,2,0,1,0,1,0,0,0,0,0,0,0,0,0,No,0,2,0,1,0,0,MELB_URBAN,MELB_URBAN,BAYSIDE,METROPOLITAN SOUTH EAST REGION,2016,1,January,BRIGHTON