X,Y,OBJECTID,ACCIDENT_DATE,ACCIDENT_TIME,ALCOHOLTIME,ACCIDENT_TYPE,DAY_OF_WEEK,DCA_CODE,LIGHT_CONDITION,LONGITUDE,LATITUDE,LGA_NAME,REGION_NAME,TOTAL_PERSONS,INJ_OR_FATAL,FATALITY,SERIOUSINJURY,OTHERINJURY,NONINJURED,MALES,FEMALES,BICYCLIST,PASSENGER,DRIVER,PEDESTRIAN,PILLION,MOTORIST,UNKNOWN,PED_CYCLIST_5_12,PED_CYCLIST_13_18,OLD_PEDESTRIAN,OLD_DRIVER,YOUNG_DRIVER,ALCOHOL_RELATED,UNLICENCSED,NO_OF_VEHICLES,HEAVYVEHICLE,PASSENGERVEHICLE,MOTORCYCLE,PUBLICVEHICLE,DEG_URBAN_NAME,DEG_URBAN_ALL,LGA_NAME_ALL,REGION_NAME_ALL,Year,Month,Month_name,Suburb
144.7559998412871,-37.887140964323244,3436320,16/11/2015,16.00.00,No,Collision with vehicle,Monday,VEHICLE OFF FOOTPATH STRIKES VEH ON CARRIAGEWAY,Day,144.756,-37.88714,HOBSONS BAY,METROPOLITAN NORTH WEST REGION,2,1,0,0,1,1,1,1,1,0,1,0,0,0,0,0,1,0,0,1,No,0,2,0,1,0,0,MELB_URBAN,MELB_URBAN,"WYNDHAM,HOBSONS BAY",METROPOLITAN NORTH WEST REGION,2015,11,November,SEABROOK
145.11455060526987,-37.816836800927504,3436332,28/12/2015,06.30.00,No,No collision and no object struck,Monday,OUT OF CONTROL ON CARRIAGEWAY (ON STRAIGHT),Dusk/Dawn,145.11455,-37.81684,WHITEHORSE,METROPOLITAN SOUTH EAST REGION,1,1,0,1,0,0,0,1,1,0,0,0,0,0,0,0,0,0,0,0,No,0,1,0,0,0,0,MELB_URBAN,MELB_URBAN,WHITEHORSE,METROPOLITAN SOUTH EAST REGION,2015,12,December,MONT ALBERT
144.91485409362744,-37.80151527002039,3436341,18/1/2016,17.15.00,No,Collision with vehicle,Monday,VEHICLE STRIKES ANOTHER VEH WHILE EMERGING FROM DRIVEWAY,Day,144.91485,-37.801520000000004,MELBOURNE,METROPOLITAN NORTH WEST REGION,2,1,0,0,1,1,1,1,1,0,1,0,0,0,0,0,0,0,0,0,No,0,2,0,1,0,0,MELB_URBAN,MELB_URBAN,MELBOURNE,METROPOLITAN NORTH WEST REGION,2016,1,January,WEST MELBOURNE
144.36333918866785,-38.07471966414794,3436353,31/12/2015,13.10.00,No,Collision with vehicle,Thursday,RIGHT THROUGH,Day,144.36334,-38.07472,GEELONG,SOUTH WESTERN REGION,2,1,0,1,0,1,2,0,1,0,1,0,0,0,0,0,0,0,0,0,No,0,2,0,1,0,0,LARGE_PROVINCIAL_CITIES,LARGE_PROVINCIAL_CITIES,GEELONG,SOUTH WESTERN REGION,2015,12,December,CORIO
145.502849634345,-38.06570522831028,3436367,4/1/2016,17.14.00,No,Collision with vehicle,Monday,REAR END(VEHICLES IN SAME LANE),Day,145.50285,-38.065709999999996,CARDINIA,METROPOLITAN SOUTH EAST REGION,2,1,0,1,0,1,1,1,1,0,1,0,0,0,0,0,0,0,0,0,No,0,2,0,1,0,0,SMALL_CITIES,SMALL_CITIES,CARDINIA,METROPOLITAN SOUTH EAST REGION,2016,1,January,PAKENHAM
144.9813642332973,-37.866400481801435,3436373,7/1/2016,10.00.00,No,Collision with vehicle,Thursday,LANE SIDE SWIPE (VEHICLES IN PARALLEL LANES),Day,144.98136,-37.8664,PORT PHILLIP,METROPOLITAN NORTH WEST REGION,2,1,0,1,0,1,1,1,1,0,1,0,0,0,0,0,0,0,0,0,No,0,2,0,1,0,0,MELB_URBAN,MELB_URBAN,PORT PHILLIP,METROPOLITAN NORTH WEST REGION,2016,1,January,ST KILDA
144.9496236942283,-37.80305141277284,3436375,13/1/2016,12.08.00,No,Collision with vehicle,Wednesday,VEHICLE STRIKES DOOR OF PARKED/STATIONARY VEHICLE,Day,144.94961999999998,-37.80305,MELBOURNE,METROPOLITAN NORTH WEST REGION,2,1,0,0,1,1,1,1,1,0,1,0,0,0,0,0,0,0,0,0,No,0,2,0,1,0,0,MELB_URBAN,MELB_URBAN,MELBOURNE,METROPOLITAN NORTH WEST REGION,2016,1,January,NORTH MELBOURNE
145.0350977982719,-37.99457324847403,3436387,13/1/2016,06.45.00,No,Collision with vehicle,Wednesday,VEHICLE COLLIDES WITH VEHICLE PARKED ON LEFT OF ROAD,Day,145.0351,-37.99457,BAYSIDE,METROPOLITAN SOUTH EAST REGION,2,1,0,0,1,1,2,0,1,0,1,0,0,0,0,0,0,0,0,1,No,0,2,0,1,0,0,MELB_URBAN,MELB_URBAN,BAYSIDE,METROPOLITAN SOUTH EAST REGION,2016,1,January,BEAUMARIS
144.9453717712401,-37.75612022278739,3436414,7/1/2016,08.10.00,No,Collision with vehicle,Thursday,U TURN,Day,144.94537,-37.75612,MORELAND,METROPOLITAN NORTH WEST REGION,2,1,0,0,1,1,1,1,1,0,1,0,0,0,0,0,0,0,0,1,No,0,2,0,1,0,0,MELB_URBAN,MELB_URBAN,MORELAND,METROPOLITAN NORTH WEST REGION,2016,1,January,BRUNSWICK WEST
144.9523408972178,-37.81513671088664,3436423,7/1/2016,18.20.00,Yes,Collision with vehicle,Thursday,RIGHT THROUGH,Day,144.95234,-37.81514,MELBOURNE,METROPOLITAN NORTH WEST REGION,2,1,0,0,1,1,2,0,1,0,1,0,0,0,0,0,0,0,0,1,No,0,2,0,1,0,0,MELBOURNE_CBD,"MELBOURNE_CBD,MELB_URBAN",MELBOURNE,METROPOLITAN NORTH WEST REGION,2016,1,January,DOCKLANDS
145.20787448349634,-37.99119498725844,3436425,7/1/2016,14.45.00,No,Collision with vehicle,Thursday,RIGHT NEAR (INTERSECTIONS ONLY),Day,145.20786999999999,-37.99119,DANDENONG,METROPOLITAN SOUTH EAST REGION,2,1,0,0,1,1,2,0,1,0,1,0,0,0,0,0,1,0,0,0,No,0,2,0,1,0,0,MELB_URBAN,MELB_URBAN,DANDENONG,METROPOLITAN SOUTH EAST REGION,2016,1,January,DANDENONG
144.9979280676026,-37.82568581582233,3436433,13/1/2016,08.30.00,No,Collision with vehicle,Wednesday,LEFT TURN SIDESWIPE,Day,144.99793,-37.82569,YARRA,METROPOLITAN NORTH WEST REGION,3,1,0,0,1,2,0,1,1,0,0,0,0,0,2,0,0,0,0,0,No,0,2,0,0,0,0,MELB_URBAN,MELB_URBAN,YARRA,METROPOLITAN NORTH WEST REGION,2016,1,January,RICHMOND
144.98827145800797,-37.88969850818927,3436446,19/1/2016,07.17.00,No,Collision with vehicle,Tuesday,REAR END(VEHICLES IN SAME LANE),Day,144.98827,-37.8897,PORT PHILLIP,METROPOLITAN NORTH WEST REGION,4,2,0,1,1,2,4,0,2,1,1,0,0,0,0,0,0,0,0,0,No,0,3,0,0,0,0,MELB_URBAN,MELB_URBAN,PORT PHILLIP,METROPOLITAN NORTH WEST REGION,2016,1,January,ELWOOD
144.98778505060042,-37.79664947572928,3436472,23/12/2015,10.00.00,No,Collision with vehicle,Tuesday,ENTERING PARKING,Day,144.98779,-37.79665,YARRA,METROPOLITAN NORTH WEST REGION,2,1,0,0,1,1,0,2,1,0,1,0,0,0,0,0,0,0,0,0,No,0,2,0,1,0,0,MELB_URBAN,MELB_URBAN,YARRA,METROPOLITAN NORTH WEST REGION,2015,12,December,COLLINGWOOD
145.00244216200252,-37.82618422393353,3436488,13/1/2016,07.10.00,No,Collision with vehicle,Wednesday,RIGHT THROUGH,Day,145.00243999999998,-37.82618,YARRA,METROPOLITAN NORTH WEST REGION,2,1,0,0,1,1,1,1,1,0,1,0,0,0,0,0,0,0,0,0,No,0,2,0,1,0,0,MELB_URBAN,MELB_URBAN,YARRA,METROPOLITAN NORTH WEST REGION,2016,1,January,RICHMOND
144.36794427731877,-38.156245386318886,3436491,14/1/2016,08.30.00,No,Collision with vehicle,Wednesday,CROSS TRAFFIC(INTERSECTIONS ONLY),Day,144.36794,-38.15625,GEELONG,SOUTH WESTERN REGION,2,1,0,0,1,1,1,1,1,0,1,0,0,0,0,0,0,0,0,0,No,0,2,0,1,0,0,LARGE_PROVINCIAL_CITIES,LARGE_PROVINCIAL_CITIES,GEELONG,SOUTH WESTERN REGION,2016,1,January,GEELONG
145.056087217472,-37.96329978705565,3436501,19/1/2016,18.00.00,Yes,Collision with vehicle,Tuesday,VEHICLE OFF FOOTPATH STRIKES VEH ON CARRIAGEWAY,Day,145.05608999999998,-37.9633,KINGSTON,METROPOLITAN SOUTH EAST REGION,2,1,0,0,1,1,1,0,1,0,1,0,0,0,0,0,1,0,0,0,No,0,2,0,1,0,0,MELB_URBAN,MELB_URBAN,KINGSTON,METROPOLITAN SOUTH EAST REGION,2016,1,January,CHELTENHAM
144.94422040410322,-37.79103967456045,3436504,19/1/2016,17.45.00,No,Collision with vehicle,Tuesday,VEHICLE STRIKES DOOR OF PARKED/STATIONARY VEHICLE,Day,144.94422,-37.79104,MELBOURNE,METROPOLITAN NORTH WEST REGION,3,1,0,0,1,2,3,0,1,1,1,0,0,0,0,0,0,0,0,0,No,0,2,0,1,0,0,MELB_URBAN,MELB_URBAN,MELBOURNE,METROPOLITAN NORTH WEST REGION,2016,1,January,NORTH MELBOURNE
145.37783381653801,-37.868938768191036,3436505,2/1/2016,09.10.00,No,Collision with vehicle,Saturday,CUTTING IN (OVERTAKING),Day,145.37783000000002,-37.86894,YARRA RANGES,METROPOLITAN SOUTH EAST REGION,2,1,0,1,0,1,2,0,1,0,1,0,0,0,0,0,0,0,1,0,No,0,2,0,1,0,0,RURAL_VICTORIA,RURAL_VICTORIA,YARRA RANGES,METROPOLITAN SOUTH EAST REGION,2016,1,January,OLINDA
145.0205597026725,-37.89433996893045,3436510,2/1/2016,17.15.00,Yes,Collision with vehicle,Saturday,LEFT OFF CARRIAGEWAY INTO OBJECT/PARKED VEHICLE,Day,145.02056000000002,-37.89434,GLEN EIRA,METROPOLITAN SOUTH EAST REGION,1,1,0,0,1,0,1,0,1,0,0,0,0,0,0,0,0,0,0,0,No,0,2,0,1,0,0,MELB_URBAN,MELB_URBAN,GLEN EIRA,METROPOLITAN SOUTH EAST REGION,2016,1,January,CAULFIELD SOUTH
143.99812935445513,-38.01473184303301,3436520,8/1/2016,08.22.00,No,Collision with vehicle,Friday,REAR END(VEHICLES IN SAME LANE),Day,143.99813,-38.01473,GOLDEN PLAINS,SOUTH WESTERN REGION,2,1,0,1,0,1,2,0,1,0,1,0,0,0,0,0,0,0,0,0,No,0,2,0,1,0,0,RURAL_VICTORIA,RURAL_VICTORIA,GOLDEN PLAINS,SOUTH WESTERN REGION,2016,1,January,SHELFORD
144.99431150334235,-37.89832382844393,3436524,5/1/2016,17.30.00,No,Collision with vehicle,Tuesday,LEFT TURN SIDESWIPE,Day,144.99431,-37.89832,BAYSIDE,METROPOLITAN SOUTH EAST REGION,3,1,0,0,1,2,3,0,1,1,1,0,0,0,0,0,0,0,0,1,No,0,2,0,1,0,0,MELB_URBAN,MELB_URBAN,BAYSIDE,METROPOLITAN SOUTH EAST REGION,2016,1,January,BRIGHTON
145.07985958141046,-37.74360995596778,3436529,8/1/2016,10.35.00,No,Collision with vehicle,Thursday,VEHICLE COLLIDES WITH VEHICLE PARKED ON LEFT OF ROAD,Day,145.07986,-37.74361,BANYULE,METROPOLITAN NORTH WEST REGION,1,1,0,0,1,0,1,0,1,0,0,0,0,0,0,0,0,0,0,0,No,0,2,0,1,0,0,MELB_URBAN,MELB_URBAN,BANYULE,METROPOLITAN NORTH WEST REGION,2016,1,January,ROSANNA
145.0987951183737,-38.019670589729756,3436532,14/10/2015,18.30.00,Yes,Collision with vehicle,Tuesday,LEFT NEAR (INTERSECTIONS ONLY),Dusk/Dawn,145.0988,-38.01967,KINGSTON,METROPOLITAN SOUTH EAST REGION,2,1,0,0,1,1,1,1,1,0,1,0,0,0,0,0,0,0,0,1,No,0,2,0,1,0,0,MELB_URBAN,MELB_URBAN,KINGSTON,METROPOLITAN SOUTH EAST REGION,2015,10,October,ASPENDALE
144.77755145751004,-37.871549327615426,3436549,17/1/2016,07.52.00,No,Collision with vehicle,,CROSS TRAFFIC(INTERSECTIONS ONLY),Day,144.77755,-37.87155,HOBSONS BAY,METROPOLITAN NORTH WEST REGION,2,1,0,0,1,1,1,1,1,0,1,0,0,0,0,0,0,0,0,0,No,0,2,0,1,0,0,MELB_URBAN,MELB_URBAN,HOBSONS BAY,METROPOLITAN NORTH WEST REGION,2016,1,January,ALTONA MEADOWS
145.00151973565184,-37.88437120311192,3436559,2/1/2016,14.00.00,Yes,Collision with vehicle,Saturday,LANE CHANGE LEFT (NOT OVERTAKING),Day,145.00152,-37.884370000000004,GLEN EIRA,METROPOLITAN SOUTH EAST REGION,2,1,0,0,1,1,1,1,1,0,1,0,0,0,0,0,0,0,1,0,No,0,2,0,1,0,0,MELB_URBAN,MELB_URBAN,GLEN EIRA,METROPOLITAN SOUTH EAST REGION,2016,1,January,ELSTERNWICK
144.31316907548762,-36.75844999064349,3436561,3/1/2016,09.20.00,Yes,Collision with vehicle,Sunday,LEFT TURN SIDESWIPE,Day,144.31316999999999,-36.75845,BENDIGO,NORTHERN REGION,3,2,0,1,1,1,1,2,2,0,1,0,0,0,0,0,0,0,0,0,No,0,3,0,1,0,0,LARGE_PROVINCIAL_CITIES,LARGE_PROVINCIAL_CITIES,BENDIGO,NORTHERN REGION,2016,1,January,STRATHDALE
144.9631281342802,-37.838552361099204,3436564,15/12/2015,07.45.00,No,No collision and no object struck,Tuesday,OUT OF CONTROL ON CARRIAGEWAY (ON STRAIGHT),Day,144.96313,-37.83855,PORT PHILLIP,METROPOLITAN NORTH WEST REGION,1,1,0,1,0,0,1,0,1,0,0,0,0,0,0,0,0,0,0,0,No,0,1,0,0,0,0,MELB_URBAN,MELB_URBAN,PORT PHILLIP,METROPOLITAN NORTH WEST REGION,2015,12,December,SOUTH MELBOURNE
144.97289281814008,-37.80972028879475,3436573,17/12/2015,21.30.00,Yes,Collision with vehicle,Thursday,LANE SIDE SWIPE (VEHICLES IN PARALLEL LANES),Unk.,144.97288999999998,-37.80972,MELBOURNE,METROPOLITAN NORTH WEST REGION,2,1,0,0,1,1,2,0,1,0,1,0,0,0,0,0,0,0,0,0,No,0,2,0,1,0,0,MELB_URBAN,MELB_URBAN,MELBOURNE,METROPOLITAN NORTH WEST REGION,2015,12,December,EAST MELBOURNE
142.19972266901658,-36.716489988146186,3436617,3/1/2016,08.45.00,Yes,Collision with vehicle,Sunday,LANE SIDE SWIPE (VEHICLES IN PARALLEL LANES),Day,142.19971999999999,-36.71649,HORSHAM,WESTERN REGION,2,1,0,0,1,1,2,0,1,0,1,0,0,0,0,0,0,0,1,0,No,0,2,0,0,0,0,SMALL_CITIES,SMALL_CITIES,HORSHAM,WESTERN REGION,2016,1,January,HORSHAM
144.9198903554695,-37.716331144198506,3436627,6/1/2016,11.30.00,No,Collision with vehicle,Wednesday,ENTERING PARKING,Day,144.91988999999998,-37.71633,MORELAND,METROPOLITAN NORTH WEST REGION,2,1,0,0,1,1,0,1,1,0,0,0,0,0,1,0,0,0,0,0,No,0,2,0,0,0,0,MELB_URBAN,MELB_URBAN,MORELAND,METROPOLITAN NORTH WEST REGION,2016,1,January,OAK PARK
144.72410839582884,-37.57733715178125,3436628,8/1/2016,17.42.00,Yes,Collision with vehicle,Friday,CROSS TRAFFIC(INTERSECTIONS ONLY),Day,144.72411,-37.57734,HUME,METROPOLITAN NORTH WEST REGION,2,1,0,1,0,1,1,1,1,0,1,0,0,0,0,0,0,0,0,0,No,0,2,0,1,0,0,SMALL_CITIES,SMALL_CITIES,HUME,METROPOLITAN NORTH WEST REGION,2016,1,January,SUNBURY
145.22609719017308,-37.971363041127695,3436648,19/1/2016,17.30.00,No,Collision with vehicle,Monday,REAR END(VEHICLES IN SAME LANE),Day,145.2261,-37.97136,DANDENONG,METROPOLITAN SOUTH EAST REGION,2,1,0,0,1,1,1,0,1,0,1,0,0,0,0,0,0,0,0,0,No,0,2,0,1,0,0,MELB_URBAN,MELB_URBAN,DANDENONG,METROPOLITAN SOUTH EAST REGION,2016,1,January,DANDENONG
145.03842061548897,-37.90374131116839,3436651,20/1/2016,07.30.00,No,Collision with vehicle,Wednesday,LEFT TURN SIDESWIPE,Dark No street lights,145.03842,-37.90374,GLEN EIRA,METROPOLITAN SOUTH EAST REGION,3,1,1,0,0,2,3,0,1,1,1,0,0,0,0,0,0,0,0,0,No,0,2,1,0,0,0,MELB_URBAN,MELB_URBAN,GLEN EIRA,METROPOLITAN SOUTH EAST REGION,2016,1,January,ORMOND
144.306761534891,-36.722058076547825,3436659,14/12/2015,15.45.00,No,Collision with vehicle,Sunday,LANE CHANGE RIGHT (NOT OVERTAKING),Day,144.30676,-36.72206,BENDIGO,NORTHERN REGION,2,1,0,0,1,1,0,1,1,0,0,0,0,0,1,1,0,0,0,0,No,0,2,0,0,0,0,LARGE_PROVINCIAL_CITIES,LARGE_PROVINCIAL_CITIES,BENDIGO,NORTHERN REGION,2015,12,December,WHITE HILLS
145.0363656405149,-38.24054419390565,3436670,3/1/2016,12.39.00,No,No collision and no object struck,Sunday,OUT OF CONTROL ON CARRIAGEWAY (ON STRAIGHT),Day,145.03637,-38.24054,MORNINGTON PENINSULA,METROPOLITAN SOUTH EAST REGION,1,1,0,1,0,0,1,0,1,0,0,0,0,0,0,0,0,0,0,0,No,0,1,0,0,0,0,MELB_URBAN,MELB_URBAN,MORNINGTON PENINSULA,METROPOLITAN SOUTH EAST REGION,2016,1,January,MORNINGTON
144.8827501211542,-37.702872024028075,3436675,8/1/2016,06.15.00,No,Collision with vehicle,Friday,RIGHT NEAR (INTERSECTIONS ONLY),Dusk/Dawn,144.88275,-37.702870000000004,HUME,METROPOLITAN NORTH WEST REGION,2,1,0,0,1,1,2,0,1,0,1,0,0,0,0,0,0,0,0,0,No,0,2,0,1,0,0,MELB_URBAN,MELB_URBAN,HUME,METROPOLITAN NORTH WEST REGION,2016,1,January,TULLAMARINE
145.05325623677894,-38.223202821294436,3436688,15/1/2016,09.45.00,No,Collision with vehicle,Friday,LEFT NEAR (INTERSECTIONS ONLY),Day,145.05326000000002,-38.2232,MORNINGTON PENINSULA,METROPOLITAN SOUTH EAST REGION,3,2,0,1,1,1,3,0,2,0,1,0,0,0,0,0,0,0,0,1,No,0,3,0,1,0,0,MELB_URBAN,MELB_URBAN,MORNINGTON PENINSULA,METROPOLITAN SOUTH EAST REGION,2016,1,January,MORNINGTON
145.02446427213087,-37.92287667954381,3436691,15/1/2016,11.25.00,No,Collision with vehicle,Friday,LEFT NEAR (INTERSECTIONS ONLY),Day,145.02446,-37.92288,BAYSIDE,METROPOLITAN SOUTH EAST REGION,2,1,0,0,1,1,1,1,1,0,1,0,0,0,0,0,0,0,0,0,No,0,2,0,1,0,0,MELB_URBAN,MELB_URBAN,BAYSIDE,METROPOLITAN SOUTH EAST REGION,2016,1,January,BRIGHTON EAST
144.99884031128568,-37.770210047836315,3436698,13/1/2016,11.10.00,No,No collision and no object struck,Wednesday,OUT OF CONTROL ON CARRIAGEWAY (ON STRAIGHT),Day,144.99884,-37.77021,DAREBIN,METROPOLITAN NORTH WEST REGION,1,1,0,0,1,0,0,1,1,0,0,0,0,0,0,0,0,0,0,0,No,0,1,0,0,0,0,MELB_URBAN,MELB_URBAN,DAREBIN,METROPOLITAN NORTH WEST REGION,2016,1,January,NORTHCOTE
144.92818159359712,-37.62293232053815,3436699,11/12/2015,16.00.00,Yes,Collision with vehicle,Friday,VEHICLE STRIKES ANOTHER VEH WHILE EMERGING FROM DRIVEWAY,Day,144.92818,-37.62293,HUME,METROPOLITAN NORTH WEST REGION,2,1,0,1,0,1,1,0,1,0,0,0,0,0,1,0,1,0,0,0,No,0,2,0,0,0,0,MELB_URBAN,MELB_URBAN,HUME,METROPOLITAN NORTH WEST REGION,2015,12,December,ROXBURGH PARK
145.03548343463973,-37.82190535052831,3436705,20/1/2016,13.30.00,No,Collision with vehicle,Wednesday,LANE SIDE SWIPE (VEHICLES IN PARALLEL LANES),Day,145.03548,-37.821909999999995,BOROONDARA,METROPOLITAN SOUTH EAST REGION,2,1,0,0,1,1,2,0,1,0,1,0,0,0,0,0,0,0,0,0,No,0,2,0,1,0,0,MELB_URBAN,MELB_URBAN,BOROONDARA,METROPOLITAN SOUTH EAST REGION,2016,1,January,HAWTHORN
145.08706566161834,-37.96925736385094,3436709,20/1/2016,15.11.00,No,Collision with vehicle,Wednesday,VEHICLE OFF FOOTPATH STRIKES VEH ON CARRIAGEWAY,Day,145.08706999999998,-37.96926,KINGSTON,METROPOLITAN SOUTH EAST REGION,2,1,0,0,1,1,1,1,1,0,1,0,0,0,0,0,0,0,0,0,No,0,2,0,1,0,0,MELB_URBAN,MELB_URBAN,KINGSTON,METROPOLITAN SOUTH EAST REGION,2016,1,January,MOORABBIN AIRPORT
145.04559005163298,-37.830079709163286,3436713,4/1/2016,12.15.00,No,Vehicle overturned (no collision),Monday,OTHER ACCIDENTS-OFF STRAIGHT NOT INCLUDED IN DCAs 170-175,Day,145.04559,-37.83008,BOROONDARA,METROPOLITAN SOUTH EAST REGION,1,1,0,0,1,0,1,0,1,0,0,0,0,0,0,0,0,0,0,0,No,0,1,0,0,0,0,MELB_URBAN,MELB_URBAN,BOROONDARA,METROPOLITAN SOUTH EAST REGION,2016,1,January,HAWTHORN EAST
144.9825669545097,-37.85684048819551,3436720,29/12/2015,20.10.00,Yes,No collision and no object struck,Tuesday,OUT OF CONTROL ON CARRIAGEWAY (ON STRAIGHT),Unk.,144.98256999999998,-37.856840000000005,PORT PHILLIP,METROPOLITAN NORTH WEST REGION,2,1,0,1,0,1,1,0,1,0,1,0,0,0,0,0,0,0,0,0,No,0,2,0,1,0,0,MELB_URBAN,MELB_URBAN,PORT PHILLIP,METROPOLITAN NORTH WEST REGION,2015,12,December,ST KILDA
144.9623702748252,-37.81002058476779,3436723,4/1/2016,10.56.00,No,Vehicle overturned (no collision),Monday,OUT OF CONTROL ON CARRIAGEWAY (ON STRAIGHT),Day,144.96237,-37.81002,MELBOURNE,METROPOLITAN NORTH WEST REGION,2,1,0,1,0,1,0,1,1,0,0,0,0,0,1,0,0,0,0,0,No,0,2,0,0,0,0,MELBOURNE_CBD,"MELBOURNE_CBD,MELB_URBAN",MELBOURNE,METROPOLITAN NORTH WEST REGION,2016,1,January,MELBOURNE
144.963826257007,-37.80959428006136,3436727,9/1/2016,10.00.00,No,Collision with vehicle,Saturday,LEFT TURN SIDESWIPE,Day,144.96383,-37.80959,MELBOURNE,METROPOLITAN NORTH WEST REGION,2,1,0,0,1,1,1,1,1,0,1,0,0,0,0,0,0,0,0,0,No,0,2,0,1,0,0,MELBOURNE_CBD,"MELBOURNE_CBD,MELB_URBAN",MELBOURNE,METROPOLITAN NORTH WEST REGION,2016,1,January,MELBOURNE
144.830950266251,-37.87060663061432,3436735,31/12/2015,07.35.00,No,Collision with vehicle,Thursday,ENTERING PARKING,Day,144.83095,-37.87061,HOBSONS BAY,METROPOLITAN NORTH WEST REGION,2,1,0,0,1,1,2,0,1,0,1,0,0,0,0,0,0,0,0,0,No,0,2,0,1,0,0,MELB_URBAN,MELB_URBAN,HOBSONS BAY,METROPOLITAN NORTH WEST REGION,2015,12,December,ALTONA
144.13828591054755,-37.317063333956014,3436743,15/1/2016,14.35.00,No,Collision with vehicle,Thursday,RIGHT NEAR (INTERSECTIONS ONLY),Day,144.13828999999998,-37.31706,HEPBURN,WESTERN REGION,2,1,0,1,0,1,0,2,1,0,1,0,0,0,0,0,0,0,0,1,No,0,2,0,1,0,0,TOWNS,TOWNS,HEPBURN,WESTERN REGION,2016,1,January,HEPBURN SPRINGS
144.96270816759673,-37.81326853495773,3434749,2/12/2015,09.00.00,No,Struck Pedestrian,Wednesday,PED NEAR SIDE. PED HIT BY VEHICLE FROM THE RIGHT.,Day,144.96271000000002,-37.81327,MELBOURNE,METROPOLITAN NORTH WEST REGION,2,1,0,0,1,1,0,1,1,0,0,1,0,0,0,0,0,0,0,0,No,0,1,0,0,0,0,MELBOURNE_CBD,MELBOURNE_CBD,MELBOURNE,METROPOLITAN NORTH WEST REGION,2015,12,December,MELBOURNE
145.1326697802728,-37.82540122254735,3434753,29/11/2015,09.20.00,Yes,Collision with vehicle,Sunday,VEHICLE STRIKES ANOTHER VEH WHILE EMERGING FROM DRIVEWAY,Day,145.13267,-37.8254,WHITEHORSE,METROPOLITAN SOUTH EAST REGION,2,1,0,0,1,1,2,0,1,0,1,0,0,0,0,0,0,0,0,1,No,0,2,0,1,0,0,MELB_URBAN,MELB_URBAN,WHITEHORSE,METROPOLITAN SOUTH EAST REGION,2015,11,November,BOX HILL
144.9611017626476,-37.707049813334756,3434755,8/12/2015,14.19.00,No,Collision with vehicle,Monday,VEHICLE STRIKES ANOTHER VEH WHILE EMERGING FROM DRIVEWAY,Day,144.9611,-37.70705,MORELAND,METROPOLITAN NORTH WEST REGION,2,1,0,0,1,1,2,0,1,0,1,0,0,0,0,0,0,0,0,0,No,1,2,0,1,0,0,MELB_URBAN,MELB_URBAN,MORELAND,METROPOLITAN NORTH WEST REGION,2015,12,December,FAWKNER
145.04581490337802,-37.840673105714174,3434782,30/11/2015,08.20.00,No,Collision with vehicle,Monday,RIGHT THROUGH,Day,145.04581000000002,-37.84067,BOROONDARA,METROPOLITAN SOUTH EAST REGION,2,1,0,0,1,1,2,0,1,0,1,0,0,0,0,0,0,0,0,0,No,0,2,0,1,0,0,MELB_URBAN,MELB_URBAN,BOROONDARA,METROPOLITAN SOUTH EAST REGION,2015,11,November,HAWTHORN EAST
144.31929976588899,-38.33117127882127,3434784,29/11/2015,14.10.00,No,Collision with vehicle,Sunday,VEHICLE STRIKES ANOTHER VEH WHILE EMERGING FROM DRIVEWAY,Day,144.3193,-38.33117,SURF COAST,SOUTH WESTERN REGION,2,1,0,0,1,1,2,0,1,0,1,0,0,0,0,0,1,0,0,0,No,0,2,0,1,0,0,SMALL_CITIES,SMALL_CITIES,SURF COAST,SOUTH WESTERN REGION,2015,11,November,TORQUAY
141.591088514223,-38.349743008747694,3434796,4/12/2015,15.40.00,No,Collision with vehicle,Thursday,VEHICLE OFF FOOTPATH STRIKES VEH ON CARRIAGEWAY,Day,141.59108999999998,-38.349740000000004,GLENELG,SOUTH WESTERN REGION,2,1,0,0,1,1,2,0,1,0,1,0,0,0,0,1,0,0,0,0,No,0,2,0,1,0,0,TOWNS,TOWNS,GLENELG,SOUTH WESTERN REGION,2015,12,December,PORTLAND
144.28752876162795,-36.75312946428298,3434820,25/11/2015,11.05.00,No,Collision with vehicle,Wednesday,LANE SIDE SWIPE (VEHICLES IN PARALLEL LANES),Day,144.28753,-36.75313,BENDIGO,NORTHERN REGION,2,1,0,0,1,1,2,0,1,0,1,0,0,0,0,0,0,0,0,0,No,0,2,0,1,0,0,LARGE_PROVINCIAL_CITIES,LARGE_PROVINCIAL_CITIES,BENDIGO,NORTHERN REGION,2015,11,November,BENDIGO
144.99326168364516,-37.852460209347456,3434823,25/11/2015,09.45.00,No,Collision with vehicle,Wednesday,VEHICLE STRIKES DOOR OF PARKED/STATIONARY VEHICLE,Day,144.99326000000002,-37.85246,STONNINGTON,METROPOLITAN SOUTH EAST REGION,3,1,0,0,1,2,1,2,1,1,1,0,0,0,0,0,0,0,0,1,No,0,2,0,1,0,0,MELB_URBAN,MELB_URBAN,STONNINGTON,METROPOLITAN SOUTH EAST REGION,2015,11,November,WINDSOR
144.99736848660092,-37.858639555540414,3434826,25/11/2015,13.33.00,No,Collision with vehicle,Wednesday,LEFT TURN SIDESWIPE,Day,144.99737,-37.85864,PORT PHILLIP,METROPOLITAN NORTH WEST REGION,4,1,0,0,1,3,2,2,1,2,1,0,0,0,0,0,0,0,0,0,No,0,2,0,1,0,0,MELB_URBAN,MELB_URBAN,PORT PHILLIP,METROPOLITAN NORTH WEST REGION,2015,11,November,ST KILDA EAST