X,Y,OBJECTID,ACCIDENT_DATE,ACCIDENT_TIME,ALCOHOLTIME,ACCIDENT_TYPE,DAY_OF_WEEK,DCA_CODE,LIGHT_CONDITION,LONGITUDE,LATITUDE,LGA_NAME,REGION_NAME,TOTAL_PERSONS,INJ_OR_FATAL,FATALITY,SERIOUSINJURY,OTHERINJURY,NONINJURED,MALES,FEMALES,BICYCLIST,PASSENGER,DRIVER,PEDESTRIAN,PILLION,MOTORIST,UNKNOWN,PED_CYCLIST_5_12,PED_CYCLIST_13_18,OLD_PEDESTRIAN,OLD_DRIVER,YOUNG_DRIVER,ALCOHOL_RELATED,UNLICENCSED,NO_OF_VEHICLES,HEAVYVEHICLE,PASSENGERVEHICLE,MOTORCYCLE,PUBLICVEHICLE,DEG_URBAN_NAME,DEG_URBAN_ALL,LGA_NAME_ALL,REGION_NAME_ALL,Year,Month,Month_name,Suburb
144.97395252584028,-37.81331563371368,3437553,23/12/2015,16.35.00,No,Collision with vehicle,Tuesday,RIGHT THROUGH,Day,144.97395,-37.813320000000004,MELBOURNE,METROPOLITAN NORTH WEST REGION,3,1,0,0,1,2,3,0,1,1,1,0,0,0,0,0,0,0,0,0,No,0,2,0,1,0,0,MELBOURNE_CBD,"MELBOURNE_CBD,MELB_URBAN",MELBOURNE,METROPOLITAN NORTH WEST REGION,2015,12,December,MELBOURNE
144.99682931438107,-37.86152991678547,3437556,23/12/2015,17.45.00,No,Collision with vehicle,Tuesday,LANE SIDE SWIPE (VEHICLES IN PARALLEL LANES),Day,144.99683000000002,-37.86153,PORT PHILLIP,METROPOLITAN NORTH WEST REGION,2,1,0,0,1,1,1,0,1,0,1,0,0,0,0,0,0,0,0,0,No,0,2,0,1,0,0,MELB_URBAN,MELB_URBAN,PORT PHILLIP,METROPOLITAN NORTH WEST REGION,2015,12,December,ST KILDA EAST
145.12510414929932,-38.130777606649396,3437561,29/12/2015,12.30.00,No,Collision with vehicle,Tuesday,RIGHT NEAR (INTERSECTIONS ONLY),Day,145.1251,-38.13078,FRANKSTON,METROPOLITAN SOUTH EAST REGION,3,1,0,0,1,2,2,1,1,0,2,0,0,0,0,0,0,0,1,0,No,0,3,0,2,0,0,MELB_URBAN,MELB_URBAN,FRANKSTON,METROPOLITAN SOUTH EAST REGION,2015,12,December,FRANKSTON
145.23080715603746,-36.44125411486673,3437562,4/12/2015,06.45.00,No,Collision with vehicle,Friday,CROSS TRAFFIC(INTERSECTIONS ONLY),Dusk/Dawn,145.23081000000002,-36.44125,SHEPPARTON,NORTH EASTERN REGION,2,1,0,0,1,1,2,0,1,0,1,0,0,0,0,0,0,0,0,0,No,0,2,0,1,0,0,TOWNS,TOWNS,SHEPPARTON,NORTH EASTERN REGION,2015,12,December,TATURA
144.98381981597237,-37.87592377082609,3437564,29/12/2015,14.10.00,No,Collision with vehicle,Monday,CROSS TRAFFIC(INTERSECTIONS ONLY),Day,144.98382,-37.87592,PORT PHILLIP,METROPOLITAN NORTH WEST REGION,2,1,0,0,1,1,1,1,1,0,1,0,0,0,0,0,0,0,0,0,No,0,2,0,1,0,0,MELB_URBAN,MELB_URBAN,PORT PHILLIP,METROPOLITAN NORTH WEST REGION,2015,12,December,ELWOOD
145.1376198578616,-37.505769377133376,3437576,2/10/2015,09.42.00,No,Collision with vehicle,Thursday,REAR END(VEHICLES IN SAME LANE),Day,145.13762,-37.50577,WHITTLESEA,METROPOLITAN NORTH WEST REGION,2,1,0,0,1,1,1,0,1,0,0,0,0,0,1,0,0,0,0,0,No,0,2,0,0,0,0,RURAL_VICTORIA,RURAL_VICTORIA,WHITTLESEA,METROPOLITAN NORTH WEST REGION,2015,10,October,WHITTLESEA
144.33406902594152,-38.13358197058199,3437581,25/9/2015,22.00.00,Yes,Collision with vehicle,Friday,REAR END(VEHICLES IN SAME LANE),Dark Street lights on,144.33407,-38.13358,GEELONG,SOUTH WESTERN REGION,3,1,0,1,0,2,1,0,1,0,0,0,0,0,2,0,0,0,0,0,No,0,3,0,0,0,0,LARGE_PROVINCIAL_CITIES,LARGE_PROVINCIAL_CITIES,GEELONG,SOUTH WESTERN REGION,2015,9,September,MANIFOLD HEIGHTS
145.00694324888522,-37.749426312236,3437594,16/12/2015,16.25.00,No,Collision with vehicle,Wednesday,CROSS TRAFFIC(INTERSECTIONS ONLY),Day,145.00694,-37.74943,DAREBIN,METROPOLITAN NORTH WEST REGION,2,1,0,0,1,1,0,2,1,0,1,0,0,0,0,0,0,0,0,0,No,0,2,0,1,0,0,MELB_URBAN,MELB_URBAN,DAREBIN,METROPOLITAN NORTH WEST REGION,2015,12,December,PRESTON
145.23989495309925,-37.98519059219421,3437599,23/12/2015,17.29.00,No,Collision with vehicle,Wednesday,VEHICLE OFF FOOTPATH STRIKES VEH ON CARRIAGEWAY,Day,145.23989,-37.98519,CASEY,METROPOLITAN SOUTH EAST REGION,2,1,0,0,1,1,2,0,1,0,1,0,0,0,0,0,1,0,0,0,No,0,2,0,1,0,0,MELB_URBAN,MELB_URBAN,CASEY,METROPOLITAN SOUTH EAST REGION,2015,12,December,DOVETON
144.98962346602102,-37.79950934733808,3437606,24/12/2015,00.30.00,Yes,Collision with vehicle,Wednesday,VEHICLE COLLIDES WITH VEHICLE PARKED ON LEFT OF ROAD,Dark Street lights on,144.98962,-37.79951,YARRA,METROPOLITAN NORTH WEST REGION,1,1,0,0,1,0,1,0,1,0,0,0,0,0,0,0,0,0,0,0,No,0,2,0,1,0,0,MELB_URBAN,MELB_URBAN,YARRA,METROPOLITAN NORTH WEST REGION,2015,12,December,COLLINGWOOD
144.9437369756548,-37.602680341783646,3437610,30/11/2015,16.00.00,No,No collision and no object struck,Monday,UNKNOWN-NO DETAILS ON MANOEUVRES OF ROAD-USERS IN ACCIDENT,Day,144.94374,-37.60268,HUME,METROPOLITAN NORTH WEST REGION,1,1,0,1,0,0,1,0,1,0,0,0,0,0,0,0,0,0,0,0,No,0,1,0,0,0,0,MELB_URBAN,MELB_URBAN,HUME,METROPOLITAN NORTH WEST REGION,2015,11,November,CRAIGIEBURN
144.95503438007003,-37.79965240611463,3437615,29/12/2015,05.07.00,Yes,Collision with vehicle,Monday,LEFT TURN SIDESWIPE,Dusk/Dawn,144.95503,-37.79965,MELBOURNE,METROPOLITAN NORTH WEST REGION,2,1,0,0,1,1,2,0,1,0,1,0,0,0,0,0,0,0,0,0,No,0,2,0,1,0,0,MELB_URBAN,MELB_URBAN,MELBOURNE,METROPOLITAN NORTH WEST REGION,2015,12,December,NORTH MELBOURNE
145.1671230039863,-37.97142035589147,3437622,6/12/2015,18.05.00,Yes,Collision with vehicle,Sunday,VEHICLE STRIKES ANOTHER VEH WHILE EMERGING FROM DRIVEWAY,Day,145.16711999999998,-37.97142,DANDENONG,METROPOLITAN SOUTH EAST REGION,2,1,0,0,1,1,1,1,1,0,1,0,0,0,0,0,0,0,0,0,No,0,2,0,1,0,0,MELB_URBAN,MELB_URBAN,DANDENONG,METROPOLITAN SOUTH EAST REGION,2015,12,December,NOBLE PARK
144.94445277348032,-37.760986407356526,3437624,2/11/2015,15.30.00,No,No collision and no object struck,Monday,OUT OF CONTROL ON CARRIAGEWAY (ON STRAIGHT),Day,144.94445,-37.76099,MORELAND,METROPOLITAN NORTH WEST REGION,2,1,0,1,0,1,2,0,1,0,1,0,0,0,0,0,0,0,0,0,No,0,2,0,1,0,0,MELB_URBAN,MELB_URBAN,MORELAND,METROPOLITAN NORTH WEST REGION,2015,11,November,BRUNSWICK WEST
144.74220128340082,-37.90487360181653,3437629,14/12/2015,19.10.00,Yes,Collision with vehicle,Monday,RIGHT NEAR (INTERSECTIONS ONLY),Dusk/Dawn,144.7422,-37.90487,WYNDHAM,METROPOLITAN NORTH WEST REGION,2,1,0,1,0,1,1,1,1,0,1,0,0,0,0,0,0,0,0,0,No,0,2,0,1,0,0,MELB_URBAN,MELB_URBAN,WYNDHAM,METROPOLITAN NORTH WEST REGION,2015,12,December,POINT COOK
145.24419855013105,-37.93525462231091,3437632,14/12/2015,19.00.00,Yes,Collision with vehicle,Monday,LEFT NEAR (INTERSECTIONS ONLY),Dusk/Dawn,145.2442,-37.93525,KNOX,METROPOLITAN SOUTH EAST REGION,2,1,0,0,1,1,1,1,1,0,1,0,0,0,0,0,0,0,0,0,No,0,2,0,1,0,0,MELB_URBAN,MELB_URBAN,KNOX,METROPOLITAN SOUTH EAST REGION,2015,12,December,ROWVILLE
145.08868567602678,-37.90714659566715,3437641,18/12/2015,16.10.00,Yes,Collision with vehicle,Friday,CROSS TRAFFIC(INTERSECTIONS ONLY),Day,145.08868999999999,-37.90715,MONASH,METROPOLITAN SOUTH EAST REGION,2,1,0,0,1,1,1,1,1,0,1,0,0,0,0,0,0,0,0,0,No,0,2,0,1,0,0,MELB_URBAN,MELB_URBAN,MONASH,METROPOLITAN SOUTH EAST REGION,2015,12,December,OAKLEIGH
145.07363961078676,-37.99805028094124,3437651,24/12/2015,06.54.00,No,Collision with vehicle,Wednesday,VEHICLE COLLIDES WITH VEHICLE PARKED ON LEFT OF ROAD,Dusk/Dawn,145.07363999999998,-37.99805,KINGSTON,METROPOLITAN SOUTH EAST REGION,1,1,0,1,0,0,1,0,1,0,0,0,0,0,0,0,0,0,0,0,No,0,2,0,0,0,0,MELB_URBAN,MELB_URBAN,KINGSTON,METROPOLITAN SOUTH EAST REGION,2015,12,December,PARKDALE
144.86967139014783,-37.84105099422627,3437652,24/12/2015,08.15.00,No,Collision with vehicle,Thursday,CROSS TRAFFIC(INTERSECTIONS ONLY),Day,144.86966999999999,-37.84105,HOBSONS BAY,METROPOLITAN NORTH WEST REGION,2,1,0,0,1,1,1,1,1,0,1,0,0,0,0,0,0,0,0,0,No,0,2,0,1,0,0,MELB_URBAN,MELB_URBAN,HOBSONS BAY,METROPOLITAN NORTH WEST REGION,2015,12,December,NEWPORT
144.30938014297607,-38.31385925559077,3437666,30/12/2015,09.50.00,No,No collision and no object struck,Tuesday,OUT OF CONTROL ON CARRIAGEWAY (ON STRAIGHT),Day,144.30938,-38.31386,SURF COAST,SOUTH WESTERN REGION,3,1,0,0,1,2,2,1,1,1,1,0,0,0,0,0,0,0,0,0,No,0,2,1,0,0,0,SMALL_CITIES,"SMALL_CITIES,RURAL_VICTORIA",SURF COAST,SOUTH WESTERN REGION,2015,12,December,TORQUAY
144.99762166009756,-37.827415639223275,3437679,15/12/2015,08.00.00,No,Collision with vehicle,Tuesday,LANE CHANGE LEFT (NOT OVERTAKING),Day,144.99761999999998,-37.827420000000004,YARRA,METROPOLITAN NORTH WEST REGION,2,1,0,0,1,1,1,1,1,0,1,0,0,0,0,0,0,0,0,0,No,0,2,0,1,0,0,MELB_URBAN,MELB_URBAN,YARRA,METROPOLITAN NORTH WEST REGION,2015,12,December,CREMORNE
145.01238274054214,-37.831858820248435,3437681,15/12/2015,08.18.00,No,Collision with vehicle,Tuesday,VEHICLE OFF FOOTPATH STRIKES VEH ON CARRIAGEWAY,Day,145.01238,-37.83186,STONNINGTON,METROPOLITAN SOUTH EAST REGION,2,1,0,0,1,1,1,1,1,0,1,0,0,0,0,0,0,0,0,0,No,0,2,0,1,0,0,MELB_URBAN,MELB_URBAN,STONNINGTON,METROPOLITAN SOUTH EAST REGION,2015,12,December,TOORAK
144.9604656284874,-37.83554915299183,3437687,24/11/2015,18.20.00,Yes,Collision with vehicle,Tuesday,VEHICLE STRIKES DOOR OF PARKED/STATIONARY VEHICLE,Unk.,144.96047,-37.83555,PORT PHILLIP,METROPOLITAN NORTH WEST REGION,2,1,0,0,1,1,0,1,1,0,1,0,0,0,0,0,0,0,0,0,No,0,2,0,1,0,0,MELB_URBAN,MELB_URBAN,PORT PHILLIP,METROPOLITAN NORTH WEST REGION,2015,11,November,SOUTH MELBOURNE
144.96630387177868,-37.80888168382271,3437688,27/11/2015,17.40.00,Yes,Collision with vehicle,Friday,VEHICLE STRIKES DOOR OF PARKED/STATIONARY VEHICLE,Day,144.9663,-37.80888,MELBOURNE,METROPOLITAN NORTH WEST REGION,3,1,0,0,1,2,3,0,1,0,2,0,0,0,0,0,0,0,0,1,No,0,3,0,2,0,0,MELBOURNE_CBD,"MELBOURNE_CBD,MELB_URBAN",MELBOURNE,METROPOLITAN NORTH WEST REGION,2015,11,November,MELBOURNE
143.56092941080288,-38.3359333475228,3437692,19/12/2015,00.12.00,Yes,Collision with a fixed object,Saturday,LEFT OFF CARRIAGEWAY INTO OBJECT/PARKED VEHICLE,Dark Street lights on,143.56093,-38.33593,COLAC OTWAY,SOUTH WESTERN REGION,1,1,0,1,0,0,1,0,1,0,0,0,0,0,0,0,0,0,0,0,No,0,1,0,0,0,0,SMALL_CITIES,SMALL_CITIES,COLAC OTWAY,SOUTH WESTERN REGION,2015,12,December,COLAC
145.04514346058926,-37.82193493815244,3437700,15/12/2015,18.30.00,Yes,Collision with vehicle,Tuesday,RIGHT THROUGH,Day,145.04514,-37.82193,BOROONDARA,METROPOLITAN SOUTH EAST REGION,2,1,0,0,1,1,1,1,1,0,1,0,0,0,0,0,0,0,0,0,No,0,2,0,1,0,0,MELB_URBAN,MELB_URBAN,BOROONDARA,METROPOLITAN SOUTH EAST REGION,2015,12,December,HAWTHORN
144.97048758743034,-37.797481470286435,3437713,20/2/2016,13.00.00,No,Collision with vehicle,Saturday,RIGHT THROUGH,Day,144.97048999999998,-37.79748,MELBOURNE,METROPOLITAN NORTH WEST REGION,2,1,0,0,1,1,1,1,1,0,1,0,0,0,0,1,0,0,0,0,No,0,2,0,1,0,0,MELB_URBAN,MELB_URBAN,MELBOURNE,METROPOLITAN NORTH WEST REGION,2016,2,February,CARLTON
145.11988209737405,-37.81442726305031,3437720,12/10/2015,07.30.00,Yes,Collision with vehicle,Sunday,RIGHT THROUGH,Day,145.11988,-37.81443,WHITEHORSE,METROPOLITAN SOUTH EAST REGION,2,1,0,0,1,1,1,1,1,0,1,0,0,0,0,0,0,0,0,0,No,0,2,0,1,0,0,MELB_URBAN,MELB_URBAN,WHITEHORSE,METROPOLITAN SOUTH EAST REGION,2015,10,October,BOX HILL
144.9776075657556,-37.88109018791706,3437735,29/2/2016,06.50.00,No,Collision with vehicle,Monday,OTHER SAME DIRECTION-MANOUEVRES NOT INCLUDED IN DCAs 130-137,Day,144.97761,-37.88109,PORT PHILLIP,METROPOLITAN NORTH WEST REGION,2,1,0,0,1,1,2,0,1,0,1,0,0,0,0,0,0,0,0,0,No,0,2,0,1,0,0,MELB_URBAN,MELB_URBAN,PORT PHILLIP,METROPOLITAN NORTH WEST REGION,2016,2,February,ELWOOD
144.986244239391,-37.805599924864175,3439751,23/3/2016,10.40.00,No,Collision with vehicle,Wednesday,LEFT TURN SIDESWIPE,Day,144.98623999999998,-37.8056,YARRA,METROPOLITAN NORTH WEST REGION,2,1,0,1,0,1,2,0,1,0,1,0,0,0,0,0,0,0,0,0,No,0,2,0,1,0,0,MELB_URBAN,MELB_URBAN,YARRA,METROPOLITAN NORTH WEST REGION,2016,3,March,COLLINGWOOD
144.98382098076198,-37.80157010650952,3439763,17/3/2016,19.40.00,Yes,Collision with vehicle,Thursday,VEHICLE STRIKES DOOR OF PARKED/STATIONARY VEHICLE,Dusk/Dawn,144.98382,-37.80157,YARRA,METROPOLITAN NORTH WEST REGION,2,1,0,0,1,1,1,1,1,0,0,0,0,0,1,0,0,0,0,0,No,0,2,0,1,0,0,MELB_URBAN,MELB_URBAN,YARRA,METROPOLITAN NORTH WEST REGION,2016,3,March,FITZROY
145.00730155830016,-37.71874911849605,3439767,1/4/2016,15.19.00,No,Collision with vehicle,Friday,LANE CHANGE RIGHT (NOT OVERTAKING),Day,145.0073,-37.71875,DAREBIN,METROPOLITAN NORTH WEST REGION,2,1,0,0,1,1,2,0,1,0,1,0,0,0,0,0,0,0,0,0,No,0,2,0,1,0,0,MELB_URBAN,MELB_URBAN,DAREBIN,METROPOLITAN NORTH WEST REGION,2016,4,April,RESERVOIR
145.00817465127187,-37.87291056657693,3439773,5/4/2016,17.26.00,No,Collision with vehicle,Tuesday,LANE SIDE SWIPE (VEHICLES IN PARALLEL LANES),Day,145.00817,-37.87291,GLEN EIRA,METROPOLITAN SOUTH EAST REGION,2,1,0,0,1,1,2,0,1,0,1,0,0,0,0,1,0,0,0,0,No,0,2,0,1,0,0,MELB_URBAN,MELB_URBAN,GLEN EIRA,METROPOLITAN SOUTH EAST REGION,2016,4,April,ST KILDA EAST
144.99263190783776,-37.85573023086,3439776,6/4/2016,18.45.00,Yes,Collision with vehicle,Wednesday,VEHICLE STRIKES DOOR OF PARKED/STATIONARY VEHICLE,Dark Street lights on,144.99263,-37.85573,STONNINGTON,METROPOLITAN SOUTH EAST REGION,2,1,0,0,1,1,2,0,1,0,1,0,0,0,0,0,0,0,0,0,No,0,2,0,1,0,0,MELB_URBAN,MELB_URBAN,STONNINGTON,METROPOLITAN SOUTH EAST REGION,2016,4,April,WINDSOR
145.04673427229352,-37.7717944111979,3439779,17/3/2016,18.55.00,Yes,Collision with vehicle,Thursday,RIGHT THROUGH,Day,145.04673,-37.77179,BANYULE,METROPOLITAN NORTH WEST REGION,2,1,0,1,0,1,2,0,1,0,1,0,0,0,0,0,0,0,0,0,No,0,2,0,1,0,0,MELB_URBAN,MELB_URBAN,BANYULE,METROPOLITAN NORTH WEST REGION,2016,3,March,IVANHOE
144.2321505301357,-37.07031524350208,3439789,22/3/2016,08.20.00,No,Collision with vehicle,Tuesday,VEHICLE STRIKES ANOTHER VEH WHILE EMERGING FROM DRIVEWAY,Day,144.23215,-37.07032,MOUNT ALEXANDER,NORTHERN REGION,2,1,0,0,1,1,0,2,1,0,1,0,0,0,0,1,0,0,0,0,No,0,2,0,1,0,0,TOWNS,TOWNS,MOUNT ALEXANDER,NORTHERN REGION,2016,3,March,CASTLEMAINE
144.97616508596772,-37.83331874435524,3439793,21/3/2016,18.25.00,Yes,Collision with vehicle,Sunday,RIGHT THROUGH,Dusk/Dawn,144.97617,-37.83332,MELBOURNE,METROPOLITAN NORTH WEST REGION,2,1,0,0,1,1,2,0,1,0,1,0,0,0,0,0,1,0,0,0,No,0,2,0,1,0,0,MELB_URBAN,MELB_URBAN,MELBOURNE,METROPOLITAN NORTH WEST REGION,2016,3,March,MELBOURNE
145.10127299075475,-37.730577826727774,3439794,22/3/2016,08.30.00,No,Collision with vehicle,Tuesday,RIGHT NEAR (INTERSECTIONS ONLY),Day,145.10127,-37.730579999999996,BANYULE,METROPOLITAN NORTH WEST REGION,2,1,0,0,1,1,1,1,1,0,1,0,0,0,0,0,0,0,0,1,No,0,2,0,1,0,0,MELB_URBAN,MELB_URBAN,BANYULE,METROPOLITAN NORTH WEST REGION,2016,3,March,VIEWBANK
144.96135241994426,-37.77156056473375,3439800,11/3/2016,16.00.00,No,No collision and no object struck,Thursday,OUT OF CONTROL ON CARRIAGEWAY (ON STRAIGHT),Unk.,144.96135,-37.77156,MORELAND,METROPOLITAN NORTH WEST REGION,1,1,0,0,1,0,0,1,1,0,0,0,0,0,0,0,0,0,0,0,No,0,1,0,0,0,0,MELB_URBAN,MELB_URBAN,MORELAND,METROPOLITAN NORTH WEST REGION,2016,3,March,BRUNSWICK
144.9972183570924,-37.8296498193087,3439806,27/3/2016,10.30.00,No,Struck Pedestrian,Sunday,PED STRUCK WALKING TO/FROM OR BOARDING/ALIGHTING VEHICLE.,Day,144.99722,-37.82965,YARRA,METROPOLITAN NORTH WEST REGION,2,1,0,0,1,1,0,1,1,0,0,1,0,0,0,0,0,0,0,0,No,0,1,0,0,0,0,MELB_URBAN,MELB_URBAN,YARRA,METROPOLITAN NORTH WEST REGION,2016,3,March,RICHMOND
144.24142976413583,-36.80252551934535,3439813,1/4/2016,16.05.00,Yes,Collision with vehicle,Friday,RIGHT FAR (INTERSECTIONS ONLY),Day,144.24143,-36.80253,BENDIGO,NORTHERN REGION,2,1,0,0,1,1,2,0,1,0,1,0,0,0,0,0,0,0,0,0,No,0,2,0,1,0,0,LARGE_PROVINCIAL_CITIES,LARGE_PROVINCIAL_CITIES,BENDIGO,NORTHERN REGION,2016,4,April,KANGAROO FLAT
144.96368806861744,-37.74104486299026,3439816,1/4/2016,19.55.00,Yes,Collision with vehicle,Friday,VEHICLE OFF FOOTPATH STRIKES VEH ON CARRIAGEWAY,Dark Street lights on,144.96368999999999,-37.741040000000005,MORELAND,METROPOLITAN NORTH WEST REGION,2,1,0,1,0,1,1,1,1,0,1,0,0,0,0,0,0,0,0,1,No,0,2,0,1,0,0,MELB_URBAN,MELB_URBAN,MORELAND,METROPOLITAN NORTH WEST REGION,2016,4,April,COBURG
144.988169894317,-37.816660557169904,3439820,1/4/2016,07.40.00,No,Collision with vehicle,Thursday,VEHICLE STRIKES DOOR OF PARKED/STATIONARY VEHICLE,Day,144.98817,-37.81666,MELBOURNE,METROPOLITAN NORTH WEST REGION,2,1,0,0,1,1,2,0,1,0,1,0,0,0,0,0,0,0,0,0,No,0,2,0,1,0,0,MELB_URBAN,MELB_URBAN,MELBOURNE,METROPOLITAN NORTH WEST REGION,2016,4,April,EAST MELBOURNE
144.96755000223584,-37.80080997043826,3439828,6/4/2016,17.30.00,No,Collision with vehicle,Tuesday,VEHICLE STRIKES DOOR OF PARKED/STATIONARY VEHICLE,Dusk/Dawn,144.96755,-37.80081,MELBOURNE,METROPOLITAN NORTH WEST REGION,2,1,0,0,1,1,2,0,1,0,1,0,0,0,0,0,0,0,0,0,No,0,2,0,1,0,0,MELB_URBAN,MELB_URBAN,MELBOURNE,METROPOLITAN NORTH WEST REGION,2016,4,April,CARLTON
144.93549514543267,-37.7833329595998,3439838,22/3/2016,08.10.00,No,Collision with vehicle,Tuesday,LEFT TURN SIDESWIPE,Day,144.9355,-37.78333,MOONEE VALLEY,METROPOLITAN NORTH WEST REGION,2,1,0,0,1,1,2,0,1,0,1,0,0,0,0,0,0,0,0,0,No,0,2,0,1,0,0,MELB_URBAN,MELB_URBAN,MOONEE VALLEY,METROPOLITAN NORTH WEST REGION,2016,3,March,TRAVANCORE
144.97268801304196,-37.78465727992077,3439843,22/3/2016,08.30.00,No,Collision with vehicle,Tuesday,CROSS TRAFFIC(INTERSECTIONS ONLY),Day,144.97269,-37.784659999999995,YARRA,METROPOLITAN NORTH WEST REGION,2,1,0,0,1,1,2,0,1,0,1,0,0,0,0,0,0,0,0,0,No,0,2,0,1,0,0,MELB_URBAN,MELB_URBAN,YARRA,METROPOLITAN NORTH WEST REGION,2016,3,March,CARLTON NORTH
145.00637971617599,-37.78396841097879,3439845,22/3/2016,09.40.00,No,Collision with vehicle,Tuesday,VEHICLE STRIKES ANOTHER VEH WHILE EMERGING FROM DRIVEWAY,Day,145.00638,-37.783970000000004,DAREBIN,METROPOLITAN NORTH WEST REGION,2,1,0,0,1,1,0,2,1,0,1,0,0,0,0,0,0,0,0,0,No,0,2,0,1,0,0,MELB_URBAN,MELB_URBAN,"YARRA,DAREBIN",METROPOLITAN NORTH WEST REGION,2016,3,March,FAIRFIELD
144.98587304286977,-37.8646312298021,3439866,1/4/2016,14.00.00,No,Collision with vehicle,Friday,LEFT THROUGH,Day,144.98587,-37.86463,PORT PHILLIP,METROPOLITAN NORTH WEST REGION,2,1,0,0,1,1,2,0,1,0,1,0,0,0,0,0,0,0,0,0,No,0,2,0,1,0,0,MELB_URBAN,MELB_URBAN,PORT PHILLIP,METROPOLITAN NORTH WEST REGION,2016,4,April,ST KILDA
144.9703371533836,-37.82326121608005,3439867,21/3/2016,14.35.00,No,Collision with vehicle,Monday,CROSS TRAFFIC(INTERSECTIONS ONLY),Day,144.97034,-37.82326,MELBOURNE,METROPOLITAN NORTH WEST REGION,2,1,0,0,1,1,2,0,1,0,1,0,0,0,0,0,0,0,0,0,No,0,2,0,0,0,0,MELB_URBAN,MELB_URBAN,MELBOURNE,METROPOLITAN NORTH WEST REGION,2016,3,March,MELBOURNE
145.06783895930198,-37.94503079128817,3439879,7/4/2016,10.30.00,No,Collision with vehicle,Thursday,CROSS TRAFFIC(INTERSECTIONS ONLY),Day,145.06784,-37.945029999999996,KINGSTON,METROPOLITAN SOUTH EAST REGION,2,1,0,0,1,1,0,2,1,0,1,0,0,0,0,0,0,0,0,0,No,0,2,0,1,0,0,MELB_URBAN,MELB_URBAN,KINGSTON,METROPOLITAN SOUTH EAST REGION,2016,4,April,MOORABBIN
144.9892976438329,-37.79806064777426,3439882,7/4/2016,08.30.00,No,Collision with vehicle,Thursday,RIGHT FAR (INTERSECTIONS ONLY),Day,144.9893,-37.79806,YARRA,METROPOLITAN NORTH WEST REGION,2,1,0,0,1,1,2,0,1,0,1,0,0,0,0,0,0,0,0,1,No,0,2,0,1,0,0,MELB_URBAN,MELB_URBAN,YARRA,METROPOLITAN NORTH WEST REGION,2016,4,April,COLLINGWOOD
144.73675039318658,-37.58105328408927,3439893,22/3/2016,11.22.00,No,Collision with vehicle,Tuesday,LEFT NEAR (INTERSECTIONS ONLY),Day,144.73675,-37.58105,HUME,METROPOLITAN NORTH WEST REGION,2,2,0,0,2,0,1,1,1,0,1,0,0,0,0,0,0,0,1,0,No,0,2,0,1,0,0,SMALL_CITIES,SMALL_CITIES,HUME,METROPOLITAN NORTH WEST REGION,2016,3,March,SUNBURY
144.3948047289783,-38.18177790662333,3439894,19/3/2016,08.15.00,No,No collision and no object struck,Saturday,OUT OF CONTROL ON CARRIAGEWAY (ON STRAIGHT),Day,144.3948,-38.181779999999996,GEELONG,SOUTH WESTERN REGION,2,1,0,0,1,1,0,1,1,0,1,0,0,0,0,0,0,0,0,0,No,0,2,0,1,0,0,LARGE_PROVINCIAL_CITIES,LARGE_PROVINCIAL_CITIES,GEELONG,SOUTH WESTERN REGION,2016,3,March,WHITTINGTON
144.98478934842618,-37.80894953056121,3439903,24/3/2016,19.30.00,Yes,Collision with vehicle,Thursday,LEFT TURN SIDESWIPE,Dusk/Dawn,144.98479,-37.80895,YARRA,METROPOLITAN NORTH WEST REGION,2,1,0,0,1,1,2,0,1,0,1,0,0,0,0,0,0,0,0,0,No,0,2,0,1,0,0,MELB_URBAN,MELB_URBAN,YARRA,METROPOLITAN NORTH WEST REGION,2016,3,March,COLLINGWOOD
144.9943740644677,-37.84567695804464,3439904,17/3/2016,09.45.00,No,Vehicle overturned (no collision),Thursday,OUT OF CONTROL ON CARRIAGEWAY (ON STRAIGHT),Day,144.99437,-37.84568,STONNINGTON,METROPOLITAN SOUTH EAST REGION,1,1,0,0,1,0,1,0,1,0,0,0,0,0,0,0,0,0,0,0,No,0,1,0,0,0,0,MELB_URBAN,MELB_URBAN,STONNINGTON,METROPOLITAN SOUTH EAST REGION,2016,3,March,SOUTH YARRA
144.99457516208818,-37.74019951304125,3439905,27/3/2016,21.50.00,Yes,Collision with vehicle,Sunday,OTHER MANOEUVRING NOT INCLUDED IN DCAs 140-148,Dark Street lights on,144.99458,-37.7402,DAREBIN,METROPOLITAN NORTH WEST REGION,2,1,0,0,1,1,2,0,1,0,1,0,0,0,0,0,0,0,0,0,No,0,2,0,1,0,0,MELB_URBAN,MELB_URBAN,DAREBIN,METROPOLITAN NORTH WEST REGION,2016,3,March,PRESTON
145.05031675818213,-37.7527635968117,3439945,22/3/2016,18.55.00,Yes,Collision with vehicle,Tuesday,CROSS TRAFFIC(INTERSECTIONS ONLY),Day,145.05032,-37.752759999999995,BANYULE,METROPOLITAN NORTH WEST REGION,2,1,0,1,0,1,1,1,1,0,1,0,0,0,0,0,0,0,0,0,No,0,2,0,1,0,0,MELB_URBAN,MELB_URBAN,BANYULE,METROPOLITAN NORTH WEST REGION,2016,3,March,HEIDELBERG HEIGHTS