X,Y,OBJECTID,ACCIDENT_DATE,ACCIDENT_TIME,ALCOHOLTIME,ACCIDENT_TYPE,DAY_OF_WEEK,DCA_CODE,LIGHT_CONDITION,LONGITUDE,LATITUDE,LGA_NAME,REGION_NAME,TOTAL_PERSONS,INJ_OR_FATAL,FATALITY,SERIOUSINJURY,OTHERINJURY,NONINJURED,MALES,FEMALES,BICYCLIST,PASSENGER,DRIVER,PEDESTRIAN,PILLION,MOTORIST,UNKNOWN,PED_CYCLIST_5_12,PED_CYCLIST_13_18,OLD_PEDESTRIAN,OLD_DRIVER,YOUNG_DRIVER,ALCOHOL_RELATED,UNLICENCSED,NO_OF_VEHICLES,HEAVYVEHICLE,PASSENGERVEHICLE,MOTORCYCLE,PUBLICVEHICLE,DEG_URBAN_NAME,DEG_URBAN_ALL,LGA_NAME_ALL,REGION_NAME_ALL,Year,Month,Month_name,Suburb
145.07205078486655,-37.70132498920361,3439948,22/3/2016,19.09.00,Yes,Collision with vehicle,Tuesday,OTHER ACCIDENTS NOT CLASSIFIABLE ELSEWHERE,Dusk/Dawn,145.07205,-37.70132,BANYULE,METROPOLITAN NORTH WEST REGION,3,1,0,1,0,2,2,1,1,1,1,0,0,0,0,0,0,0,0,0,No,0,2,0,1,0,0,MELB_URBAN,MELB_URBAN,BANYULE,METROPOLITAN NORTH WEST REGION,2016,3,March,BUNDOORA
145.0021694941021,-37.80074262776453,3439950,22/3/2016,08.30.00,No,Collision with vehicle,Monday,RIGHT THROUGH,Day,145.00217,-37.800740000000005,YARRA,METROPOLITAN NORTH WEST REGION,2,1,0,0,1,1,1,1,1,0,1,0,0,0,0,0,0,0,0,1,No,0,2,0,1,0,0,MELB_URBAN,MELB_URBAN,YARRA,METROPOLITAN NORTH WEST REGION,2016,3,March,ABBOTSFORD
145.58873586451972,-38.60721043529911,3439957,28/3/2016,11.10.00,No,Collision with vehicle,Sunday,LEAVING PARKING,Day,145.58874,-38.607209999999995,BASS COAST,EASTERN REGION,2,1,0,1,0,1,1,1,1,0,1,0,0,0,0,0,0,0,0,0,No,0,2,0,1,0,0,TOWNS,TOWNS,BASS COAST,"EASTERN REGION,EASTERN REGION",2016,3,March,WONTHAGGI
144.99256006805675,-37.762799629452346,3439963,7/3/2016,06.40.00,No,Collision with vehicle,Monday,CROSS TRAFFIC(INTERSECTIONS ONLY),Dusk/Dawn,144.99256,-37.7628,DAREBIN,METROPOLITAN NORTH WEST REGION,2,1,0,0,1,1,1,1,1,0,1,0,0,0,0,0,0,0,0,0,No,0,2,0,1,0,0,MELB_URBAN,MELB_URBAN,DAREBIN,METROPOLITAN NORTH WEST REGION,2016,3,March,NORTHCOTE
144.97048758743034,-37.797481470286435,3439975,2/4/2016,19.00.00,Yes,Collision with vehicle,Saturday,RIGHT THROUGH,Dusk/Dawn,144.97048999999998,-37.79748,MELBOURNE,METROPOLITAN NORTH WEST REGION,2,1,0,0,1,1,0,1,1,0,1,0,0,0,0,0,0,0,0,0,No,0,2,0,1,0,0,MELB_URBAN,MELB_URBAN,MELBOURNE,METROPOLITAN NORTH WEST REGION,2016,4,April,CARLTON
144.97048758743034,-37.797481470286435,3439981,7/4/2016,18.50.00,Yes,Collision with vehicle,Thursday,RIGHT THROUGH,Dark Street lights on,144.97048999999998,-37.79748,MELBOURNE,METROPOLITAN NORTH WEST REGION,2,1,0,0,1,1,2,0,1,0,1,0,0,0,0,0,0,0,0,0,No,0,2,0,1,0,0,MELB_URBAN,MELB_URBAN,MELBOURNE,METROPOLITAN NORTH WEST REGION,2016,4,April,CARLTON
144.98598769886624,-37.80711373143404,3439991,14/3/2016,14.20.00,No,Collision with vehicle,Monday,OTHER ADJACENT (INTERSECTIONS ONLY),Day,144.98599,-37.807109999999994,YARRA,METROPOLITAN NORTH WEST REGION,2,1,0,0,1,1,0,1,1,0,1,0,0,0,0,0,0,0,0,0,No,0,2,0,1,0,0,MELB_URBAN,MELB_URBAN,YARRA,METROPOLITAN NORTH WEST REGION,2016,3,March,COLLINGWOOD
147.08489609900033,-38.09363952154538,3439992,23/3/2016,05.25.00,Yes,Collision with vehicle,Wednesday,REAR END(VEHICLES IN SAME LANE),Dark Street lights on,147.0849,-38.09364,WELLINGTON,EASTERN REGION,4,2,0,2,0,2,4,0,3,0,1,0,0,0,0,0,0,0,0,0,No,0,4,0,1,0,0,SMALL_CITIES,"SMALL_CITIES,RURAL_VICTORIA",WELLINGTON,"EASTERN REGION,EASTERN REGION",2016,3,March,SALE
144.9497695768221,-37.76277231974453,3439996,21/3/2016,08.20.00,No,Collision with vehicle,Monday,CROSS TRAFFIC(INTERSECTIONS ONLY),Day,144.94977,-37.76277,MORELAND,METROPOLITAN NORTH WEST REGION,2,1,0,0,1,1,0,2,1,0,1,0,0,0,0,0,0,0,0,0,No,0,2,0,1,0,0,MELB_URBAN,MELB_URBAN,MORELAND,METROPOLITAN NORTH WEST REGION,2016,3,March,BRUNSWICK WEST
144.85769728473196,-37.77818245092351,3440001,3/3/2016,12.45.00,No,Collision with vehicle,Wednesday,RIGHT NEAR (INTERSECTIONS ONLY),Day,144.8577,-37.77818,MARIBYRNONG,METROPOLITAN NORTH WEST REGION,2,1,0,0,1,1,2,0,1,0,1,0,0,0,0,0,0,0,0,0,No,0,2,0,1,0,0,MELB_URBAN,MELB_URBAN,MARIBYRNONG,METROPOLITAN NORTH WEST REGION,2016,3,March,BRAYBROOK
144.99353611676534,-37.85068963496361,3440003,27/3/2016,12.47.00,No,Collision with vehicle,Sunday,VEHICLE COLLIDES WITH VEHICLE PARKED ON LEFT OF ROAD,Day,144.99354,-37.85069,STONNINGTON,METROPOLITAN SOUTH EAST REGION,4,2,0,0,2,2,2,1,1,0,0,0,0,0,3,0,0,0,0,0,No,0,2,0,1,0,0,MELB_URBAN,MELB_URBAN,STONNINGTON,METROPOLITAN SOUTH EAST REGION,2016,3,March,PRAHRAN
144.9963503722202,-37.835910041742096,3440009,22/3/2016,18.25.00,Yes,Collision with vehicle,Tuesday,VEHICLE COLLIDES WITH VEHICLE PARKED ON LEFT OF ROAD,Day,144.99635,-37.83591,STONNINGTON,METROPOLITAN SOUTH EAST REGION,2,1,0,1,0,1,2,0,1,0,1,0,0,0,0,0,0,0,0,0,No,0,2,0,1,0,0,MELB_URBAN,MELB_URBAN,STONNINGTON,METROPOLITAN SOUTH EAST REGION,2016,3,March,SOUTH YARRA
145.0362822260989,-37.79530118568957,3440022,13/3/2016,09.20.00,Yes,Collision with vehicle,Sunday,CROSS TRAFFIC(INTERSECTIONS ONLY),Day,145.03628,-37.7953,BOROONDARA,METROPOLITAN SOUTH EAST REGION,2,1,0,0,1,1,1,1,1,0,1,0,0,0,0,0,0,0,0,0,No,0,2,0,1,0,0,MELB_URBAN,MELB_URBAN,BOROONDARA,METROPOLITAN SOUTH EAST REGION,2016,3,March,KEW
145.37519932846357,-37.796639392036425,3440032,7/4/2016,06.30.00,No,No collision and no object struck,Thursday,OUT OF CONTROL ON CARRIAGEWAY (ON BEND),Dusk/Dawn,145.3752,-37.796640000000004,YARRA RANGES,METROPOLITAN SOUTH EAST REGION,1,1,0,0,1,0,0,1,1,0,0,0,0,0,0,0,0,0,0,0,No,0,1,0,0,0,0,MELB_URBAN,MELB_URBAN,YARRA RANGES,METROPOLITAN SOUTH EAST REGION,2016,4,April,MOUNT EVELYN
144.6854529204188,-37.86291676115327,3440042,23/3/2016,07.30.00,No,Collision with vehicle,Wednesday,CROSS TRAFFIC(INTERSECTIONS ONLY),Dark Street lights on,144.68545,-37.86292,WYNDHAM,METROPOLITAN NORTH WEST REGION,2,1,0,1,0,1,1,1,1,0,1,0,0,0,0,0,0,0,0,0,No,0,2,0,1,0,0,MELB_URBAN,MELB_URBAN,WYNDHAM,METROPOLITAN NORTH WEST REGION,2016,3,March,HOPPERS CROSSING
145.0295655995834,-38.23944028696632,3440043,23/3/2016,11.10.00,No,Collision with vehicle,Tuesday,VEHICLE COLLIDES WITH VEHICLE PARKED ON LEFT OF ROAD,Day,145.02957,-38.23944,MORNINGTON PENINSULA,METROPOLITAN SOUTH EAST REGION,2,1,0,0,1,1,0,2,1,0,0,0,0,0,1,0,0,0,0,0,No,0,2,0,1,0,0,MELB_URBAN,MELB_URBAN,MORNINGTON PENINSULA,METROPOLITAN SOUTH EAST REGION,2016,3,March,MORNINGTON
145.0359801537354,-37.93311922662813,3440045,23/3/2016,06.08.00,No,Collision with vehicle,Wednesday,LANE CHANGE RIGHT (NOT OVERTAKING),Dark Street lights on,145.03598,-37.93312,GLEN EIRA,METROPOLITAN SOUTH EAST REGION,2,1,0,1,0,1,2,0,1,0,1,0,0,0,0,0,0,0,0,0,No,0,2,0,1,0,0,MELB_URBAN,MELB_URBAN,GLEN EIRA,METROPOLITAN SOUTH EAST REGION,2016,3,March,BENTLEIGH
144.8310512178363,-37.7883744043903,3440048,23/3/2016,06.30.00,No,Collision with vehicle,Wednesday,RIGHT FAR (INTERSECTIONS ONLY),Dusk/Dawn,144.83105,-37.78837,BRIMBANK,METROPOLITAN NORTH WEST REGION,2,1,0,0,1,1,1,0,1,0,1,0,0,0,0,0,0,0,0,0,No,0,2,0,1,0,0,MELB_URBAN,MELB_URBAN,BRIMBANK,METROPOLITAN NORTH WEST REGION,2016,3,March,SUNSHINE
145.00939664243325,-37.760500485195024,3440051,23/3/2016,13.32.00,No,Collision with vehicle,Tuesday,CROSS TRAFFIC(INTERSECTIONS ONLY),Day,145.0094,-37.7605,DAREBIN,METROPOLITAN NORTH WEST REGION,2,1,0,0,1,1,1,0,1,0,1,0,0,0,0,0,0,0,0,1,No,1,2,0,1,0,0,MELB_URBAN,MELB_URBAN,DAREBIN,METROPOLITAN NORTH WEST REGION,2016,3,March,THORNBURY
145.030032371735,-37.99154879283067,3440068,3/4/2016,09.15.00,Yes,Vehicle overturned (no collision),Sunday,OUT OF CONTROL ON CARRIAGEWAY (ON STRAIGHT),Day,145.03003,-37.99155,BAYSIDE,METROPOLITAN SOUTH EAST REGION,2,2,0,0,2,0,2,0,2,0,0,0,0,0,0,0,0,0,0,0,No,0,2,0,0,0,0,MELB_URBAN,MELB_URBAN,BAYSIDE,METROPOLITAN SOUTH EAST REGION,2016,4,April,BEAUMARIS
145.17732432660915,-37.98050753284353,3440072,27/3/2016,18.00.00,No,Collision with vehicle,,OTHER SAME DIRECTION-MANOUEVRES NOT INCLUDED IN DCAs 130-137,Day,145.17732,-37.980509999999995,DANDENONG,METROPOLITAN SOUTH EAST REGION,2,1,0,1,0,1,1,0,1,0,0,0,0,0,1,0,0,0,0,0,No,0,2,0,0,0,0,MELB_URBAN,MELB_URBAN,DANDENONG,METROPOLITAN SOUTH EAST REGION,2016,3,March,NOBLE PARK
144.94355520393472,-37.83727032240688,3440073,3/4/2016,10.50.00,No,Collision with vehicle,,LEFT TURN SIDESWIPE,Day,144.94356000000002,-37.837270000000004,PORT PHILLIP,METROPOLITAN NORTH WEST REGION,2,1,0,0,1,1,1,0,1,0,1,0,0,0,0,0,0,0,0,0,No,0,2,0,1,0,0,MELB_URBAN,MELB_URBAN,PORT PHILLIP,METROPOLITAN NORTH WEST REGION,2016,4,April,PORT MELBOURNE
144.97716270026376,-37.767973058731435,3440076,3/4/2016,11.30.00,No,Collision with vehicle,Sunday,HEAD ON(OVERTAKING),Day,144.97716,-37.76797,MORELAND,METROPOLITAN NORTH WEST REGION,3,1,0,1,0,2,2,1,1,0,2,0,0,0,0,0,0,0,0,0,No,0,3,0,2,0,0,MELB_URBAN,MELB_URBAN,MORELAND,METROPOLITAN NORTH WEST REGION,2016,4,April,BRUNSWICK EAST
144.92952022412217,-37.753870803430964,3440078,8/2/2016,16.45.00,No,Collision with vehicle,Monday,REAR END(VEHICLES IN SAME LANE),Day,144.92952,-37.75387,MOONEE VALLEY,METROPOLITAN NORTH WEST REGION,2,1,0,0,1,1,0,1,1,0,1,0,0,0,0,0,0,0,0,0,No,0,2,0,1,0,0,MELB_URBAN,MELB_URBAN,MOONEE VALLEY,METROPOLITAN NORTH WEST REGION,2016,2,February,ESSENDON
144.96884642980308,-37.807294391820996,3440082,8/4/2016,09.30.00,No,Collision with vehicle,Thursday,LANE SIDE SWIPE (VEHICLES IN PARALLEL LANES),Day,144.96885,-37.80729,MELBOURNE,METROPOLITAN NORTH WEST REGION,2,1,0,1,0,1,1,1,1,0,1,0,0,0,0,0,0,0,0,0,No,0,2,1,0,0,0,MELB_URBAN,MELB_URBAN,MELBOURNE,METROPOLITAN NORTH WEST REGION,2016,4,April,CARLTON
144.89710021050587,-37.80568224497972,3440091,7/4/2016,08.45.00,No,Collision with vehicle,Thursday,RIGHT THROUGH,Day,144.8971,-37.805679999999995,MARIBYRNONG,METROPOLITAN NORTH WEST REGION,2,1,0,1,0,1,1,1,1,0,1,0,0,0,0,0,0,0,0,0,No,0,2,0,1,0,0,MELB_URBAN,MELB_URBAN,MARIBYRNONG,METROPOLITAN NORTH WEST REGION,2016,4,April,FOOTSCRAY
144.9854709321727,-37.86349980577827,3440097,16/3/2016,16.50.00,No,Collision with vehicle,Wednesday,LEFT TURN SIDESWIPE,Day,144.98547,-37.8635,PORT PHILLIP,METROPOLITAN NORTH WEST REGION,3,1,0,0,1,2,2,1,1,1,1,0,0,0,0,0,0,0,0,0,No,0,2,0,1,0,0,MELB_URBAN,MELB_URBAN,PORT PHILLIP,METROPOLITAN NORTH WEST REGION,2016,3,March,ST KILDA
144.98598769886624,-37.80711373143404,3440109,9/3/2016,17.30.00,No,Collision with vehicle,Wednesday,LEFT TURN SIDESWIPE,Day,144.98599,-37.807109999999994,YARRA,METROPOLITAN NORTH WEST REGION,2,1,0,0,1,1,2,0,1,0,1,0,0,0,0,0,0,0,0,0,No,0,2,0,1,0,0,MELB_URBAN,MELB_URBAN,YARRA,METROPOLITAN NORTH WEST REGION,2016,3,March,COLLINGWOOD
145.1692272680844,-37.86201560834085,3440130,3/4/2016,16.40.00,Yes,Collision with vehicle,Sunday,RIGHT THROUGH,Day,145.16923,-37.86202,WHITEHORSE,METROPOLITAN SOUTH EAST REGION,2,1,0,0,1,1,1,1,1,0,1,0,0,0,0,0,1,0,0,0,No,0,2,0,1,0,0,MELB_URBAN,MELB_URBAN,"WHITEHORSE,MONASH",METROPOLITAN SOUTH EAST REGION,2016,4,April,GLEN WAVERLEY
144.97397739529552,-37.79143674206309,3440133,8/4/2016,10.58.00,No,Collision with vehicle,Friday,VEHICLE OFF FOOTPATH STRIKES VEH ON CARRIAGEWAY,Day,144.97398,-37.79144,YARRA,METROPOLITAN NORTH WEST REGION,2,1,0,0,1,1,0,2,1,0,1,0,0,0,0,0,0,0,0,1,No,0,2,0,1,0,0,MELB_URBAN,MELB_URBAN,YARRA,METROPOLITAN NORTH WEST REGION,2016,4,April,CARLTON NORTH
145.16154940795388,-37.67452345942099,3440138,8/4/2016,15.00.00,No,Collision with vehicle,Friday,VEHICLE STRIKES ANOTHER VEH WHILE EMERGING FROM DRIVEWAY,Day,145.16155,-37.67452,NILLUMBIK,METROPOLITAN NORTH WEST REGION,4,1,0,0,1,3,2,2,3,0,1,0,0,0,0,2,0,0,0,0,No,0,4,0,1,0,0,MELB_URBAN,MELB_URBAN,NILLUMBIK,METROPOLITAN NORTH WEST REGION,2016,4,April,DIAMOND CREEK
144.96408731299044,-37.71882800004026,3440156,9/3/2016,17.45.00,No,Collision with vehicle,Tuesday,CROSS TRAFFIC(INTERSECTIONS ONLY),Day,144.96409,-37.71883,MORELAND,METROPOLITAN NORTH WEST REGION,2,1,0,0,1,1,0,2,1,0,1,0,0,0,0,0,0,0,0,0,No,0,2,0,1,0,0,MELB_URBAN,MELB_URBAN,MORELAND,METROPOLITAN NORTH WEST REGION,2016,3,March,FAWKNER
144.80000452721126,-37.829299884331185,3440157,9/3/2016,17.10.00,No,Collision with vehicle,Wednesday,CROSS TRAFFIC(INTERSECTIONS ONLY),Day,144.8,-37.8293,WYNDHAM,METROPOLITAN NORTH WEST REGION,2,1,0,1,0,1,2,0,1,0,1,0,0,0,0,0,0,0,0,0,No,0,2,0,1,0,0,MELB_URBAN,MELB_URBAN,WYNDHAM,METROPOLITAN NORTH WEST REGION,2016,3,March,LAVERTON NORTH
144.99806092409173,-37.759282337499116,3440184,15/3/2016,18.25.00,Yes,Collision with vehicle,Tuesday,CROSS TRAFFIC(INTERSECTIONS ONLY),Dusk/Dawn,144.99806,-37.75928,DAREBIN,METROPOLITAN NORTH WEST REGION,2,1,0,0,1,1,1,0,1,0,1,0,0,0,0,0,0,0,0,0,No,0,2,0,1,0,0,MELB_URBAN,MELB_URBAN,DAREBIN,METROPOLITAN NORTH WEST REGION,2016,3,March,THORNBURY
143.25102924074557,-38.727441354008704,3440188,4/3/2016,11.25.00,No,No collision and no object struck,Friday,OTHER ACCIDENTS-OFF STRAIGHT NOT INCLUDED IN DCAs 170-175,Day,143.25103000000001,-38.72744,COLAC OTWAY,SOUTH WESTERN REGION,1,1,0,1,0,0,1,0,1,0,0,0,0,0,0,0,0,0,0,0,No,0,1,0,0,0,0,RURAL_VICTORIA,RURAL_VICTORIA,"CORANGAMITE,COLAC OTWAY",SOUTH WESTERN REGION,2016,3,March,YUULONG
145.14125007565286,-37.80921953449046,3440199,9/3/2016,16.15.00,No,Collision with vehicle,Wednesday,VEHICLE STRIKES ANOTHER VEH WHILE EMERGING FROM DRIVEWAY,Day,145.14125,-37.80922,WHITEHORSE,METROPOLITAN SOUTH EAST REGION,2,1,0,0,1,1,2,0,1,0,1,0,0,0,0,0,1,0,0,0,No,0,2,0,1,0,0,MELB_URBAN,MELB_URBAN,WHITEHORSE,METROPOLITAN SOUTH EAST REGION,2016,3,March,BLACKBURN
144.96351980778684,-37.804591084742185,3440200,8/3/2016,17.45.00,No,Collision with vehicle,Tuesday,VEHICLE STRIKES DOOR OF PARKED/STATIONARY VEHICLE,Day,144.96352,-37.804590000000005,MELBOURNE,METROPOLITAN NORTH WEST REGION,2,1,0,0,1,1,2,0,1,0,1,0,0,0,0,0,0,0,0,0,No,0,2,0,1,0,0,MELB_URBAN,MELB_URBAN,MELBOURNE,METROPOLITAN NORTH WEST REGION,2016,3,March,CARLTON
145.0338797241414,-37.86310129173336,3440201,26/2/2016,09.30.00,No,Vehicle overturned (no collision),Friday,OUT OF CONTROL ON CARRIAGEWAY (ON STRAIGHT),Day,145.03388,-37.8631,STONNINGTON,METROPOLITAN SOUTH EAST REGION,2,1,0,0,1,1,0,1,1,0,0,0,0,0,1,0,0,0,0,0,No,0,2,0,0,0,0,MELB_URBAN,MELB_URBAN,STONNINGTON,METROPOLITAN SOUTH EAST REGION,2016,2,February,MALVERN
144.80963520007847,-37.73725942098694,3440234,13/3/2016,15.00.00,No,Collision with vehicle,Sunday,LANE CHANGE RIGHT (NOT OVERTAKING),Day,144.80964,-37.73726,BRIMBANK,METROPOLITAN NORTH WEST REGION,2,1,0,0,1,1,2,0,1,0,1,0,0,0,0,0,0,0,0,0,No,0,2,0,1,0,0,MELB_URBAN,MELB_URBAN,BRIMBANK,METROPOLITAN NORTH WEST REGION,2016,3,March,ST ALBANS
145.00531975993496,-37.84837860473579,3440254,10/3/2016,08.56.00,No,Collision with vehicle,Thursday,LEFT TURN SIDESWIPE,Day,145.00531999999998,-37.84838,STONNINGTON,METROPOLITAN SOUTH EAST REGION,2,1,0,0,1,1,1,1,1,0,1,0,0,0,0,0,0,0,0,0,No,0,2,0,1,0,0,MELB_URBAN,MELB_URBAN,STONNINGTON,METROPOLITAN SOUTH EAST REGION,2016,3,March,PRAHRAN
144.95915583696228,-37.77351973498101,3440269,15/3/2016,08.50.00,No,Collision with vehicle,Tuesday,VEHICLE OFF FOOTPATH STRIKES VEH ON CARRIAGEWAY,Day,144.95916,-37.77352,MORELAND,METROPOLITAN NORTH WEST REGION,2,1,0,0,1,1,0,2,1,0,1,0,0,0,0,0,0,0,0,0,No,0,2,0,1,0,0,MELB_URBAN,MELB_URBAN,MORELAND,METROPOLITAN NORTH WEST REGION,2016,3,March,BRUNSWICK
144.95574767334162,-37.80670974810898,3440273,15/3/2016,08.30.00,No,Collision with vehicle,Monday,VEHICLE STRIKES DOOR OF PARKED/STATIONARY VEHICLE,Day,144.95575,-37.806709999999995,MELBOURNE,METROPOLITAN NORTH WEST REGION,2,1,0,0,1,1,1,0,1,0,1,0,0,0,0,0,0,0,0,0,No,0,2,0,1,0,0,MELB_URBAN,MELB_URBAN,MELBOURNE,METROPOLITAN NORTH WEST REGION,2016,3,March,WEST MELBOURNE
147.05761736026497,-36.91862166891461,3440277,20/3/2016,10.25.00,No,Collision with vehicle,Sunday,HEAD ON (NOT OVERTAKING),Day,147.05762,-36.918620000000004,ALPINE,NORTH EASTERN REGION,2,1,0,1,0,1,2,0,1,0,1,0,0,0,0,0,0,0,0,0,No,0,2,0,0,0,0,RURAL_VICTORIA,RURAL_VICTORIA,ALPINE,NORTH EASTERN REGION,2016,3,March,HARRIETVILLE
144.8961121019346,-37.71262718227866,3440281,20/3/2016,10.50.00,No,Collision with vehicle,Sunday,OTHER MANOEUVRING NOT INCLUDED IN DCAs 140-148,Day,144.89611000000002,-37.71263,MOONEE VALLEY,METROPOLITAN NORTH WEST REGION,2,1,0,0,1,1,2,0,1,0,1,0,0,0,0,0,0,0,0,0,No,0,2,0,1,0,0,MELB_URBAN,MELB_URBAN,MOONEE VALLEY,METROPOLITAN NORTH WEST REGION,2016,3,March,STRATHMORE HEIGHTS
144.7404000036479,-37.73588999661528,3440288,20/3/2016,10.28.00,No,No collision and no object struck,,OFF CARRIAGEWAY TO LEFT,Day,144.7404,-37.735890000000005,MELTON,METROPOLITAN NORTH WEST REGION,2,1,0,0,1,1,1,1,1,0,1,0,0,0,0,0,0,0,0,0,No,0,2,0,1,0,0,MELB_URBAN,MELB_URBAN,MELTON,METROPOLITAN NORTH WEST REGION,2016,3,March,CAROLINE SPRINGS
145.0349357627189,-37.82484950441307,3440300,5/3/2016,12.30.00,No,Collision with vehicle,Saturday,RIGHT THROUGH,Day,145.03493999999998,-37.82485,BOROONDARA,METROPOLITAN SOUTH EAST REGION,2,2,0,0,2,0,2,0,1,0,1,0,0,0,0,0,0,0,0,0,No,0,2,0,1,0,0,MELB_URBAN,MELB_URBAN,BOROONDARA,METROPOLITAN SOUTH EAST REGION,2016,3,March,HAWTHORN
144.8084898593545,-38.37628918697352,3440305,8/3/2016,14.30.00,No,Collision with vehicle,Tuesday,REAR END(VEHICLES IN SAME LANE),Day,144.80848999999998,-38.376290000000004,MORNINGTON PENINSULA,METROPOLITAN SOUTH EAST REGION,2,1,0,0,1,1,1,0,1,0,1,0,0,0,0,0,0,0,0,0,No,0,2,0,1,0,0,MELB_URBAN,MELB_URBAN,MORNINGTON PENINSULA,METROPOLITAN SOUTH EAST REGION,2016,3,March,RYE
146.53347488763427,-38.194228890001604,3440314,10/3/2016,06.50.00,No,Collision with vehicle,Thursday,CROSS TRAFFIC(INTERSECTIONS ONLY),Day,146.53347,-38.19423,LATROBE,EASTERN REGION,2,1,0,0,1,1,2,0,1,0,1,0,0,0,0,0,0,0,0,1,No,0,2,0,1,0,0,SMALL_CITIES,SMALL_CITIES,LATROBE,"EASTERN REGION,EASTERN REGION",2016,3,March,TRARALGON
145.18568721595156,-37.974405228396336,3440321,12/3/2016,10.30.00,No,Collision with vehicle,Saturday,RIGHT THROUGH,Day,145.18569,-37.97441,DANDENONG,METROPOLITAN SOUTH EAST REGION,2,1,0,1,0,1,0,2,1,0,1,0,0,0,0,0,0,0,0,0,No,0,2,0,1,0,0,MELB_URBAN,MELB_URBAN,DANDENONG,METROPOLITAN SOUTH EAST REGION,2016,3,March,NOBLE PARK
144.85111979313953,-37.791333584803866,3440340,17/3/2016,19.15.00,Yes,Collision with vehicle,Thursday,LEFT NEAR (INTERSECTIONS ONLY),Dusk/Dawn,144.85112,-37.79133,MARIBYRNONG,METROPOLITAN NORTH WEST REGION,2,1,0,0,1,1,2,0,1,0,1,0,0,0,0,0,0,0,0,0,No,0,2,0,1,0,0,MELB_URBAN,MELB_URBAN,MARIBYRNONG,METROPOLITAN NORTH WEST REGION,2016,3,March,BRAYBROOK
144.96711714440588,-37.8167608361662,3440347,5/3/2016,13.09.00,No,Collision with vehicle,Saturday,LANE CHANGE RIGHT (NOT OVERTAKING),Day,144.96712,-37.816759999999995,MELBOURNE,METROPOLITAN NORTH WEST REGION,2,1,0,0,1,1,0,2,1,0,1,0,0,0,0,0,0,0,0,0,No,0,2,0,0,0,1,MELBOURNE_CBD,MELBOURNE_CBD,MELBOURNE,METROPOLITAN NORTH WEST REGION,2016,3,March,MELBOURNE
144.96415880176747,-37.73748448762147,3440349,3/3/2016,08.30.00,No,Collision with vehicle,Thursday,RIGHT TURN SIDESWIPE,Day,144.96416000000002,-37.73748,MORELAND,METROPOLITAN NORTH WEST REGION,2,1,0,0,1,1,1,1,1,0,1,0,0,0,0,0,0,0,0,0,No,0,2,0,1,0,0,MELB_URBAN,MELB_URBAN,MORELAND,METROPOLITAN NORTH WEST REGION,2016,3,March,COBURG
145.150623972343,-37.72139683887587,3440363,10/3/2016,07.21.00,No,Collision with vehicle,Wednesday,CROSS TRAFFIC(INTERSECTIONS ONLY),Day,145.15062,-37.7214,NILLUMBIK,METROPOLITAN NORTH WEST REGION,2,1,0,0,1,1,1,1,1,0,1,0,0,0,0,0,0,0,0,1,No,0,2,0,1,0,0,MELB_URBAN,MELB_URBAN,NILLUMBIK,METROPOLITAN NORTH WEST REGION,2016,3,March,ELTHAM
145.15164005622117,-38.10727969114497,3440382,20/3/2016,19.15.00,Yes,Vehicle overturned (no collision),Sunday,OUT OF CONTROL ON CARRIAGEWAY (ON STRAIGHT),Day,145.15164,-38.107279999999996,FRANKSTON,METROPOLITAN SOUTH EAST REGION,1,1,0,0,1,0,1,0,1,0,0,0,0,0,0,0,0,0,0,0,No,0,1,0,0,0,0,MELB_URBAN,MELB_URBAN,FRANKSTON,METROPOLITAN SOUTH EAST REGION,2016,3,March,SEAFORD
145.4006900037401,-36.457000782467155,3440388,21/3/2016,06.30.00,No,Struck animal,Monday,STRUCK ANIMAL,Dark No street lights,145.40069,-36.457,SHEPPARTON,NORTH EASTERN REGION,5,4,0,4,0,1,5,0,4,0,1,0,0,0,0,0,0,0,0,0,No,0,5,0,1,0,0,RURAL_VICTORIA,RURAL_VICTORIA,SHEPPARTON,NORTH EASTERN REGION,2016,3,March,KIALLA WEST
145.13527031330497,-38.160374395568134,3440389,21/3/2016,08.20.00,No,Collision with vehicle,Monday,RIGHT NEAR (INTERSECTIONS ONLY),Day,145.13527,-38.16037,FRANKSTON,METROPOLITAN SOUTH EAST REGION,2,1,0,0,1,1,0,2,1,0,1,0,0,0,0,0,0,0,0,0,No,0,2,0,1,0,0,MELB_URBAN,MELB_URBAN,FRANKSTON,METROPOLITAN SOUTH EAST REGION,2016,3,March,FRANKSTON
144.53327817714063,-38.26887977816833,3440390,21/3/2016,08.30.00,Yes,Vehicle overturned (no collision),Sunday,OUT OF CONTROL ON CARRIAGEWAY (ON STRAIGHT),Day,144.53328,-38.268879999999996,GEELONG,SOUTH WESTERN REGION,1,1,0,0,1,0,0,1,1,0,0,0,0,0,0,0,0,0,0,0,No,0,1,0,0,0,0,SMALL_CITIES,SMALL_CITIES,GEELONG,SOUTH WESTERN REGION,2016,3,March,OCEAN GROVE
145.006109780764,-37.853591002719114,3440395,27/2/2016,10.00.00,No,Collision with vehicle,Saturday,VEHICLE STRIKES DOOR OF PARKED/STATIONARY VEHICLE,Day,145.00611,-37.853590000000004,STONNINGTON,METROPOLITAN SOUTH EAST REGION,2,1,0,0,1,1,0,2,1,0,1,0,0,0,0,0,0,0,0,0,No,0,2,0,1,0,0,MELB_URBAN,MELB_URBAN,STONNINGTON,METROPOLITAN SOUTH EAST REGION,2016,2,February,PRAHRAN