X,Y,OBJECTID,ACCIDENT_DATE,ACCIDENT_TIME,ALCOHOLTIME,ACCIDENT_TYPE,DAY_OF_WEEK,DCA_CODE,LIGHT_CONDITION,LONGITUDE,LATITUDE,LGA_NAME,REGION_NAME,TOTAL_PERSONS,INJ_OR_FATAL,FATALITY,SERIOUSINJURY,OTHERINJURY,NONINJURED,MALES,FEMALES,BICYCLIST,PASSENGER,DRIVER,PEDESTRIAN,PILLION,MOTORIST,UNKNOWN,PED_CYCLIST_5_12,PED_CYCLIST_13_18,OLD_PEDESTRIAN,OLD_DRIVER,YOUNG_DRIVER,ALCOHOL_RELATED,UNLICENCSED,NO_OF_VEHICLES,HEAVYVEHICLE,PASSENGERVEHICLE,MOTORCYCLE,PUBLICVEHICLE,DEG_URBAN_NAME,DEG_URBAN_ALL,LGA_NAME_ALL,REGION_NAME_ALL,Year,Month,Month_name,Suburb
144.97506940563932,-37.78491732692669,3440909,4/3/2016,09.00.00,No,Collision with vehicle,Thursday,CROSS TRAFFIC(INTERSECTIONS ONLY),Day,144.97507,-37.78492,YARRA,METROPOLITAN NORTH WEST REGION,2,1,0,0,1,1,1,1,1,0,1,0,0,0,0,0,0,0,0,0,No,0,2,0,1,0,0,MELB_URBAN,MELB_URBAN,YARRA,METROPOLITAN NORTH WEST REGION,2016,3,March,CARLTON NORTH
146.40816986174394,-38.231659942499036,3440913,4/3/2016,07.00.00,No,Collision with vehicle,Friday,VEHICLE COLLIDES WITH VEHICLE PARKED ON LEFT OF ROAD,Dusk/Dawn,146.40816999999998,-38.23166,LATROBE,EASTERN REGION,2,1,0,1,0,1,1,1,1,0,1,0,0,0,0,0,0,0,0,0,No,0,2,0,1,0,0,SMALL_CITIES,SMALL_CITIES,LATROBE,"EASTERN REGION,EASTERN REGION",2016,3,March,MORWELL
145.20311017477925,-37.924069071873724,3440914,4/3/2016,08.45.00,No,Collision with vehicle,Friday,LANE CHANGE LEFT (NOT OVERTAKING),Day,145.20311,-37.92407,MONASH,METROPOLITAN SOUTH EAST REGION,2,1,0,0,1,1,1,1,1,0,1,0,0,0,0,0,0,0,1,0,No,0,2,0,1,0,0,MELB_URBAN,MELB_URBAN,MONASH,METROPOLITAN SOUTH EAST REGION,2016,3,March,MULGRAVE
144.91875327208538,-37.73424614682504,3440924,9/3/2016,07.00.00,No,Collision with vehicle,Wednesday,RIGHT THROUGH,Dark Street lights on,144.91875,-37.73425,MOONEE VALLEY,METROPOLITAN NORTH WEST REGION,2,1,0,0,1,1,2,0,1,0,1,0,0,0,0,0,0,0,0,0,No,0,2,0,1,0,0,MELB_URBAN,MELB_URBAN,MOONEE VALLEY,METROPOLITAN NORTH WEST REGION,2016,3,March,STRATHMORE
144.9128439891451,-37.75109099332073,3440938,14/1/2016,06.50.00,No,Collision with vehicle,Thursday,CROSS TRAFFIC(INTERSECTIONS ONLY),Day,144.91284,-37.751090000000005,MOONEE VALLEY,METROPOLITAN NORTH WEST REGION,2,1,0,0,1,1,1,1,1,0,1,0,0,0,0,0,0,0,0,0,No,0,2,0,1,0,0,MELB_URBAN,MELB_URBAN,MOONEE VALLEY,METROPOLITAN NORTH WEST REGION,2016,1,January,ESSENDON
144.29694222515135,-36.930198011006865,3440940,14/3/2016,11.10.00,No,Collision with a fixed object,Monday,OFF LEFT BEND INTO OBJECT/PARKED VEHICLE,Day,144.29693999999998,-36.9302,BENDIGO,NORTHERN REGION,1,1,1,0,0,0,1,0,1,0,0,0,0,0,0,0,0,0,0,0,No,0,1,0,0,0,0,RURAL_VICTORIA,RURAL_VICTORIA,BENDIGO,NORTHERN REGION,2016,3,March,SEDGWICK
144.9990959557401,-37.898894599009544,3440949,19/3/2016,07.05.00,Yes,Collision with vehicle,Saturday,CROSS TRAFFIC(INTERSECTIONS ONLY),Dusk/Dawn,144.9991,-37.89889,BAYSIDE,METROPOLITAN SOUTH EAST REGION,2,2,0,1,1,0,1,1,1,0,1,0,0,0,0,0,0,0,1,0,No,0,2,0,1,0,0,MELB_URBAN,MELB_URBAN,BAYSIDE,METROPOLITAN SOUTH EAST REGION,2016,3,March,BRIGHTON
144.38853031131066,-36.81056840784785,3440955,4/3/2016,07.45.00,No,Collision with vehicle,Friday,REAR END(VEHICLES IN SAME LANE),Day,144.38853,-36.81057,BENDIGO,NORTHERN REGION,2,1,0,0,1,1,1,1,1,0,1,0,0,0,0,0,0,0,0,0,No,0,2,0,1,0,0,RURAL_VICTORIA,RURAL_VICTORIA,BENDIGO,NORTHERN REGION,2016,3,March,STRATHFIELDSAYE
145.33109460948674,-37.55990090735868,3440960,4/3/2016,10.15.00,No,No collision and no object struck,Friday,OUT OF CONTROL ON CARRIAGEWAY (ON BEND),Day,145.33109,-37.5599,NILLUMBIK,METROPOLITAN NORTH WEST REGION,1,1,0,1,0,0,1,0,1,0,0,0,0,0,0,0,0,0,0,0,No,0,1,0,0,0,0,RURAL_VICTORIA,RURAL_VICTORIA,NILLUMBIK,METROPOLITAN NORTH WEST REGION,2016,3,March,KINGLAKE
144.96798044015424,-37.808380958118576,3440991,2/5/2016,08.20.00,No,Collision with vehicle,Monday,LEFT TURN SIDESWIPE,Day,144.96798,-37.80838,MELBOURNE,METROPOLITAN NORTH WEST REGION,2,1,0,0,1,1,2,0,1,0,1,0,0,0,0,0,0,0,0,0,No,0,2,0,1,0,0,MELBOURNE_CBD,"MELBOURNE_CBD,MELB_URBAN",MELBOURNE,METROPOLITAN NORTH WEST REGION,2016,5,May,MELBOURNE
144.99483802991048,-37.81681291138013,3440996,6/4/2016,09.10.00,No,Collision with vehicle,Wednesday,REAR END(VEHICLES IN SAME LANE),Day,144.99483999999998,-37.81681,YARRA,METROPOLITAN NORTH WEST REGION,2,1,0,0,1,1,1,1,1,0,1,0,0,0,0,0,0,0,0,0,No,0,2,0,1,0,0,MELB_URBAN,MELB_URBAN,YARRA,METROPOLITAN NORTH WEST REGION,2016,4,April,RICHMOND
145.3432673715675,-38.035981265626226,3440997,12/5/2016,17.20.00,No,Collision with vehicle,Wednesday,OTHER SAME DIRECTION-MANOUEVRES NOT INCLUDED IN DCAs 130-137,Dusk/Dawn,145.34327,-38.03598,CASEY,METROPOLITAN SOUTH EAST REGION,2,1,0,0,1,1,1,0,1,0,0,0,0,0,1,0,0,0,0,0,No,0,2,0,0,0,0,MELB_URBAN,MELB_URBAN,CASEY,METROPOLITAN SOUTH EAST REGION,2016,5,May,BERWICK
145.17794304180555,-37.97725036044137,3441003,12/5/2016,20.50.00,Yes,Collision with vehicle,Wednesday,VEHICLE COLLIDES WITH VEHICLE PARKED ON LEFT OF ROAD,Dark Street lights on,145.17793999999998,-37.97725,DANDENONG,METROPOLITAN SOUTH EAST REGION,1,1,0,1,0,0,1,0,1,0,0,0,0,0,0,0,0,0,0,0,No,0,2,0,1,0,0,MELB_URBAN,MELB_URBAN,DANDENONG,METROPOLITAN SOUTH EAST REGION,2016,5,May,NOBLE PARK
147.09065023872762,-38.10117259614884,3441010,28/4/2016,08.00.00,No,Collision with vehicle,Thursday,VEHICLE STRIKES ANOTHER VEH WHILE EMERGING FROM DRIVEWAY,Unk.,147.09065,-38.10117,WELLINGTON,EASTERN REGION,2,1,0,1,0,1,1,0,1,0,0,0,0,0,1,0,0,0,0,0,No,0,2,0,0,0,0,SMALL_CITIES,SMALL_CITIES,WELLINGTON,"EASTERN REGION,EASTERN REGION",2016,4,April,SALE
145.0073492198954,-37.9296342732236,3441028,3/5/2016,16.10.00,No,Collision with vehicle,Tuesday,OTHER ACCIDENTS-OFF STRAIGHT NOT INCLUDED IN DCAs 170-175,Day,145.00735,-37.929629999999996,BAYSIDE,METROPOLITAN SOUTH EAST REGION,2,1,0,0,1,1,0,2,1,0,1,0,0,0,0,0,0,0,0,0,No,0,2,0,1,0,0,MELB_URBAN,MELB_URBAN,BAYSIDE,METROPOLITAN SOUTH EAST REGION,2016,5,May,BRIGHTON EAST
145.0928186700632,-37.89669798153083,3441051,13/5/2016,07.13.00,No,Collision with vehicle,Friday,LEFT NEAR (INTERSECTIONS ONLY),Dusk/Dawn,145.09282,-37.8967,MONASH,METROPOLITAN SOUTH EAST REGION,2,1,0,0,1,1,1,0,1,0,1,0,0,0,0,0,0,0,0,0,No,0,2,0,1,0,0,MELB_URBAN,MELB_URBAN,MONASH,METROPOLITAN SOUTH EAST REGION,2016,5,May,OAKLEIGH
144.97128435041392,-37.82356534501058,3441059,17/5/2016,19.15.00,Yes,Collision with vehicle,Tuesday,OTHER OPPOSING MANOEUVRES NOT INCLUDED IN DCAs 120-125.,Dark Street lights on,144.97128,-37.823570000000004,MELBOURNE,METROPOLITAN NORTH WEST REGION,2,1,0,0,1,1,1,1,1,0,1,0,0,0,0,0,0,0,0,0,No,0,2,0,1,0,0,MELB_URBAN,MELB_URBAN,MELBOURNE,METROPOLITAN NORTH WEST REGION,2016,5,May,MELBOURNE
144.9687105079354,-37.82044986785247,3441062,17/5/2016,08.30.00,No,Collision with vehicle,Tuesday,ENTERING PARKING,Day,144.96871000000002,-37.82045,MELBOURNE,METROPOLITAN NORTH WEST REGION,2,1,0,0,1,1,1,0,1,0,0,0,0,0,1,0,0,0,0,0,No,0,2,0,0,0,0,MELB_URBAN,MELB_URBAN,MELBOURNE,METROPOLITAN NORTH WEST REGION,2016,5,May,SOUTHBANK
143.9237879959223,-37.52300251735535,3441074,26/4/2016,06.10.00,No,Struck animal,Monday,STRUCK ANIMAL,Dark No street lights,143.92379,-37.523,BALLARAT,WESTERN REGION,1,1,0,0,1,0,1,0,1,0,0,0,0,0,0,0,0,0,0,0,No,0,1,0,0,0,0,RURAL_VICTORIA,RURAL_VICTORIA,BALLARAT,WESTERN REGION,2016,4,April,GLEN PARK
144.92396891825658,-37.71498930490439,3441075,4/5/2016,08.00.00,No,Collision with vehicle,Wednesday,LEFT NEAR (INTERSECTIONS ONLY),Day,144.92397,-37.71499,MORELAND,METROPOLITAN NORTH WEST REGION,2,1,0,0,1,1,0,2,1,0,1,0,0,0,0,0,0,0,0,0,No,0,2,0,1,0,0,MELB_URBAN,MELB_URBAN,MORELAND,METROPOLITAN NORTH WEST REGION,2016,5,May,OAK PARK
144.9946266070756,-37.84441956250066,3441104,5/5/2016,18.30.00,Yes,Collision with vehicle,Thursday,VEHICLE STRIKES DOOR OF PARKED/STATIONARY VEHICLE,Dusk/Dawn,144.99463,-37.84442,STONNINGTON,METROPOLITAN SOUTH EAST REGION,2,1,0,0,1,1,0,2,1,0,1,0,0,0,0,0,0,0,0,0,No,0,2,0,1,0,0,MELB_URBAN,MELB_URBAN,STONNINGTON,METROPOLITAN SOUTH EAST REGION,2016,5,May,SOUTH YARRA
144.99252876354308,-37.90770985307872,3441112,18/5/2016,07.28.00,No,Collision with vehicle,Wednesday,RIGHT THROUGH,Day,144.99253000000002,-37.907709999999994,BAYSIDE,METROPOLITAN SOUTH EAST REGION,2,1,0,0,1,1,2,0,1,0,1,0,0,0,0,0,0,0,0,1,No,0,2,0,1,0,0,MELB_URBAN,MELB_URBAN,BAYSIDE,METROPOLITAN SOUTH EAST REGION,2016,5,May,BRIGHTON
144.97681801422164,-37.80811455409052,3441114,15/4/2016,08.40.00,No,Collision with vehicle,Friday,OTHER SAME DIRECTION-MANOUEVRES NOT INCLUDED IN DCAs 130-137,Day,144.97682,-37.80811,YARRA,METROPOLITAN NORTH WEST REGION,2,2,0,0,2,0,1,1,1,0,1,0,0,0,0,0,0,0,0,0,No,0,2,0,1,0,0,MELB_URBAN,MELB_URBAN,YARRA,METROPOLITAN NORTH WEST REGION,2016,4,April,FITZROY
144.97468388338717,-37.779836344218786,3441115,11/5/2016,09.15.00,No,Collision with vehicle,Wednesday,VEHICLE OFF FOOTPATH STRIKES VEH ON CARRIAGEWAY,Day,144.97468,-37.77984,MORELAND,METROPOLITAN NORTH WEST REGION,2,1,0,0,1,1,1,1,1,0,1,0,0,0,0,0,0,0,0,0,No,0,2,0,1,0,0,MELB_URBAN,MELB_URBAN,"YARRA,MORELAND",METROPOLITAN NORTH WEST REGION,2016,5,May,CARLTON NORTH
145.03965907624132,-37.79199053764663,3441147,9/5/2016,08.45.00,No,Collision with vehicle,Monday,RIGHT THROUGH,Day,145.03966,-37.791990000000006,BOROONDARA,METROPOLITAN SOUTH EAST REGION,3,1,0,1,0,2,3,0,1,1,1,0,0,0,0,0,1,0,0,0,No,0,2,0,1,0,0,MELB_URBAN,MELB_URBAN,BOROONDARA,METROPOLITAN SOUTH EAST REGION,2016,5,May,KEW
145.01590921401612,-37.97549254845436,3441157,13/5/2016,14.00.00,No,Collision with vehicle,Friday,LEFT NEAR (INTERSECTIONS ONLY),Day,145.01591000000002,-37.97549,BAYSIDE,METROPOLITAN SOUTH EAST REGION,2,1,0,0,1,1,2,0,1,0,1,0,0,0,0,0,0,0,1,0,No,0,2,0,1,0,0,MELB_URBAN,MELB_URBAN,BAYSIDE,METROPOLITAN SOUTH EAST REGION,2016,5,May,BLACK ROCK
145.06082917858458,-37.75684932973285,3441163,15/5/2016,14.09.00,No,Collision with vehicle,,UNKNOWN-NO DETAILS ON MANOEUVRES OF ROAD-USERS IN ACCIDENT,Day,145.06083,-37.75685,BANYULE,METROPOLITAN NORTH WEST REGION,2,1,0,0,1,1,2,0,1,0,1,0,0,0,0,0,0,0,0,0,No,0,2,0,1,0,0,MELB_URBAN,MELB_URBAN,BANYULE,METROPOLITAN NORTH WEST REGION,2016,5,May,HEIDELBERG
145.28129986621568,-37.86216073330663,3441164,15/2/2016,14.37.00,No,Collision with vehicle,Monday,VEHICLE STRIKES ANOTHER VEH WHILE EMERGING FROM DRIVEWAY,Day,145.2813,-37.862159999999996,KNOX,METROPOLITAN SOUTH EAST REGION,2,1,0,0,1,1,1,1,1,0,1,0,0,0,0,0,0,0,0,0,No,0,2,0,1,0,0,MELB_URBAN,MELB_URBAN,KNOX,METROPOLITAN SOUTH EAST REGION,2016,2,February,BORONIA
144.95795300274915,-37.79650020749936,3441166,12/5/2016,08.35.00,No,Collision with vehicle,Thursday,ENTERING PARKING,Day,144.95795,-37.7965,MELBOURNE,METROPOLITAN NORTH WEST REGION,2,1,0,0,1,1,0,1,1,0,0,0,0,0,1,0,0,0,0,0,No,0,2,0,0,0,0,MELB_URBAN,MELB_URBAN,MELBOURNE,METROPOLITAN NORTH WEST REGION,2016,5,May,PARKVILLE
144.97575307968677,-37.80893032205449,3441175,4/5/2016,10.50.00,No,Collision with vehicle,Wednesday,VEHICLE STRIKES DOOR OF PARKED/STATIONARY VEHICLE,Day,144.97575,-37.80893,MELBOURNE,METROPOLITAN NORTH WEST REGION,2,1,0,0,1,1,1,1,1,0,1,0,0,0,0,0,0,0,0,0,No,0,2,0,1,0,0,MELB_URBAN,MELB_URBAN,MELBOURNE,METROPOLITAN NORTH WEST REGION,2016,5,May,EAST MELBOURNE
144.98927938892052,-37.87748355547296,3441216,18/5/2016,12.30.00,No,Collision with vehicle,Wednesday,VEHICLE OFF FOOTPATH STRIKES VEH ON CARRIAGEWAY,Day,144.98928,-37.87748,PORT PHILLIP,METROPOLITAN NORTH WEST REGION,3,1,0,0,1,2,1,2,1,1,1,0,0,0,0,0,1,0,0,0,No,0,2,0,1,0,0,MELB_URBAN,MELB_URBAN,PORT PHILLIP,METROPOLITAN NORTH WEST REGION,2016,5,May,ELWOOD
145.01424708770358,-37.94724969976402,3441231,27/4/2016,11.50.00,No,Collision with vehicle,Wednesday,VEHICLE STRIKES ANOTHER VEH WHILE EMERGING FROM DRIVEWAY,Day,145.01425,-37.94725,BAYSIDE,METROPOLITAN SOUTH EAST REGION,2,1,0,0,1,1,1,1,1,0,1,0,0,0,0,1,0,0,0,0,No,0,2,0,1,0,0,MELB_URBAN,MELB_URBAN,BAYSIDE,METROPOLITAN SOUTH EAST REGION,2016,4,April,SANDRINGHAM
144.97395252584028,-37.81331563371368,3441232,20/4/2016,11.55.00,No,Collision with vehicle,Wednesday,VEHICLE STRIKES DOOR OF PARKED/STATIONARY VEHICLE,Day,144.97395,-37.813320000000004,MELBOURNE,METROPOLITAN NORTH WEST REGION,2,1,0,0,1,1,0,2,1,1,0,0,0,0,0,0,0,0,0,0,No,0,2,0,1,0,0,MELBOURNE_CBD,"MELBOURNE_CBD,MELB_URBAN",MELBOURNE,METROPOLITAN NORTH WEST REGION,2016,4,April,MELBOURNE
144.96955427804673,-37.83653584309706,3441237,5/5/2016,07.35.00,No,Collision with vehicle,Thursday,LEFT NEAR (INTERSECTIONS ONLY),Day,144.96955,-37.83654,PORT PHILLIP,METROPOLITAN NORTH WEST REGION,3,1,0,0,1,2,3,0,1,1,1,0,0,0,0,0,0,0,0,0,No,0,2,0,1,0,0,MELB_URBAN,MELB_URBAN,PORT PHILLIP,METROPOLITAN NORTH WEST REGION,2016,5,May,MELBOURNE
145.04911133132316,-37.76680533708681,3441241,1/3/2016,20.37.00,Yes,Collision with vehicle,Tuesday,RIGHT NEAR (INTERSECTIONS ONLY),Dusk/Dawn,145.04911,-37.76681,BANYULE,METROPOLITAN NORTH WEST REGION,2,1,0,0,1,1,2,0,1,0,1,0,0,0,0,0,0,0,0,0,No,0,2,0,1,0,0,MELB_URBAN,MELB_URBAN,BANYULE,METROPOLITAN NORTH WEST REGION,2016,3,March,IVANHOE
144.95887288017306,-37.80491916158113,3441249,9/5/2016,09.30.00,No,Collision with vehicle,Monday,ENTERING PARKING,Day,144.95887,-37.80492,MELBOURNE,METROPOLITAN NORTH WEST REGION,2,1,0,0,1,1,1,1,1,0,1,0,0,0,0,0,0,0,0,0,No,0,2,0,1,0,0,MELB_URBAN,MELB_URBAN,MELBOURNE,METROPOLITAN NORTH WEST REGION,2016,5,May,MELBOURNE
144.9986578613107,-37.84748311163463,3441264,10/5/2016,18.15.00,Yes,Collision with vehicle,Tuesday,RIGHT THROUGH,Dark Street lights on,144.99866,-37.84748,STONNINGTON,METROPOLITAN SOUTH EAST REGION,2,1,0,0,1,1,1,1,1,0,1,0,0,0,0,0,0,0,0,0,No,0,2,0,1,0,0,MELB_URBAN,MELB_URBAN,STONNINGTON,METROPOLITAN SOUTH EAST REGION,2016,5,May,SOUTH YARRA
144.99544343236076,-37.843113480800206,3441270,30/4/2016,19.10.00,Yes,Collision with vehicle,Saturday,RIGHT THROUGH,Dark Street lights on,144.99544,-37.843109999999996,STONNINGTON,METROPOLITAN SOUTH EAST REGION,2,1,0,1,0,1,1,1,1,0,1,0,0,0,0,0,0,0,0,0,No,0,2,0,1,0,0,MELB_URBAN,MELB_URBAN,STONNINGTON,METROPOLITAN SOUTH EAST REGION,2016,4,April,SOUTH YARRA
144.95975480393582,-37.78177036016407,3441286,5/5/2016,10.00.00,No,Collision with vehicle,Thursday,VEHICLE COLLIDES WITH VEHICLE PARKED ON LEFT OF ROAD,Day,144.95975,-37.78177,MELBOURNE,METROPOLITAN NORTH WEST REGION,2,1,0,0,1,1,1,1,1,0,1,0,0,0,0,0,0,0,0,0,No,0,2,0,1,0,0,MELB_URBAN,MELB_URBAN,MELBOURNE,METROPOLITAN NORTH WEST REGION,2016,5,May,PARKVILLE
145.1509947643703,-37.84017049991769,3441292,4/5/2016,16.25.00,No,Collision with vehicle,Wednesday,VEHICLE STRIKES ANOTHER VEH WHILE EMERGING FROM DRIVEWAY,Day,145.15098999999998,-37.84017,WHITEHORSE,METROPOLITAN SOUTH EAST REGION,2,1,0,0,1,1,1,1,1,0,1,0,0,0,0,1,0,0,0,0,No,0,2,0,1,0,0,MELB_URBAN,MELB_URBAN,WHITEHORSE,METROPOLITAN SOUTH EAST REGION,2016,5,May,BLACKBURN SOUTH
144.93713917233788,-37.784108192426075,3441302,10/5/2016,07.45.00,No,Collision with vehicle,Tuesday,RIGHT THROUGH,Dusk/Dawn,144.93714,-37.78411,MOONEE VALLEY,METROPOLITAN NORTH WEST REGION,3,1,0,0,1,2,1,0,1,1,1,0,0,0,0,0,0,0,0,0,No,0,2,0,1,0,0,MELB_URBAN,MELB_URBAN,MOONEE VALLEY,METROPOLITAN NORTH WEST REGION,2016,5,May,FLEMINGTON
144.9586069556489,-37.83482718874939,3441327,29/4/2016,15.00.00,No,Collision with vehicle,Friday,VEHICLE OFF FOOTPATH STRIKES VEH ON CARRIAGEWAY,Day,144.95861000000002,-37.83483,PORT PHILLIP,METROPOLITAN NORTH WEST REGION,2,1,0,0,1,1,1,1,1,0,0,0,0,0,1,0,0,0,0,0,No,0,2,0,0,0,0,MELB_URBAN,MELB_URBAN,PORT PHILLIP,METROPOLITAN NORTH WEST REGION,2016,4,April,SOUTH MELBOURNE
144.96900219037653,-37.81477045307439,3441335,2/5/2016,07.35.00,Yes,Collision with vehicle,Sunday,VEHICLE STRIKES DOOR OF PARKED/STATIONARY VEHICLE,Day,144.969,-37.81477,MELBOURNE,METROPOLITAN NORTH WEST REGION,2,1,0,0,1,1,1,1,1,0,1,0,0,0,0,0,0,0,0,0,No,0,2,0,1,0,0,MELBOURNE_CBD,MELBOURNE_CBD,MELBOURNE,METROPOLITAN NORTH WEST REGION,2016,5,May,MELBOURNE
144.96217980866214,-37.75520940393811,3441346,10/5/2016,06.20.00,No,Collision with vehicle,Tuesday,RIGHT THROUGH,Dusk/Dawn,144.96218000000002,-37.75521,MORELAND,METROPOLITAN NORTH WEST REGION,2,1,0,0,1,1,2,0,1,0,1,0,0,0,0,0,0,0,0,0,No,0,2,0,1,0,0,MELB_URBAN,MELB_URBAN,MORELAND,METROPOLITAN NORTH WEST REGION,2016,5,May,BRUNSWICK
144.9635791803237,-37.81635821031552,3441352,6/5/2016,17.00.00,Yes,Collision with vehicle,Friday,VEHICLE STRIKES DOOR OF PARKED/STATIONARY VEHICLE,Day,144.96358,-37.816359999999996,MELBOURNE,METROPOLITAN NORTH WEST REGION,3,1,0,0,1,2,2,1,1,1,1,0,0,0,0,0,0,0,0,0,No,0,2,0,1,0,0,MELBOURNE_CBD,MELBOURNE_CBD,MELBOURNE,METROPOLITAN NORTH WEST REGION,2016,5,May,MELBOURNE
144.33527885058814,-38.17453325752707,3441385,5/5/2016,18.00.00,Yes,Collision with vehicle,Wednesday,RIGHT THROUGH,Dusk/Dawn,144.33528,-38.17453,GEELONG,SOUTH WESTERN REGION,2,1,0,0,1,1,2,0,1,0,1,0,0,0,0,0,1,0,0,0,No,0,2,0,1,0,0,LARGE_PROVINCIAL_CITIES,LARGE_PROVINCIAL_CITIES,GEELONG,SOUTH WESTERN REGION,2016,5,May,BELMONT
146.4304264615097,-38.22831294732992,3441387,5/5/2016,15.00.00,No,Collision with vehicle,Thursday,OTHER ADJACENT (INTERSECTIONS ONLY),Day,146.43043,-38.22831,LATROBE,EASTERN REGION,2,1,0,0,1,1,1,1,1,0,1,0,0,0,0,1,0,0,0,0,No,0,2,0,1,0,0,SMALL_CITIES,SMALL_CITIES,LATROBE,"EASTERN REGION,EASTERN REGION",2016,5,May,MORWELL
144.97699918148268,-37.809684727518075,3441398,10/5/2016,07.30.00,No,Collision with vehicle,Tuesday,LEFT TURN SIDESWIPE,Day,144.977,-37.80968,MELBOURNE,METROPOLITAN NORTH WEST REGION,2,1,0,0,1,1,2,0,1,0,1,0,0,0,0,0,0,0,0,0,No,0,2,0,1,0,0,MELB_URBAN,MELB_URBAN,MELBOURNE,METROPOLITAN NORTH WEST REGION,2016,5,May,EAST MELBOURNE
142.14185736753618,-34.19393528243488,3441411,15/5/2016,09.55.00,Yes,Collision with vehicle,Sunday,CROSS TRAFFIC(INTERSECTIONS ONLY),Day,142.14186,-34.193940000000005,MILDURA,WESTERN REGION,2,1,0,0,1,1,2,0,1,0,1,0,0,0,0,0,0,0,0,0,No,0,2,0,1,0,0,SMALL_CITIES,SMALL_CITIES,MILDURA,WESTERN REGION,2016,5,May,MILDURA
145.11823027518162,-37.510920614246224,3441412,15/5/2016,09.45.00,No,Collision with vehicle,,CROSS TRAFFIC(INTERSECTIONS ONLY),Day,145.11823,-37.51092,WHITTLESEA,METROPOLITAN NORTH WEST REGION,2,1,0,0,1,1,1,1,1,0,1,0,0,0,0,0,0,0,0,0,No,0,2,0,1,0,0,TOWNS,TOWNS,WHITTLESEA,METROPOLITAN NORTH WEST REGION,2016,5,May,WHITTLESEA
144.98884000050725,-37.82463000045568,3441413,15/5/2016,01.59.00,Yes,Collision with vehicle,Sunday,LEFT NEAR (INTERSECTIONS ONLY),Dark Street lights on,144.98883999999998,-37.82463,MELBOURNE,METROPOLITAN NORTH WEST REGION,2,1,0,0,1,1,2,0,1,0,1,0,0,0,0,0,0,0,0,0,No,0,2,0,1,0,0,MELB_URBAN,MELB_URBAN,"YARRA,MELBOURNE",METROPOLITAN NORTH WEST REGION,2016,5,May,CREMORNE
145.16630170750852,-37.98961200559037,3441433,18/4/2016,15.00.00,No,Collision with vehicle,Monday,OTHER ADJACENT (INTERSECTIONS ONLY),Unk.,145.1663,-37.98961,DANDENONG,METROPOLITAN SOUTH EAST REGION,2,1,0,0,1,1,2,0,1,0,1,0,0,0,0,0,0,0,0,1,No,0,2,0,1,0,0,MELB_URBAN,MELB_URBAN,DANDENONG,METROPOLITAN SOUTH EAST REGION,2016,4,April,KEYSBOROUGH
145.05416863861674,-37.973487773691375,3441443,6/5/2016,05.45.00,Yes,Collision with vehicle,Thursday,RIGHT FAR (INTERSECTIONS ONLY),Dusk/Dawn,145.05417,-37.973490000000005,KINGSTON,METROPOLITAN SOUTH EAST REGION,2,1,0,0,1,1,2,0,1,0,1,0,0,0,0,0,0,0,0,0,No,0,2,0,1,0,0,MELB_URBAN,MELB_URBAN,"KINGSTON,BAYSIDE",METROPOLITAN SOUTH EAST REGION,2016,5,May,MENTONE
144.95047205103387,-37.77589458588175,3441448,10/5/2016,18.20.00,Yes,Collision with vehicle,Tuesday,RIGHT THROUGH,Dark Street lights on,144.95047,-37.775890000000004,MORELAND,METROPOLITAN NORTH WEST REGION,2,1,0,1,0,1,2,0,1,0,1,0,0,0,0,0,0,0,0,1,No,0,2,0,1,0,0,MELB_URBAN,MELB_URBAN,MORELAND,METROPOLITAN NORTH WEST REGION,2016,5,May,BRUNSWICK
145.0036602922786,-37.905678553461854,3441451,2/5/2016,17.50.00,No,Collision with vehicle,Monday,VEHICLE STRIKES DOOR OF PARKED/STATIONARY VEHICLE,Unk.,145.00366,-37.90568,BAYSIDE,METROPOLITAN SOUTH EAST REGION,3,1,0,0,1,2,2,1,1,1,1,0,0,0,0,0,0,0,0,0,No,0,2,0,1,0,0,MELB_URBAN,MELB_URBAN,BAYSIDE,METROPOLITAN SOUTH EAST REGION,2016,5,May,BRIGHTON
145.17421883936444,-37.78154852198994,3441468,15/5/2016,15.37.00,No,No collision and no object struck,Sunday,OUT OF CONTROL ON CARRIAGEWAY (ON BEND),Day,145.17422,-37.78155,MANNINGHAM,METROPOLITAN SOUTH EAST REGION,3,1,0,1,0,2,2,1,1,1,1,0,0,0,0,0,0,0,0,0,No,0,2,0,1,0,0,MELB_URBAN,MELB_URBAN,MANNINGHAM,METROPOLITAN SOUTH EAST REGION,2016,5,May,DONCASTER EAST
144.98323308168747,-37.80497871159215,3441487,6/5/2016,10.20.00,No,Collision with vehicle,Friday,LEFT FAR (INTERSECTIONS ONLY),Day,144.98323,-37.80498,YARRA,METROPOLITAN NORTH WEST REGION,2,1,0,0,1,1,2,0,1,0,1,0,0,0,0,0,0,0,0,0,No,0,2,0,1,0,0,MELB_URBAN,MELB_URBAN,YARRA,METROPOLITAN NORTH WEST REGION,2016,5,May,FITZROY
145.02196895187524,-37.88689946151575,3441488,6/5/2016,13.00.00,No,Collision with vehicle,Friday,RIGHT THROUGH,Day,145.02196999999998,-37.8869,GLEN EIRA,METROPOLITAN SOUTH EAST REGION,2,1,0,0,1,1,2,0,1,0,1,0,0,0,0,0,0,0,0,0,No,0,2,0,1,0,0,MELB_URBAN,MELB_URBAN,GLEN EIRA,METROPOLITAN SOUTH EAST REGION,2016,5,May,CAULFIELD SOUTH