X,Y,OBJECTID,ACCIDENT_DATE,ACCIDENT_TIME,ALCOHOLTIME,ACCIDENT_TYPE,DAY_OF_WEEK,DCA_CODE,LIGHT_CONDITION,LONGITUDE,LATITUDE,LGA_NAME,REGION_NAME,TOTAL_PERSONS,INJ_OR_FATAL,FATALITY,SERIOUSINJURY,OTHERINJURY,NONINJURED,MALES,FEMALES,BICYCLIST,PASSENGER,DRIVER,PEDESTRIAN,PILLION,MOTORIST,UNKNOWN,PED_CYCLIST_5_12,PED_CYCLIST_13_18,OLD_PEDESTRIAN,OLD_DRIVER,YOUNG_DRIVER,ALCOHOL_RELATED,UNLICENCSED,NO_OF_VEHICLES,HEAVYVEHICLE,PASSENGERVEHICLE,MOTORCYCLE,PUBLICVEHICLE,DEG_URBAN_NAME,DEG_URBAN_ALL,LGA_NAME_ALL,REGION_NAME_ALL,Year,Month,Month_name,Suburb
145.0129031531789,-37.76087072329083,3444806,20/7/2016,18.15.00,Yes,Collision with vehicle,Wednesday,LEFT TURN SIDESWIPE,Dark Street lights on,145.0129,-37.760870000000004,DAREBIN,METROPOLITAN NORTH WEST REGION,2,1,0,0,1,1,0,2,1,0,1,0,0,0,0,0,0,0,0,0,No,1,2,0,1,0,0,MELB_URBAN,MELB_URBAN,DAREBIN,METROPOLITAN NORTH WEST REGION,2016,7,July,THORNBURY
144.9529389913105,-37.801376125635144,3444837,18/7/2016,20.30.00,Yes,No collision and no object struck,Monday,OUT OF CONTROL ON CARRIAGEWAY (ON STRAIGHT),Dark Street lights on,144.95293999999998,-37.80138,MELBOURNE,METROPOLITAN NORTH WEST REGION,2,1,0,0,1,1,1,1,1,0,1,0,0,0,0,0,0,0,0,0,No,0,2,0,1,0,0,MELB_URBAN,MELB_URBAN,MELBOURNE,METROPOLITAN NORTH WEST REGION,2016,7,July,NORTH MELBOURNE
145.0197204559072,-37.86891772021409,3444841,29/7/2016,15.00.00,No,Collision with vehicle,Friday,VEHICLE STRIKES DOOR OF PARKED/STATIONARY VEHICLE,Day,145.01972,-37.86892,GLEN EIRA,METROPOLITAN SOUTH EAST REGION,2,1,0,0,1,1,0,2,1,0,1,0,0,0,0,0,0,0,0,0,No,0,2,0,1,0,0,MELB_URBAN,MELB_URBAN,GLEN EIRA,METROPOLITAN SOUTH EAST REGION,2016,7,July,CAULFIELD NORTH
145.1874897504911,-37.948139971149956,3444857,21/7/2016,15.20.00,No,Collision with vehicle,Wednesday,VEHICLE COLLIDES WITH VEHICLE PARKED ON LEFT OF ROAD,Day,145.18749,-37.94814,DANDENONG,METROPOLITAN SOUTH EAST REGION,2,1,0,0,1,1,0,1,1,0,0,0,0,0,1,0,1,0,0,0,No,0,2,0,0,0,0,MELB_URBAN,MELB_URBAN,DANDENONG,METROPOLITAN SOUTH EAST REGION,2016,7,July,NOBLE PARK NORTH
142.2049127745559,-36.71465999116463,3444862,22/7/2016,08.45.00,No,Collision with vehicle,Friday,VEHICLE STRIKES ANOTHER VEH WHILE EMERGING FROM DRIVEWAY,Day,142.20491,-36.714659999999995,HORSHAM,WESTERN REGION,2,1,0,0,1,1,1,1,1,0,1,0,0,0,0,0,1,0,0,1,No,0,2,0,1,0,0,SMALL_CITIES,SMALL_CITIES,HORSHAM,WESTERN REGION,2016,7,July,HORSHAM
144.97603978787328,-37.80563130694756,3444863,22/7/2016,11.30.00,No,No collision and no object struck,Friday,OUT OF CONTROL ON CARRIAGEWAY (ON STRAIGHT),Day,144.97603999999998,-37.80563,YARRA,METROPOLITAN NORTH WEST REGION,2,1,0,1,0,1,1,0,1,0,0,0,0,0,1,0,0,0,0,0,No,0,2,0,0,0,0,MELB_URBAN,MELB_URBAN,YARRA,METROPOLITAN NORTH WEST REGION,2016,7,July,FITZROY
144.9655412180047,-37.813329650132005,3444866,12/7/2016,08.45.00,No,No collision and no object struck,Tuesday,OUT OF CONTROL ON CARRIAGEWAY (ON STRAIGHT),Unk.,144.96554,-37.81333,MELBOURNE,METROPOLITAN NORTH WEST REGION,1,1,0,0,1,0,1,0,1,0,0,0,0,0,0,0,0,0,0,0,No,0,1,0,0,0,0,MELBOURNE_CBD,MELBOURNE_CBD,MELBOURNE,METROPOLITAN NORTH WEST REGION,2016,7,July,MELBOURNE
144.98196169752507,-37.86308070504277,3444870,27/7/2016,18.50.00,Yes,Collision with vehicle,Wednesday,RIGHT THROUGH,Dark Street lights on,144.98196000000002,-37.86308,PORT PHILLIP,METROPOLITAN NORTH WEST REGION,2,1,0,1,0,1,1,1,1,0,1,0,0,0,0,0,0,0,0,1,No,0,2,0,1,0,0,MELB_URBAN,MELB_URBAN,PORT PHILLIP,METROPOLITAN NORTH WEST REGION,2016,7,July,ST KILDA
144.98722179569853,-37.77937098666439,3444872,27/7/2016,19.30.00,Yes,Collision with vehicle,Tuesday,LANE SIDE SWIPE (VEHICLES IN PARALLEL LANES),Dark Street lights on,144.98722,-37.77937,YARRA,METROPOLITAN NORTH WEST REGION,2,1,0,0,1,1,1,1,1,0,1,0,0,0,0,0,0,0,0,0,No,0,2,0,1,0,0,MELB_URBAN,MELB_URBAN,YARRA,METROPOLITAN NORTH WEST REGION,2016,7,July,FITZROY NORTH
145.05389946251802,-37.877662785300735,3444897,16/6/2016,16.00.00,No,No collision and no object struck,Thursday,OUT OF CONTROL ON CARRIAGEWAY (ON STRAIGHT),Dusk/Dawn,145.0539,-37.87766,STONNINGTON,METROPOLITAN SOUTH EAST REGION,1,1,0,0,1,0,1,0,1,0,0,0,0,0,0,0,0,0,0,0,No,0,1,0,0,0,0,MELB_URBAN,MELB_URBAN,STONNINGTON,METROPOLITAN SOUTH EAST REGION,2016,6,June,MALVERN EAST
144.33720766823802,-38.13638972705632,3444908,6/8/2016,13.15.00,No,Collision with vehicle,Saturday,VEHICLE STRIKES ANOTHER VEH WHILE EMERGING FROM DRIVEWAY,Day,144.33721,-38.136390000000006,GEELONG,SOUTH WESTERN REGION,2,1,0,0,1,1,1,1,1,0,1,0,0,0,0,0,0,0,1,0,No,0,2,0,1,0,0,LARGE_PROVINCIAL_CITIES,LARGE_PROVINCIAL_CITIES,GEELONG,SOUTH WESTERN REGION,2016,8,August,MANIFOLD HEIGHTS
145.0645440310122,-37.63324665725509,3444966,17/7/2016,11.55.00,No,Collision with vehicle,Sunday,RIGHT NEAR (INTERSECTIONS ONLY),Day,145.06454,-37.63325,WHITTLESEA,METROPOLITAN NORTH WEST REGION,2,1,0,0,1,1,1,1,1,0,1,0,0,0,0,0,0,0,0,0,No,0,2,0,1,0,0,MELB_URBAN,MELB_URBAN,WHITTLESEA,METROPOLITAN NORTH WEST REGION,2016,7,July,SOUTH MORANG
144.9843708856601,-37.806525011960225,3444979,20/7/2016,13.30.00,No,Collision with vehicle,Tuesday,LANE CHANGE LEFT (NOT OVERTAKING),Day,144.98436999999998,-37.80653,YARRA,METROPOLITAN NORTH WEST REGION,2,1,0,0,1,1,2,0,1,0,1,0,0,0,0,0,0,0,0,0,No,0,2,0,1,0,0,MELB_URBAN,MELB_URBAN,YARRA,METROPOLITAN NORTH WEST REGION,2016,7,July,COLLINGWOOD
144.9658163191493,-37.756703044988775,3444989,1/8/2016,18.00.00,Yes,Collision with vehicle,Sunday,CROSS TRAFFIC(INTERSECTIONS ONLY),Dark Street lights unknown,144.96582,-37.7567,MORELAND,METROPOLITAN NORTH WEST REGION,2,1,0,0,1,1,1,1,1,0,1,0,0,0,0,0,0,0,0,0,No,0,2,0,1,0,0,MELB_URBAN,MELB_URBAN,MORELAND,METROPOLITAN NORTH WEST REGION,2016,8,August,BRUNSWICK
145.01876922347253,-37.84225402091099,3444996,20/7/2016,20.00.00,Yes,Collision with vehicle,Wednesday,OTHER SAME DIRECTION-MANOUEVRES NOT INCLUDED IN DCAs 130-137,Dark Street lights unknown,145.01877,-37.84225,STONNINGTON,METROPOLITAN SOUTH EAST REGION,2,1,0,1,0,1,1,0,1,0,0,0,0,0,1,0,0,0,0,0,No,0,2,0,0,0,0,MELB_URBAN,MELB_URBAN,STONNINGTON,METROPOLITAN SOUTH EAST REGION,2016,7,July,TOORAK
143.84907173001628,-37.46808029428246,3445014,23/7/2016,10.00.00,No,Vehicle overturned (no collision),Saturday,OUT OF CONTROL ON CARRIAGEWAY (ON STRAIGHT),Day,143.84906999999998,-37.46808,BALLARAT,WESTERN REGION,1,1,0,1,0,0,1,0,1,0,0,0,0,0,0,0,0,0,0,0,No,0,1,0,0,0,0,RURAL_VICTORIA,RURAL_VICTORIA,BALLARAT,WESTERN REGION,2016,7,July,SULKY
145.00367031079932,-37.88465856834088,3445031,28/7/2016,16.00.00,No,Collision with vehicle,Thursday,VEHICLE STRIKES DOOR OF PARKED/STATIONARY VEHICLE,Day,145.00367,-37.88466,GLEN EIRA,METROPOLITAN SOUTH EAST REGION,3,1,0,0,1,2,2,1,1,1,1,0,0,0,0,0,0,0,0,1,No,0,2,0,1,0,0,MELB_URBAN,MELB_URBAN,GLEN EIRA,METROPOLITAN SOUTH EAST REGION,2016,7,July,ELSTERNWICK
144.92973981131368,-37.77752007672974,3445042,2/8/2016,08.20.00,No,Collision with vehicle,Tuesday,LEFT TURN SIDESWIPE,Day,144.92973999999998,-37.77752,MOONEE VALLEY,METROPOLITAN NORTH WEST REGION,2,1,0,0,1,1,2,0,1,0,1,0,0,0,0,0,0,0,0,0,No,0,2,0,1,0,0,MELB_URBAN,MELB_URBAN,MOONEE VALLEY,METROPOLITAN NORTH WEST REGION,2016,8,August,ASCOT VALE
144.3826290468283,-38.14424513996654,3445048,2/8/2016,14.00.00,No,Vehicle overturned (no collision),Tuesday,OUT OF CONTROL ON CARRIAGEWAY (ON BEND),Day,144.38263,-38.14425,GEELONG,SOUTH WESTERN REGION,1,1,0,0,1,0,0,0,1,0,0,0,0,0,0,0,0,0,0,0,No,0,1,0,0,0,0,LARGE_PROVINCIAL_CITIES,LARGE_PROVINCIAL_CITIES,GEELONG,SOUTH WESTERN REGION,2016,8,August,EAST GEELONG
145.1236978366895,-37.79972691004392,3445056,7/8/2016,14.15.00,No,Collision with vehicle,,CROSS TRAFFIC(INTERSECTIONS ONLY),Day,145.1237,-37.79973,WHITEHORSE,METROPOLITAN SOUTH EAST REGION,2,1,0,0,1,1,1,1,1,0,1,0,0,0,0,0,0,0,0,0,No,0,2,0,1,0,0,MELB_URBAN,MELB_URBAN,WHITEHORSE,METROPOLITAN SOUTH EAST REGION,2016,8,August,BOX HILL NORTH
145.1611921208778,-38.109250484862415,3445062,7/8/2016,14.45.00,No,Collision with vehicle,Sunday,OTHER ADJACENT (INTERSECTIONS ONLY),Day,145.16119,-38.10925,FRANKSTON,METROPOLITAN SOUTH EAST REGION,2,1,0,0,1,1,1,1,1,0,1,0,0,0,0,0,0,0,0,0,No,0,2,0,1,0,0,MELB_URBAN,MELB_URBAN,FRANKSTON,METROPOLITAN SOUTH EAST REGION,2016,8,August,SEAFORD
144.94820049524188,-37.666596937532866,3445068,8/7/2016,17.09.00,Yes,Collision with vehicle,Friday,VEHICLE OFF FOOTPATH STRIKES VEH ON CARRIAGEWAY,Dark Street lights on,144.9482,-37.6666,HUME,METROPOLITAN NORTH WEST REGION,2,1,0,0,1,1,1,0,1,0,1,0,0,0,0,0,0,0,0,0,No,0,2,0,1,0,0,MELB_URBAN,MELB_URBAN,HUME,METROPOLITAN NORTH WEST REGION,2016,7,July,CAMPBELLFIELD
145.02369012952948,-37.74015929852621,3445069,28/5/2016,09.58.00,No,Collision with vehicle,Saturday,OTHER OVERTAKING MANOEUVRES NOT INCLUDED IN DCAs 150-154,Day,145.02369,-37.740159999999996,DAREBIN,METROPOLITAN NORTH WEST REGION,2,1,0,0,1,1,1,1,1,0,1,0,0,0,0,0,0,0,0,0,No,0,2,0,0,0,1,MELB_URBAN,MELB_URBAN,DAREBIN,METROPOLITAN NORTH WEST REGION,2016,5,May,PRESTON
145.27948601629498,-37.828727800891905,3445087,14/7/2016,16.25.00,No,Collision with vehicle,Wednesday,VEHICLE STRIKES ANOTHER VEH WHILE EMERGING FROM DRIVEWAY,Day,145.27948999999998,-37.82873,MAROONDAH,METROPOLITAN SOUTH EAST REGION,2,1,0,1,0,1,1,1,1,0,1,0,0,0,0,0,0,0,0,0,No,0,2,0,1,0,0,MELB_URBAN,MELB_URBAN,MAROONDAH,METROPOLITAN SOUTH EAST REGION,2016,7,July,BAYSWATER NORTH
145.01738369960418,-37.78339885221405,3445094,18/3/2016,05.30.00,Yes,Collision with vehicle,Friday,REAR END(VEHICLES IN SAME LANE),Dark Street lights on,145.01738,-37.7834,DAREBIN,METROPOLITAN NORTH WEST REGION,2,1,0,0,1,1,0,1,1,0,0,0,0,0,1,0,0,0,0,0,No,0,2,0,0,0,0,MELB_URBAN,MELB_URBAN,"YARRA,DAREBIN",METROPOLITAN NORTH WEST REGION,2016,3,March,FAIRFIELD
144.9703903079746,-37.797981543157775,3445103,19/7/2016,17.30.00,No,Collision with vehicle,Tuesday,RIGHT THROUGH,Dark Street lights on,144.97038999999998,-37.797979999999995,MELBOURNE,METROPOLITAN NORTH WEST REGION,2,1,0,0,1,1,0,2,1,0,1,0,0,0,0,0,0,0,0,0,No,0,2,0,1,0,0,MELB_URBAN,MELB_URBAN,MELBOURNE,METROPOLITAN NORTH WEST REGION,2016,7,July,CARLTON
144.95829154157147,-37.79600631933575,3445118,8/7/2016,17.20.00,No,Collision with vehicle,Thursday,VEHICLE STRIKES ANOTHER VEH WHILE EMERGING FROM DRIVEWAY,Day,144.95828999999998,-37.796009999999995,MELBOURNE,METROPOLITAN NORTH WEST REGION,2,1,0,0,1,1,1,1,1,0,1,0,0,0,0,0,0,0,0,0,No,0,2,0,1,0,0,MELB_URBAN,MELB_URBAN,MELBOURNE,METROPOLITAN NORTH WEST REGION,2016,7,July,PARKVILLE
144.96696157519492,-37.77681120018709,3445134,10/7/2016,16.15.00,Yes,Collision with vehicle,Sunday,CROSS TRAFFIC(INTERSECTIONS ONLY),Day,144.96696,-37.77681,MORELAND,METROPOLITAN NORTH WEST REGION,2,1,0,0,1,1,1,1,1,0,1,0,0,0,0,0,0,0,0,1,No,0,2,0,1,0,0,MELB_URBAN,MELB_URBAN,MORELAND,METROPOLITAN NORTH WEST REGION,2016,7,July,BRUNSWICK
144.96987092922595,-37.792419713799454,3445141,14/7/2016,17.52.00,No,Collision with vehicle,Thursday,ENTERING PARKING,Dusk/Dawn,144.96987,-37.79242,MELBOURNE,METROPOLITAN NORTH WEST REGION,3,1,0,0,1,2,2,1,1,1,1,0,0,0,0,0,0,0,0,0,No,0,2,0,1,0,0,MELB_URBAN,MELB_URBAN,"YARRA,MELBOURNE",METROPOLITAN NORTH WEST REGION,2016,7,July,CARLTON
144.8828234981952,-37.79004862099684,3445154,19/7/2016,18.10.00,Yes,Collision with vehicle,Monday,LANE SIDE SWIPE (VEHICLES IN PARALLEL LANES),Dark Street lights on,144.88282,-37.79005,MARIBYRNONG,METROPOLITAN NORTH WEST REGION,2,1,0,0,1,1,2,0,1,0,1,0,0,0,0,0,0,0,0,0,No,0,2,0,1,0,0,MELB_URBAN,MELB_URBAN,MARIBYRNONG,METROPOLITAN NORTH WEST REGION,2016,7,July,MAIDSTONE
145.00628896300665,-37.82612262682104,3445165,4/7/2016,10.45.00,No,Collision with vehicle,Monday,RIGHT NEAR (INTERSECTIONS ONLY),Day,145.00628999999998,-37.82612,YARRA,METROPOLITAN NORTH WEST REGION,2,1,0,1,0,1,1,1,1,0,1,0,0,0,0,0,0,0,0,0,No,0,2,0,1,0,0,MELB_URBAN,MELB_URBAN,YARRA,METROPOLITAN NORTH WEST REGION,2016,7,July,RICHMOND
143.5829111965837,-38.33953607572097,3445168,4/7/2016,10.20.00,No,Collision with vehicle,Monday,RIGHT TURN SIDESWIPE,Day,143.58291,-38.33954,COLAC OTWAY,SOUTH WESTERN REGION,2,2,0,1,1,0,2,0,1,0,1,0,0,0,0,0,0,0,0,0,No,0,2,0,1,0,0,SMALL_CITIES,SMALL_CITIES,COLAC OTWAY,SOUTH WESTERN REGION,2016,7,July,COLAC
145.13455921934047,-38.12290979242835,3445213,2/7/2016,13.40.00,No,Collision with vehicle,Friday,VEHICLE STRIKES DOOR OF PARKED/STATIONARY VEHICLE,Day,145.13456000000002,-38.12291,FRANKSTON,METROPOLITAN SOUTH EAST REGION,2,1,0,0,1,1,1,1,1,0,1,0,0,0,0,0,0,0,0,0,No,0,2,0,1,0,0,MELB_URBAN,MELB_URBAN,FRANKSTON,METROPOLITAN SOUTH EAST REGION,2016,7,July,SEAFORD
144.97909490486163,-37.845974552324314,3445234,14/7/2016,08.55.00,No,Collision with vehicle,Thursday,RIGHT THROUGH,Day,144.97908999999999,-37.84597,MELBOURNE,METROPOLITAN NORTH WEST REGION,2,2,0,2,0,0,1,1,1,0,1,0,0,0,0,0,0,0,0,0,No,0,2,0,1,0,0,MELB_URBAN,MELB_URBAN,"PORT PHILLIP,MELBOURNE",METROPOLITAN NORTH WEST REGION,2016,7,July,MELBOURNE
144.96755617156202,-37.773279566928956,3445245,18/6/2016,16.00.00,Yes,Collision with vehicle,Saturday,REAR END(VEHICLES IN SAME LANE),Day,144.96756000000002,-37.77328,MORELAND,METROPOLITAN NORTH WEST REGION,2,1,0,0,1,1,1,0,1,0,0,0,0,0,1,0,0,0,0,0,No,0,2,0,0,0,0,MELB_URBAN,MELB_URBAN,MORELAND,METROPOLITAN NORTH WEST REGION,2016,6,June,BRUNSWICK
144.97262561985517,-37.7992532821488,3445256,20/7/2016,12.37.00,No,Collision with vehicle,Wednesday,CROSS TRAFFIC(INTERSECTIONS ONLY),Day,144.97263,-37.79925,MELBOURNE,METROPOLITAN NORTH WEST REGION,2,1,0,0,1,1,2,0,1,0,1,0,0,0,0,0,0,0,1,0,No,0,2,0,1,0,0,MELB_URBAN,MELB_URBAN,MELBOURNE,METROPOLITAN NORTH WEST REGION,2016,7,July,CARLTON
145.00861039931902,-37.870658170954414,3445269,4/7/2016,19.10.00,Yes,Collision with vehicle,Monday,RIGHT THROUGH,Dark Street lights on,145.00861,-37.87066,GLEN EIRA,METROPOLITAN SOUTH EAST REGION,2,1,0,0,1,1,0,2,1,0,1,0,0,0,0,0,0,0,0,0,No,0,2,0,1,0,0,MELB_URBAN,MELB_URBAN,GLEN EIRA,METROPOLITAN SOUTH EAST REGION,2016,7,July,CAULFIELD NORTH
144.9862979995084,-37.80528266824012,3445278,9/7/2016,19.20.00,Yes,Collision with vehicle,Friday,RIGHT THROUGH,Dark Street lights on,144.9863,-37.805279999999996,YARRA,METROPOLITAN NORTH WEST REGION,2,1,0,0,1,1,1,1,1,0,1,0,0,0,0,0,0,0,0,0,No,0,2,0,1,0,0,MELB_URBAN,MELB_URBAN,YARRA,METROPOLITAN NORTH WEST REGION,2016,7,July,COLLINGWOOD
144.95970999964604,-37.82628000202376,3445283,10/7/2016,09.15.00,Yes,Collision with vehicle,Sunday,LEFT TURN SIDESWIPE,Day,144.95971,-37.82628,MELBOURNE,METROPOLITAN NORTH WEST REGION,3,1,0,0,1,2,3,0,1,1,1,0,0,0,0,0,0,0,0,0,No,0,2,0,0,0,1,MELB_URBAN,MELB_URBAN,MELBOURNE,METROPOLITAN NORTH WEST REGION,2016,7,July,SOUTHBANK
145.6209831796057,-38.58320343932692,3445320,5/7/2016,07.42.00,No,No collision and no object struck,Tuesday,OFF CARRIAGEWAY ON LEFT BEND,Dusk/Dawn,145.62098,-38.5832,BASS COAST,EASTERN REGION,4,2,0,0,2,2,4,0,4,0,0,0,0,0,0,0,0,0,0,0,No,0,4,0,0,0,0,RURAL_VICTORIA,RURAL_VICTORIA,BASS COAST,"EASTERN REGION,EASTERN REGION",2016,7,July,ST CLAIR
144.26542527528906,-36.768103292287506,3445322,17/4/2016,18.30.00,Yes,Collision with vehicle,Sunday,OTHER ADJACENT (INTERSECTIONS ONLY),Unk.,144.26543,-36.7681,BENDIGO,NORTHERN REGION,2,1,0,0,1,1,1,0,1,0,0,0,0,0,1,0,0,0,0,0,No,0,2,0,0,0,0,LARGE_PROVINCIAL_CITIES,LARGE_PROVINCIAL_CITIES,BENDIGO,NORTHERN REGION,2016,4,April,GOLDEN SQUARE
144.96890262162304,-37.82933061775212,3445383,11/7/2016,08.00.00,No,Collision with vehicle,Monday,CROSS TRAFFIC(INTERSECTIONS ONLY),Day,144.9689,-37.82933,MELBOURNE,METROPOLITAN NORTH WEST REGION,2,1,0,0,1,1,0,2,1,0,1,0,0,0,0,0,0,0,0,0,No,0,2,0,1,0,0,MELB_URBAN,MELB_URBAN,MELBOURNE,METROPOLITAN NORTH WEST REGION,2016,7,July,SOUTHBANK
145.08277403020602,-37.71023375399937,3445392,16/7/2016,14.11.00,No,Collision with vehicle,Friday,CROSS TRAFFIC(INTERSECTIONS ONLY),Day,145.08276999999998,-37.710229999999996,BANYULE,METROPOLITAN NORTH WEST REGION,2,1,0,0,1,1,2,0,1,0,1,0,0,0,0,0,0,0,1,0,No,0,2,0,1,0,0,MELB_URBAN,MELB_URBAN,BANYULE,METROPOLITAN NORTH WEST REGION,2016,7,July,WATSONIA
145.05352786707084,-38.222678293526734,3445406,29/6/2016,08.50.00,No,Collision with vehicle,Wednesday,LANE SIDE SWIPE (VEHICLES IN PARALLEL LANES),Day,145.05353,-38.22268,MORNINGTON PENINSULA,METROPOLITAN SOUTH EAST REGION,3,1,0,1,0,2,3,0,1,1,1,0,0,0,0,0,0,0,0,1,No,0,2,0,1,0,0,MELB_URBAN,MELB_URBAN,MORNINGTON PENINSULA,METROPOLITAN SOUTH EAST REGION,2016,6,June,MORNINGTON
145.05707737011738,-37.8892139952005,3445407,26/6/2016,12.11.00,No,Collision with vehicle,,RIGHT THROUGH,Day,145.05708,-37.88921,GLEN EIRA,METROPOLITAN SOUTH EAST REGION,2,1,0,0,1,1,1,1,1,0,1,0,0,0,0,0,0,0,0,0,No,0,2,0,1,0,0,MELB_URBAN,MELB_URBAN,GLEN EIRA,METROPOLITAN SOUTH EAST REGION,2016,6,June,CARNEGIE
145.03894604935363,-37.91114366633251,3445434,11/7/2016,15.45.00,No,Collision with vehicle,Monday,OTHER ADJACENT (INTERSECTIONS ONLY),Day,145.03895,-37.91114,GLEN EIRA,METROPOLITAN SOUTH EAST REGION,4,1,0,0,1,3,2,2,1,2,1,0,0,0,0,1,0,0,0,0,No,0,2,0,1,0,0,MELB_URBAN,MELB_URBAN,GLEN EIRA,METROPOLITAN SOUTH EAST REGION,2016,7,July,MCKINNON
145.0404212421236,-37.836887341193005,3445440,12/7/2016,08.45.00,No,Collision with vehicle,Monday,RIGHT THROUGH,Day,145.04041999999998,-37.836890000000004,BOROONDARA,METROPOLITAN SOUTH EAST REGION,2,1,0,1,0,1,2,0,1,0,1,0,0,0,0,0,0,0,0,0,No,0,2,0,1,0,0,MELB_URBAN,MELB_URBAN,BOROONDARA,METROPOLITAN SOUTH EAST REGION,2016,7,July,HAWTHORN
145.0461869516303,-37.823903633865534,3445471,5/7/2016,14.41.00,No,Collision with vehicle,Tuesday,VEHICLE OFF FOOTPATH STRIKES VEH ON CARRIAGEWAY,Day,145.04619,-37.8239,BOROONDARA,METROPOLITAN SOUTH EAST REGION,2,1,0,0,1,1,1,1,1,0,1,0,0,0,0,0,0,0,0,0,No,0,2,0,1,0,0,MELB_URBAN,MELB_URBAN,BOROONDARA,METROPOLITAN SOUTH EAST REGION,2016,7,July,HAWTHORN EAST
141.5931528653531,-38.36374850207138,3445474,5/7/2016,21.48.00,Yes,Collision with vehicle,Tuesday,RIGHT/LEFT. ONE VEH TURNING RIGHT THE OTHER LEFT.,Dark No street lights,141.59315,-38.36375,GLENELG,SOUTH WESTERN REGION,2,1,0,1,0,1,1,1,1,0,1,0,0,0,0,0,0,0,0,0,No,0,2,0,1,0,0,TOWNS,TOWNS,GLENELG,SOUTH WESTERN REGION,2016,7,July,PORTLAND
144.99004167920188,-37.83280476876285,3445490,12/7/2016,08.08.00,No,Collision with vehicle,Monday,RIGHT THROUGH,Day,144.99004,-37.8328,STONNINGTON,METROPOLITAN SOUTH EAST REGION,2,1,0,0,1,1,1,1,1,0,1,0,0,0,0,0,0,0,0,0,No,0,2,0,1,0,0,MELB_URBAN,MELB_URBAN,STONNINGTON,METROPOLITAN SOUTH EAST REGION,2016,7,July,SOUTH YARRA
145.98194302657916,-36.55209937042184,3445491,12/7/2016,13.30.00,No,Collision with vehicle,Monday,VEHICLE OFF FOOTPATH STRIKES VEH ON CARRIAGEWAY,Day,145.98193999999998,-36.5521,BENALLA,NORTH EASTERN REGION,2,1,0,0,1,1,0,2,1,0,1,0,0,0,0,0,1,0,0,0,No,0,2,0,1,0,0,TOWNS,TOWNS,BENALLA,NORTH EASTERN REGION,2016,7,July,BENALLA
144.8166691762946,-37.87366904294819,3445506,17/7/2016,10.00.00,Yes,Collision with vehicle,Sunday,LEAVING PARKING,Day,144.81667,-37.873670000000004,HOBSONS BAY,METROPOLITAN NORTH WEST REGION,2,1,0,0,1,1,2,0,1,0,1,0,0,0,0,0,0,0,1,0,No,0,2,0,1,0,0,MELB_URBAN,MELB_URBAN,HOBSONS BAY,METROPOLITAN NORTH WEST REGION,2016,7,July,ALTONA
144.94579940966102,-37.814768676585864,3445533,6/7/2016,08.30.00,No,Collision with vehicle,Wednesday,RIGHT THROUGH,Day,144.9458,-37.81477,MELBOURNE,METROPOLITAN NORTH WEST REGION,2,1,0,0,1,1,0,2,1,0,1,0,0,0,0,0,0,0,0,0,No,0,2,0,1,0,0,MELB_URBAN,MELB_URBAN,MELBOURNE,METROPOLITAN NORTH WEST REGION,2016,7,July,DOCKLANDS
144.9679562479694,-37.80838801555126,3445543,11/7/2016,18.15.00,Yes,Collision with vehicle,Sunday,RIGHT THROUGH,Dark Street lights on,144.96796,-37.80839,MELBOURNE,METROPOLITAN NORTH WEST REGION,2,1,0,0,1,1,1,1,1,0,1,0,0,0,0,0,0,0,0,0,No,0,2,0,1,0,0,MELBOURNE_CBD,"MELBOURNE_CBD,MELB_URBAN",MELBOURNE,METROPOLITAN NORTH WEST REGION,2016,7,July,MELBOURNE
144.8802100053785,-37.69932999645375,3445549,17/7/2016,08.00.00,Yes,Collision with vehicle,Sunday,CROSS TRAFFIC(INTERSECTIONS ONLY),Day,144.88021,-37.699329999999996,HUME,METROPOLITAN NORTH WEST REGION,2,1,0,0,1,1,2,0,1,0,1,0,0,0,0,0,0,0,0,0,No,0,2,0,1,0,0,MELB_URBAN,MELB_URBAN,HUME,METROPOLITAN NORTH WEST REGION,2016,7,July,TULLAMARINE
145.11314000404238,-37.848869998363476,3445553,17/7/2016,11.26.00,No,Collision with vehicle,Sunday,VEHICLE STRIKES ANOTHER VEH WHILE EMERGING FROM DRIVEWAY,Day,145.11314,-37.84887,WHITEHORSE,METROPOLITAN SOUTH EAST REGION,2,1,0,0,1,1,2,0,1,0,1,0,0,0,0,0,0,0,0,1,No,0,2,0,1,0,0,MELB_URBAN,MELB_URBAN,WHITEHORSE,METROPOLITAN SOUTH EAST REGION,2016,7,July,BURWOOD
144.97584106999324,-37.8370497593658,3445560,27/6/2016,08.45.00,No,Collision with vehicle,Monday,LANE CHANGE RIGHT (NOT OVERTAKING),Day,144.97583999999998,-37.83705,MELBOURNE,METROPOLITAN NORTH WEST REGION,3,1,0,1,0,2,1,0,2,0,1,0,0,0,0,0,0,0,0,0,No,0,3,0,1,0,0,MELB_URBAN,MELB_URBAN,"PORT PHILLIP,MELBOURNE",METROPOLITAN NORTH WEST REGION,2016,6,June,MELBOURNE
145.02426361851926,-37.91043552124853,3445592,6/7/2016,11.30.00,No,Collision with vehicle,Wednesday,VEHICLE OFF FOOTPATH STRIKES VEH ON CARRIAGEWAY,Day,145.02426,-37.91044,BAYSIDE,METROPOLITAN SOUTH EAST REGION,2,1,0,0,1,1,1,1,1,0,1,0,0,0,0,0,0,0,0,0,No,0,2,0,1,0,0,MELB_URBAN,MELB_URBAN,"GLEN EIRA,BAYSIDE",METROPOLITAN SOUTH EAST REGION,2016,7,July,BRIGHTON EAST