X,Y,OBJECTID,ACCIDENT_DATE,ACCIDENT_TIME,ALCOHOLTIME,ACCIDENT_TYPE,DAY_OF_WEEK,DCA_CODE,LIGHT_CONDITION,LONGITUDE,LATITUDE,LGA_NAME,REGION_NAME,TOTAL_PERSONS,INJ_OR_FATAL,FATALITY,SERIOUSINJURY,OTHERINJURY,NONINJURED,MALES,FEMALES,BICYCLIST,PASSENGER,DRIVER,PEDESTRIAN,PILLION,MOTORIST,UNKNOWN,PED_CYCLIST_5_12,PED_CYCLIST_13_18,OLD_PEDESTRIAN,OLD_DRIVER,YOUNG_DRIVER,ALCOHOL_RELATED,UNLICENCSED,NO_OF_VEHICLES,HEAVYVEHICLE,PASSENGERVEHICLE,MOTORCYCLE,PUBLICVEHICLE,DEG_URBAN_NAME,DEG_URBAN_ALL,LGA_NAME_ALL,REGION_NAME_ALL,Year,Month,Month_name,Suburb
144.74708002667904,-37.86696014088135,3445640,4/10/2015,03.34.00,Yes,Collision with vehicle,Sunday,VEHICLE COLLIDES WITH VEHICLE PARKED ON LEFT OF ROAD,Dark Street lights on,144.74708,-37.86696,WYNDHAM,METROPOLITAN NORTH WEST REGION,2,1,0,0,1,1,2,0,1,0,0,0,0,0,1,0,0,0,0,0,Yes,0,2,0,1,0,0,MELB_URBAN,MELB_URBAN,WYNDHAM,METROPOLITAN NORTH WEST REGION,2015,10,October,WILLIAMS LANDING
144.98825338368582,-37.79381036367438,3445641,24/6/2016,07.10.00,No,Collision with vehicle,Friday,LANE CHANGE LEFT (NOT OVERTAKING),Unk.,144.98825,-37.79381,YARRA,METROPOLITAN NORTH WEST REGION,2,1,0,0,1,1,2,0,1,0,1,0,0,0,0,0,0,0,0,0,No,0,2,0,1,0,0,MELB_URBAN,MELB_URBAN,YARRA,METROPOLITAN NORTH WEST REGION,2016,6,June,CLIFTON HILL
145.08262041308745,-37.73281044631201,3445642,28/6/2016,14.45.00,No,Collision with vehicle,Tuesday,VEHICLE STRIKES ANOTHER VEH WHILE EMERGING FROM DRIVEWAY,Day,145.08262,-37.73281,BANYULE,METROPOLITAN NORTH WEST REGION,2,1,0,0,1,1,2,0,1,0,1,0,0,0,0,0,0,0,1,0,No,0,2,0,1,0,0,MELB_URBAN,MELB_URBAN,BANYULE,METROPOLITAN NORTH WEST REGION,2016,6,June,YALLAMBIE
144.9743251544689,-37.80122203028319,3445654,1/7/2016,09.30.00,No,Other accident,Friday,OTHER ACCIDENTS NOT CLASSIFIABLE ELSEWHERE,Day,144.97433,-37.80122,MELBOURNE,METROPOLITAN NORTH WEST REGION,1,1,0,1,0,0,1,0,1,0,0,0,0,0,0,0,0,0,0,0,No,0,1,0,0,0,0,MELB_URBAN,MELB_URBAN,"YARRA,MELBOURNE",METROPOLITAN NORTH WEST REGION,2016,7,July,FITZROY
145.42449060563982,-38.1461121669013,3445669,1/7/2016,08.50.00,No,Collision with vehicle,Friday,REAR END(VEHICLES IN SAME LANE),Day,145.42449,-38.14611,CARDINIA,METROPOLITAN SOUTH EAST REGION,2,1,0,0,1,1,1,1,1,0,1,0,0,0,0,0,0,0,0,0,No,0,2,0,1,0,0,RURAL_VICTORIA,RURAL_VICTORIA,CARDINIA,METROPOLITAN SOUTH EAST REGION,2016,7,July,CARDINIA
144.96184608336492,-37.76867957414135,3445671,23/6/2016,07.20.00,No,Collision with vehicle,Thursday,LANE SIDE SWIPE (VEHICLES IN PARALLEL LANES),Day,144.96185,-37.768679999999996,MORELAND,METROPOLITAN NORTH WEST REGION,2,1,0,0,1,1,2,0,1,0,1,0,0,0,0,0,0,0,0,0,No,0,2,1,0,0,0,MELB_URBAN,MELB_URBAN,MORELAND,METROPOLITAN NORTH WEST REGION,2016,6,June,BRUNSWICK
144.9589805338029,-37.788170044985335,3445675,26/6/2016,15.30.00,No,Collision with vehicle,Sunday,VEHICLE STRIKES DOOR OF PARKED/STATIONARY VEHICLE,Day,144.95898,-37.78817,MELBOURNE,METROPOLITAN NORTH WEST REGION,2,1,0,0,1,1,1,1,1,0,1,0,0,0,0,0,0,0,0,0,No,0,2,0,1,0,0,MELB_URBAN,MELB_URBAN,MELBOURNE,METROPOLITAN NORTH WEST REGION,2016,6,June,PARKVILLE
145.0317843792681,-37.95507578809066,3445680,7/7/2016,08.06.00,No,Collision with vehicle,Thursday,OTHER ADJACENT (INTERSECTIONS ONLY),Day,145.03178,-37.95508,BAYSIDE,METROPOLITAN SOUTH EAST REGION,2,1,0,0,1,1,1,1,1,0,1,0,0,0,0,0,0,0,0,0,No,0,2,0,1,0,0,MELB_URBAN,MELB_URBAN,BAYSIDE,METROPOLITAN SOUTH EAST REGION,2016,7,July,CHELTENHAM
144.34625829362497,-38.17173887116871,3445703,18/7/2016,09.30.00,No,Vehicle overturned (no collision),Monday,OFF CARRIAGEWAY TO LEFT,Day,144.34626,-38.17174,GEELONG,SOUTH WESTERN REGION,1,1,0,1,0,0,1,0,1,0,0,0,0,0,0,0,0,0,0,0,No,0,1,0,0,0,0,LARGE_PROVINCIAL_CITIES,LARGE_PROVINCIAL_CITIES,GEELONG,SOUTH WESTERN REGION,2016,7,July,BELMONT
144.98095721011458,-37.87028523343029,3445728,1/7/2016,16.15.00,Yes,Collision with vehicle,Friday,LEAVING PARKING,Day,144.98096,-37.870290000000004,PORT PHILLIP,METROPOLITAN NORTH WEST REGION,2,1,0,0,1,1,1,0,1,0,1,0,0,0,0,0,0,0,0,1,No,0,2,0,1,0,0,MELB_URBAN,MELB_URBAN,PORT PHILLIP,METROPOLITAN NORTH WEST REGION,2016,7,July,ST KILDA
144.95625225289967,-37.803785018875686,3445729,7/7/2016,10.45.00,No,Collision with vehicle,Wednesday,REAR END(VEHICLES IN SAME LANE),Day,144.95625,-37.80379,MELBOURNE,METROPOLITAN NORTH WEST REGION,2,1,0,0,1,1,1,0,1,0,1,0,0,0,0,0,0,0,0,0,No,0,2,0,1,0,0,MELB_URBAN,MELB_URBAN,MELBOURNE,METROPOLITAN NORTH WEST REGION,2016,7,July,NORTH MELBOURNE
144.99800798171518,-37.798000957141795,3445737,6/7/2016,18.05.00,Yes,Collision with vehicle,Wednesday,ENTERING PARKING,Dark Street lights on,144.99801000000002,-37.798,YARRA,METROPOLITAN NORTH WEST REGION,2,1,0,0,1,1,2,0,1,0,1,0,0,0,0,0,0,0,0,1,No,0,2,0,1,0,0,MELB_URBAN,MELB_URBAN,YARRA,METROPOLITAN NORTH WEST REGION,2016,7,July,ABBOTSFORD
144.9910296062019,-37.88026663485439,3445780,2/7/2016,08.30.00,No,Collision with vehicle,Saturday,CROSS TRAFFIC(INTERSECTIONS ONLY),Day,144.99103,-37.88027,PORT PHILLIP,METROPOLITAN NORTH WEST REGION,2,1,0,0,1,1,0,2,1,0,1,0,0,0,0,0,0,0,0,0,No,0,2,0,1,0,0,MELB_URBAN,MELB_URBAN,PORT PHILLIP,METROPOLITAN NORTH WEST REGION,2016,7,July,ELWOOD
144.97547999256173,-37.78240500152105,3445790,7/7/2016,18.30.00,Yes,Collision with vehicle,Thursday,LEFT NEAR (INTERSECTIONS ONLY),Dark Street lights unknown,144.97548,-37.78241,YARRA,METROPOLITAN NORTH WEST REGION,2,1,0,0,1,1,2,0,1,0,1,0,0,0,0,0,0,0,0,0,No,0,2,0,1,0,0,MELB_URBAN,MELB_URBAN,YARRA,METROPOLITAN NORTH WEST REGION,2016,7,July,CARLTON NORTH
144.99365280485227,-37.81118665018965,3445792,30/6/2016,18.30.00,Yes,Collision with vehicle,Thursday,REAR END(VEHICLES IN SAME LANE),Dark Street lights on,144.99365,-37.81119,YARRA,METROPOLITAN NORTH WEST REGION,2,1,0,0,1,1,2,0,1,0,1,0,0,0,0,0,0,0,0,0,No,0,2,0,1,0,0,MELB_URBAN,MELB_URBAN,YARRA,METROPOLITAN NORTH WEST REGION,2016,6,June,RICHMOND
144.9609793245606,-37.77383024771958,3445805,22/4/2016,11.20.00,No,Collision with vehicle,Friday,RIGHT NEAR (INTERSECTIONS ONLY),Day,144.96098,-37.77383,MORELAND,METROPOLITAN NORTH WEST REGION,5,1,0,0,1,4,3,2,1,3,1,0,0,0,0,0,0,0,0,0,No,0,2,0,1,0,0,MELB_URBAN,MELB_URBAN,MORELAND,METROPOLITAN NORTH WEST REGION,2016,4,April,BRUNSWICK
144.99059809649245,-37.86701976999253,3445828,1/7/2016,13.10.00,No,Collision with vehicle,Friday,LANE CHANGE LEFT (NOT OVERTAKING),Day,144.9906,-37.867020000000004,PORT PHILLIP,METROPOLITAN NORTH WEST REGION,2,2,0,0,2,0,2,0,1,0,1,0,0,0,0,0,0,0,0,0,No,0,2,0,1,0,0,MELB_URBAN,MELB_URBAN,PORT PHILLIP,METROPOLITAN NORTH WEST REGION,2016,7,July,ST KILDA
144.95392139298437,-37.812466237262534,3445844,8/7/2016,07.10.00,No,Struck Pedestrian,Friday,PED NEAR SIDE. PED HIT BY VEHICLE FROM THE RIGHT.,Day,144.95391999999998,-37.812470000000005,MELBOURNE,METROPOLITAN NORTH WEST REGION,2,2,0,0,2,0,1,1,1,0,0,1,0,0,0,0,0,1,0,0,No,0,1,0,0,0,0,MELBOURNE_CBD,"MELBOURNE_CBD,MELB_URBAN",MELBOURNE,METROPOLITAN NORTH WEST REGION,2016,7,July,MELBOURNE
145.03085415780347,-37.74100626899089,3445847,30/6/2016,16.30.00,No,Collision with vehicle,Thursday,REAR END(VEHICLES IN SAME LANE),Dusk/Dawn,145.03085,-37.741009999999996,DAREBIN,METROPOLITAN NORTH WEST REGION,2,1,0,0,1,1,1,0,1,0,0,0,0,0,1,0,0,0,0,0,No,0,2,0,0,0,0,MELB_URBAN,MELB_URBAN,DAREBIN,METROPOLITAN NORTH WEST REGION,2016,6,June,PRESTON
145.02044549805268,-37.80045223094368,3445852,12/7/2016,18.30.00,Yes,Collision with vehicle,Tuesday,RIGHT NEAR (INTERSECTIONS ONLY),Dark No street lights,145.02045,-37.80045,BOROONDARA,METROPOLITAN SOUTH EAST REGION,2,1,0,0,1,1,1,1,1,0,1,0,0,0,0,0,0,0,0,0,No,0,2,0,1,0,0,MELB_URBAN,MELB_URBAN,BOROONDARA,METROPOLITAN SOUTH EAST REGION,2016,7,July,KEW
144.98718618858106,-37.800164082719306,3445860,9/7/2016,19.30.00,Yes,Collision with vehicle,Saturday,RIGHT THROUGH,Unk.,144.98719,-37.80016,YARRA,METROPOLITAN NORTH WEST REGION,2,1,0,1,0,1,2,0,1,0,1,0,0,0,0,0,0,0,0,0,No,0,2,0,1,0,0,MELB_URBAN,MELB_URBAN,YARRA,METROPOLITAN NORTH WEST REGION,2016,7,July,COLLINGWOOD
144.81079939384267,-37.7401999312805,3445862,14/5/2016,19.30.00,Yes,collision with some other object,Saturday,LEFT OFF CARRIAGEWAY INTO OBJECT/PARKED VEHICLE,Dark Street lights unknown,144.8108,-37.7402,BRIMBANK,METROPOLITAN NORTH WEST REGION,3,1,0,1,0,2,1,0,1,0,0,0,0,0,2,0,0,0,0,0,No,0,3,0,0,0,0,MELB_URBAN,MELB_URBAN,BRIMBANK,METROPOLITAN NORTH WEST REGION,2016,5,May,ST ALBANS
145.22500342057285,-37.875270803614065,3445878,3/7/2016,10.50.00,No,Collision with vehicle,Sunday,RIGHT NEAR (INTERSECTIONS ONLY),Day,145.225,-37.87527,KNOX,METROPOLITAN SOUTH EAST REGION,2,1,0,0,1,1,1,1,1,0,1,0,0,0,0,0,0,0,0,0,No,0,2,0,1,0,0,MELB_URBAN,MELB_URBAN,KNOX,METROPOLITAN SOUTH EAST REGION,2016,7,July,WANTIRNA SOUTH
145.03314048262786,-37.993739297281216,3445882,3/7/2016,13.00.00,No,Collision with vehicle,Sunday,RIGHT THROUGH,Day,145.03314,-37.99374,BAYSIDE,METROPOLITAN SOUTH EAST REGION,2,1,0,0,1,1,2,0,1,0,1,0,0,0,0,0,0,0,0,1,No,0,2,0,1,0,0,MELB_URBAN,MELB_URBAN,BAYSIDE,METROPOLITAN SOUTH EAST REGION,2016,7,July,BEAUMARIS
144.99047019164385,-37.77206435282361,3445901,9/9/2016,08.15.00,No,Collision with vehicle,Friday,U TURN,Day,144.99047,-37.772059999999996,DAREBIN,METROPOLITAN NORTH WEST REGION,2,1,0,0,1,1,1,1,1,0,1,0,0,0,0,0,0,0,0,0,No,0,2,0,1,0,0,MELB_URBAN,MELB_URBAN,DAREBIN,METROPOLITAN NORTH WEST REGION,2016,9,September,NORTHCOTE
142.48271632561105,-38.380812017093,3445909,15/8/2016,17.30.00,Yes,Collision with vehicle,Sunday,CROSS TRAFFIC(INTERSECTIONS ONLY),Dusk/Dawn,142.48272,-38.38081,WARRNAMBOOL,SOUTH WESTERN REGION,2,1,0,0,1,1,1,1,1,0,1,0,0,0,0,0,0,0,0,0,No,0,2,0,1,0,0,SMALL_CITIES,SMALL_CITIES,WARRNAMBOOL,SOUTH WESTERN REGION,2016,8,August,WARRNAMBOOL
144.90221912757224,-37.85944222143383,3445923,15/9/2016,07.15.00,No,Collision with vehicle,Thursday,RIGHT NEAR (INTERSECTIONS ONLY),Day,144.90222,-37.85944,HOBSONS BAY,METROPOLITAN NORTH WEST REGION,2,1,0,0,1,1,1,1,1,0,1,0,0,0,0,0,0,0,0,0,No,0,2,0,1,0,0,MELB_URBAN,MELB_URBAN,HOBSONS BAY,METROPOLITAN NORTH WEST REGION,2016,9,September,WILLIAMSTOWN
144.9764781422224,-37.78899977442469,3445927,12/9/2016,22.30.00,Yes,Collision with vehicle,Monday,VEHICLE STRIKES DOOR OF PARKED/STATIONARY VEHICLE,Dark Street lights on,144.97648,-37.789,YARRA,METROPOLITAN NORTH WEST REGION,2,1,0,1,0,1,2,0,1,0,1,0,0,0,0,0,0,0,0,0,No,0,2,0,1,0,0,MELB_URBAN,MELB_URBAN,YARRA,METROPOLITAN NORTH WEST REGION,2016,9,September,FITZROY NORTH
142.165879065685,-34.19074567967556,3445954,9/9/2016,12.33.00,No,Collision with vehicle,Friday,CROSS TRAFFIC(INTERSECTIONS ONLY),Day,142.16588000000002,-34.19075,MILDURA,WESTERN REGION,2,1,0,0,1,1,2,0,1,0,1,0,0,0,0,0,0,0,0,0,No,0,2,0,1,0,0,SMALL_CITIES,SMALL_CITIES,MILDURA,WESTERN REGION,2016,9,September,MILDURA
145.0371501291329,-37.944479330738176,3446007,9/9/2016,15.40.00,No,Collision with vehicle,Friday,VEHICLE OFF FOOTPATH STRIKES VEH ON CARRIAGEWAY,Day,145.03715,-37.94448,BAYSIDE,METROPOLITAN SOUTH EAST REGION,2,1,0,0,1,1,2,0,1,0,1,0,0,0,0,1,0,0,0,0,No,0,2,0,1,0,0,MELB_URBAN,MELB_URBAN,BAYSIDE,METROPOLITAN SOUTH EAST REGION,2016,9,September,HAMPTON EAST
144.97637046059356,-37.81195729272685,3446038,19/9/2016,14.00.00,No,Collision with vehicle,Monday,VEHICLE STRIKES DOOR OF PARKED/STATIONARY VEHICLE,Day,144.97637,-37.81196,MELBOURNE,METROPOLITAN NORTH WEST REGION,2,1,0,0,1,1,2,0,1,0,1,0,0,0,0,0,0,0,0,0,No,0,2,0,1,0,0,MELB_URBAN,MELB_URBAN,MELBOURNE,METROPOLITAN NORTH WEST REGION,2016,9,September,EAST MELBOURNE
145.0085753165529,-37.81787539506632,3446047,5/9/2016,08.50.00,No,Collision with vehicle,Monday,LEFT TURN SIDESWIPE,Day,145.00858,-37.81788,YARRA,METROPOLITAN NORTH WEST REGION,3,2,0,0,2,1,2,0,2,0,0,0,0,0,1,0,0,0,0,0,No,0,3,0,0,0,0,MELB_URBAN,MELB_URBAN,YARRA,METROPOLITAN NORTH WEST REGION,2016,9,September,RICHMOND
144.96224472242213,-37.76634050408962,3446075,5/8/2016,18.45.00,Yes,Collision with vehicle,Friday,VEHICLE STRIKES DOOR OF PARKED/STATIONARY VEHICLE,Dark Street lights on,144.96223999999998,-37.76634,MORELAND,METROPOLITAN NORTH WEST REGION,3,1,0,0,1,2,2,1,1,1,1,0,0,0,0,0,0,0,0,0,No,0,2,0,1,0,0,MELB_URBAN,MELB_URBAN,MORELAND,METROPOLITAN NORTH WEST REGION,2016,8,August,BRUNSWICK
145.0298490354706,-37.928140595788534,3446100,29/8/2016,17.10.00,No,Struck Pedestrian,Monday,VEH STRIKES PED ON FOOTPATH/MEDIAN/TRAFFIC ISLAND.,Unk.,145.02985,-37.92814,GLEN EIRA,METROPOLITAN SOUTH EAST REGION,2,1,0,1,0,1,1,1,1,0,0,1,0,0,0,0,0,0,0,0,No,0,1,0,0,0,0,MELB_URBAN,MELB_URBAN,GLEN EIRA,METROPOLITAN SOUTH EAST REGION,2016,8,August,BENTLEIGH
144.98884000050725,-37.82463000045568,3446108,5/9/2016,09.42.00,No,Collision with vehicle,Monday,LANE SIDE SWIPE (VEHICLES IN PARALLEL LANES),Day,144.98883999999998,-37.82463,MELBOURNE,METROPOLITAN NORTH WEST REGION,2,1,0,0,1,1,2,0,1,0,1,0,0,0,0,0,0,0,0,0,No,0,2,0,1,0,0,MELB_URBAN,MELB_URBAN,"YARRA,MELBOURNE",METROPOLITAN NORTH WEST REGION,2016,9,September,CREMORNE
144.99704359142171,-37.779110741348966,3446120,16/9/2016,15.00.00,No,No collision and no object struck,Thursday,OUT OF CONTROL ON CARRIAGEWAY (ON STRAIGHT),Day,144.99704,-37.779109999999996,DAREBIN,METROPOLITAN NORTH WEST REGION,1,1,0,0,1,0,1,0,1,0,0,0,0,0,0,0,0,0,0,0,No,0,1,0,0,0,0,MELB_URBAN,MELB_URBAN,DAREBIN,METROPOLITAN NORTH WEST REGION,2016,9,September,NORTHCOTE
145.06046385578145,-37.98901929006881,3446129,17/9/2016,08.20.00,No,Collision with vehicle,Friday,LEFT TURN SIDESWIPE,Day,145.06046,-37.989020000000004,KINGSTON,METROPOLITAN SOUTH EAST REGION,2,1,0,0,1,1,1,1,1,0,1,0,0,0,0,0,0,0,0,1,No,0,2,0,1,0,0,MELB_URBAN,MELB_URBAN,KINGSTON,METROPOLITAN SOUTH EAST REGION,2016,9,September,MENTONE
145.02289077553516,-37.71151560434815,3446151,5/9/2016,19.54.00,Yes,Collision with vehicle,Sunday,CROSS TRAFFIC(INTERSECTIONS ONLY),Dark Street lights on,145.02289,-37.71152,DAREBIN,METROPOLITAN NORTH WEST REGION,2,1,0,0,1,1,1,1,1,0,1,0,0,0,0,0,0,0,0,0,No,0,2,0,1,0,0,MELB_URBAN,MELB_URBAN,DAREBIN,METROPOLITAN NORTH WEST REGION,2016,9,September,RESERVOIR
144.9030495328664,-37.870469476552856,3446172,17/9/2016,08.30.00,No,Collision with vehicle,Saturday,LANE SIDE SWIPE (VEHICLES IN PARALLEL LANES),Day,144.90305,-37.870470000000005,HOBSONS BAY,METROPOLITAN NORTH WEST REGION,2,1,0,0,1,1,1,1,1,0,1,0,0,0,0,0,0,0,0,0,No,0,2,0,1,0,0,MELB_URBAN,MELB_URBAN,HOBSONS BAY,METROPOLITAN NORTH WEST REGION,2016,9,September,WILLIAMSTOWN
145.02399267572426,-37.895425617474,3446173,17/9/2016,07.10.00,Yes,Collision with vehicle,Saturday,CROSS TRAFFIC(INTERSECTIONS ONLY),Dusk/Dawn,145.02399,-37.89543,GLEN EIRA,METROPOLITAN SOUTH EAST REGION,2,1,0,1,0,1,2,0,1,0,1,0,0,0,0,0,0,0,0,0,No,0,2,0,1,0,0,MELB_URBAN,MELB_URBAN,GLEN EIRA,METROPOLITAN SOUTH EAST REGION,2016,9,September,CAULFIELD SOUTH
145.01110309974277,-37.96080225761737,3446176,17/9/2016,11.30.00,No,Vehicle overturned (no collision),Saturday,OUT OF CONTROL ON CARRIAGEWAY (ON STRAIGHT),Day,145.0111,-37.9608,BAYSIDE,METROPOLITAN SOUTH EAST REGION,4,1,0,1,0,3,0,4,2,0,2,0,0,0,0,0,0,0,0,0,No,0,4,0,2,0,0,MELB_URBAN,MELB_URBAN,BAYSIDE,METROPOLITAN SOUTH EAST REGION,2016,9,September,SANDRINGHAM
144.92834103914743,-37.73037375929557,3446184,31/8/2016,07.55.00,No,Collision with vehicle,Tuesday,CROSS TRAFFIC(INTERSECTIONS ONLY),Day,144.92834,-37.73037,MORELAND,METROPOLITAN NORTH WEST REGION,2,1,0,0,1,1,2,0,1,0,1,0,0,0,0,0,0,0,0,0,No,0,2,0,1,0,0,MELB_URBAN,MELB_URBAN,MORELAND,METROPOLITAN NORTH WEST REGION,2016,8,August,PASCOE VALE
144.9872500109329,-37.81660993469525,3446195,25/8/2016,09.28.00,No,No collision and no object struck,Thursday,OUT OF CONTROL ON CARRIAGEWAY (ON STRAIGHT),Day,144.98725,-37.81661,MELBOURNE,METROPOLITAN NORTH WEST REGION,1,1,0,0,1,0,1,0,1,0,0,0,0,0,0,0,0,0,0,0,No,0,1,0,0,0,0,MELB_URBAN,MELB_URBAN,MELBOURNE,METROPOLITAN NORTH WEST REGION,2016,8,August,EAST MELBOURNE
144.7275163866327,-37.57503814712564,3446259,6/9/2016,18.12.00,Yes,Collision with vehicle,Tuesday,CROSS TRAFFIC(INTERSECTIONS ONLY),Dusk/Dawn,144.72752,-37.57504,HUME,METROPOLITAN NORTH WEST REGION,2,1,0,0,1,1,2,0,1,0,1,0,0,0,0,0,0,0,0,0,No,0,2,0,1,0,0,SMALL_CITIES,SMALL_CITIES,HUME,METROPOLITAN NORTH WEST REGION,2016,9,September,SUNBURY
145.1175288958489,-38.055852180218785,3446280,17/9/2016,10.45.00,No,Collision with vehicle,Friday,LANE SIDE SWIPE (VEHICLES IN PARALLEL LANES),Day,145.11753000000002,-38.05585,KINGSTON,METROPOLITAN SOUTH EAST REGION,2,1,0,0,1,1,2,0,1,0,1,0,0,0,0,0,0,0,0,0,No,0,2,0,1,0,0,MELB_URBAN,MELB_URBAN,KINGSTON,METROPOLITAN SOUTH EAST REGION,2016,9,September,CHELSEA
145.18827593249242,-37.87686080830801,3446299,31/8/2016,14.00.00,No,Collision with vehicle,Wednesday,VEHICLE STRIKES ANOTHER VEH WHILE EMERGING FROM DRIVEWAY,Day,145.18828,-37.87686,MONASH,METROPOLITAN SOUTH EAST REGION,2,1,0,0,1,1,2,0,1,0,1,0,0,0,0,0,0,0,0,0,No,0,2,0,1,0,0,MELB_URBAN,MELB_URBAN,MONASH,METROPOLITAN SOUTH EAST REGION,2016,8,August,GLEN WAVERLEY
144.73124887544782,-37.570599655458686,3446302,6/9/2016,19.55.00,Yes,Collision with vehicle,Tuesday,OTHER OPPOSING MANOEUVRES NOT INCLUDED IN DCAs 120-125.,Dark Street lights on,144.73125,-37.5706,HUME,METROPOLITAN NORTH WEST REGION,2,1,0,0,1,1,1,1,1,0,1,0,0,0,0,0,0,0,0,0,No,0,2,0,1,0,0,SMALL_CITIES,SMALL_CITIES,HUME,METROPOLITAN NORTH WEST REGION,2016,9,September,SUNBURY
144.80555917059132,-37.77416404437443,3446303,6/9/2016,15.38.00,No,No collision and no object struck,Tuesday,OFF CARRIAGEWAY TO LEFT,Day,144.80556,-37.774159999999995,BRIMBANK,METROPOLITAN NORTH WEST REGION,1,1,0,1,0,0,1,0,1,0,0,0,0,0,0,0,0,0,0,0,Yes,0,1,0,0,0,0,MELB_URBAN,MELB_URBAN,BRIMBANK,METROPOLITAN NORTH WEST REGION,2016,9,September,ARDEER
144.3586549218887,-38.06660544848357,3446325,12/9/2016,13.20.00,No,Collision with vehicle,Sunday,CROSS TRAFFIC(INTERSECTIONS ONLY),Day,144.35865,-38.06661,GEELONG,SOUTH WESTERN REGION,3,1,0,0,1,2,1,2,1,1,1,0,0,0,0,0,0,0,0,0,No,0,2,0,1,0,0,LARGE_PROVINCIAL_CITIES,"RURAL_VICTORIA,LARGE_PROVINCIAL_CITIES",GEELONG,SOUTH WESTERN REGION,2016,9,September,CORIO
144.90398621175154,-37.79669372376932,3446341,1/9/2016,07.36.00,No,Collision with vehicle,Thursday,TWO RIGHT TURNING (INTERSECTIONS ONLY),Day,144.90399,-37.796690000000005,MARIBYRNONG,METROPOLITAN NORTH WEST REGION,2,1,0,0,1,1,1,1,1,0,1,0,0,0,0,0,0,0,0,0,No,0,2,0,1,0,0,MELB_URBAN,MELB_URBAN,MARIBYRNONG,METROPOLITAN NORTH WEST REGION,2016,9,September,FOOTSCRAY
144.9976697972554,-37.78114816161851,3446382,19/9/2016,08.00.00,No,Collision with vehicle,Monday,RIGHT THROUGH,Day,144.99767,-37.78115,DAREBIN,METROPOLITAN NORTH WEST REGION,2,2,0,1,1,0,1,1,1,0,1,0,0,0,0,0,0,0,0,0,No,0,2,0,1,0,0,MELB_URBAN,MELB_URBAN,DAREBIN,METROPOLITAN NORTH WEST REGION,2016,9,September,NORTHCOTE
145.27527913457624,-37.78679861525958,3446386,19/9/2016,08.55.00,No,Collision with vehicle,Monday,OTHER ADJACENT (INTERSECTIONS ONLY),Day,145.27528,-37.7868,MAROONDAH,METROPOLITAN SOUTH EAST REGION,2,1,0,1,0,1,2,0,1,0,1,0,0,0,0,0,0,0,0,0,No,0,2,0,1,0,0,MELB_URBAN,MELB_URBAN,MAROONDAH,METROPOLITAN SOUTH EAST REGION,2016,9,September,CROYDON
145.01071464329314,-37.75443832243436,3446394,1/9/2016,14.21.00,No,Collision with vehicle,Thursday,CROSS TRAFFIC(INTERSECTIONS ONLY),Day,145.01071000000002,-37.75444,DAREBIN,METROPOLITAN NORTH WEST REGION,2,1,0,1,0,1,2,0,1,0,1,0,0,0,0,0,0,0,0,0,No,0,2,0,1,0,0,MELB_URBAN,MELB_URBAN,DAREBIN,METROPOLITAN NORTH WEST REGION,2016,9,September,THORNBURY
144.74557975164106,-37.839311879332854,3446409,7/9/2016,17.26.00,No,Vehicle overturned (no collision),Wednesday,OUT OF CONTROL ON CARRIAGEWAY (ON STRAIGHT),Day,144.74558000000002,-37.83931,WYNDHAM,METROPOLITAN NORTH WEST REGION,1,1,0,0,1,0,1,0,1,0,0,0,0,0,0,0,0,0,0,0,No,0,1,0,0,0,0,RURAL_VICTORIA,RURAL_VICTORIA,WYNDHAM,METROPOLITAN NORTH WEST REGION,2016,9,September,TRUGANINA
144.92573138055303,-37.75378509939447,3446424,12/9/2016,19.20.00,Yes,Collision with vehicle,Monday,RIGHT THROUGH,Dark Street lights on,144.92573000000002,-37.75379,MOONEE VALLEY,METROPOLITAN NORTH WEST REGION,2,1,0,0,1,1,1,1,1,0,1,0,0,0,0,0,0,0,0,0,No,0,2,0,1,0,0,MELB_URBAN,MELB_URBAN,MOONEE VALLEY,METROPOLITAN NORTH WEST REGION,2016,9,September,ESSENDON
144.989190831545,-37.822560091574786,3446449,1/9/2016,02.40.00,Yes,Collision with vehicle,Thursday,REAR END(VEHICLES IN SAME LANE),Dark Street lights on,144.98918999999998,-37.822559999999996,MELBOURNE,METROPOLITAN NORTH WEST REGION,2,1,0,0,1,1,0,1,1,0,0,0,0,0,1,0,0,0,0,0,No,0,2,0,0,0,0,MELB_URBAN,MELB_URBAN,"YARRA,MELBOURNE",METROPOLITAN NORTH WEST REGION,2016,9,September,EAST MELBOURNE
144.99814293234235,-37.773600378799145,3446475,10/9/2016,16.45.00,Yes,Collision with vehicle,Saturday,VEHICLE OFF FOOTPATH STRIKES VEH ON CARRIAGEWAY,Day,144.99813999999998,-37.7736,DAREBIN,METROPOLITAN NORTH WEST REGION,2,1,0,0,1,1,0,2,1,0,1,0,0,0,0,0,0,0,1,0,No,0,2,0,1,0,0,MELB_URBAN,MELB_URBAN,DAREBIN,METROPOLITAN NORTH WEST REGION,2016,9,September,NORTHCOTE