X,Y,OBJECTID,ACCIDENT_DATE,ACCIDENT_TIME,ALCOHOLTIME,ACCIDENT_TYPE,DAY_OF_WEEK,DCA_CODE,LIGHT_CONDITION,LONGITUDE,LATITUDE,LGA_NAME,REGION_NAME,TOTAL_PERSONS,INJ_OR_FATAL,FATALITY,SERIOUSINJURY,OTHERINJURY,NONINJURED,MALES,FEMALES,BICYCLIST,PASSENGER,DRIVER,PEDESTRIAN,PILLION,MOTORIST,UNKNOWN,PED_CYCLIST_5_12,PED_CYCLIST_13_18,OLD_PEDESTRIAN,OLD_DRIVER,YOUNG_DRIVER,ALCOHOL_RELATED,UNLICENCSED,NO_OF_VEHICLES,HEAVYVEHICLE,PASSENGERVEHICLE,MOTORCYCLE,PUBLICVEHICLE,DEG_URBAN_NAME,DEG_URBAN_ALL,LGA_NAME_ALL,REGION_NAME_ALL,Year,Month,Month_name,Suburb
145.00272272370572,-37.89935941867541,3448775,11/10/2016,09.40.00,No,Collision with vehicle,Tuesday,CROSS TRAFFIC(INTERSECTIONS ONLY),Day,145.00271999999998,-37.899359999999994,BAYSIDE,METROPOLITAN SOUTH EAST REGION,2,1,0,0,1,1,1,1,1,0,1,0,0,0,0,0,0,0,0,0,No,0,2,0,1,0,0,MELB_URBAN,MELB_URBAN,BAYSIDE,METROPOLITAN SOUTH EAST REGION,2016,10,October,BRIGHTON
145.0014434645911,-37.81879420193479,3448817,6/10/2016,13.30.00,No,Collision with vehicle,Wednesday,LANE CHANGE LEFT (NOT OVERTAKING),Day,145.00144,-37.81879,YARRA,METROPOLITAN NORTH WEST REGION,2,1,0,0,1,1,0,2,1,0,1,0,0,0,0,0,0,0,0,0,No,0,2,0,1,0,0,MELB_URBAN,MELB_URBAN,YARRA,METROPOLITAN NORTH WEST REGION,2016,10,October,RICHMOND
144.98466581544486,-37.82929517605831,3448827,10/10/2016,08.30.00,Yes,No collision and no object struck,Sunday,OUT OF CONTROL ON CARRIAGEWAY (ON STRAIGHT),Day,144.98467,-37.8293,MELBOURNE,METROPOLITAN NORTH WEST REGION,2,1,0,1,0,1,1,1,1,0,1,0,0,0,0,0,0,0,0,0,No,0,2,0,1,0,0,MELB_URBAN,MELB_URBAN,MELBOURNE,METROPOLITAN NORTH WEST REGION,2016,10,October,SOUTH YARRA
144.95674044375343,-37.79962744471247,3448836,12/10/2016,10.15.00,No,Collision with vehicle,Tuesday,VEHICLE STRIKES DOOR OF PARKED/STATIONARY VEHICLE,Day,144.95674,-37.79963,MELBOURNE,METROPOLITAN NORTH WEST REGION,2,1,0,0,1,1,1,1,1,1,0,0,0,0,0,0,0,0,0,0,No,0,2,0,1,0,0,MELB_URBAN,MELB_URBAN,MELBOURNE,METROPOLITAN NORTH WEST REGION,2016,10,October,MELBOURNE
144.96849250617038,-37.819749281708994,3448840,24/9/2016,12.00.00,No,Collision with vehicle,Saturday,VEHICLE OFF FOOTPATH STRIKES VEH ON CARRIAGEWAY,Day,144.96849,-37.81975,MELBOURNE,METROPOLITAN NORTH WEST REGION,2,1,0,0,1,1,1,0,1,0,1,0,0,0,0,0,0,0,0,0,No,0,2,0,1,0,0,MELB_URBAN,MELB_URBAN,MELBOURNE,METROPOLITAN NORTH WEST REGION,2016,9,September,SOUTHBANK
144.99470040535093,-37.84405210487241,3448841,31/8/2016,17.45.00,No,Collision with vehicle,Tuesday,RIGHT THROUGH,Day,144.9947,-37.84405,STONNINGTON,METROPOLITAN SOUTH EAST REGION,2,1,0,0,1,1,2,0,1,0,1,0,0,0,0,0,0,0,0,1,No,0,2,0,1,0,0,MELB_URBAN,MELB_URBAN,STONNINGTON,METROPOLITAN SOUTH EAST REGION,2016,8,August,SOUTH YARRA
144.96802820746055,-37.81505614016972,3448852,29/9/2016,20.50.00,Yes,Collision with vehicle,Thursday,VEHICLE STRIKES DOOR OF PARKED/STATIONARY VEHICLE,Unk.,144.96803,-37.815059999999995,MELBOURNE,METROPOLITAN NORTH WEST REGION,3,1,0,0,1,2,1,1,1,0,0,0,0,0,2,0,0,0,0,0,No,0,2,0,0,0,0,MELBOURNE_CBD,MELBOURNE_CBD,MELBOURNE,METROPOLITAN NORTH WEST REGION,2016,9,September,MELBOURNE
144.967960513311,-37.8106211061503,3448855,20/9/2016,08.30.00,No,Collision with vehicle,Tuesday,RIGHT THROUGH,Day,144.96796,-37.81062,MELBOURNE,METROPOLITAN NORTH WEST REGION,2,1,0,0,1,1,1,1,1,0,1,0,0,0,0,0,0,0,0,0,No,0,2,0,1,0,0,MELBOURNE_CBD,MELBOURNE_CBD,MELBOURNE,METROPOLITAN NORTH WEST REGION,2016,9,September,MELBOURNE
144.96152377149323,-37.770560406202634,3448856,30/9/2016,11.10.00,No,Collision with vehicle,Friday,VEHICLE STRIKES DOOR OF PARKED/STATIONARY VEHICLE,Day,144.96152,-37.770559999999996,MORELAND,METROPOLITAN NORTH WEST REGION,2,1,0,0,1,1,1,1,1,0,1,0,0,0,0,0,0,0,0,0,No,0,2,0,1,0,0,MELB_URBAN,MELB_URBAN,MORELAND,METROPOLITAN NORTH WEST REGION,2016,9,September,BRUNSWICK
144.70902384737698,-37.93960773374397,3448861,30/9/2016,13.40.00,No,No collision and no object struck,Friday,OFF CARRIAGEWAY ON LEFT BEND,Day,144.70902,-37.939609999999995,WYNDHAM,METROPOLITAN NORTH WEST REGION,1,1,0,1,0,0,1,0,1,0,0,0,0,0,0,0,0,0,0,0,No,0,1,0,0,0,0,RURAL_VICTORIA,RURAL_VICTORIA,WYNDHAM,METROPOLITAN NORTH WEST REGION,2016,9,September,WERRIBEE SOUTH
145.13266120609214,-37.692598873525526,3448865,6/10/2016,15.15.00,No,Collision with vehicle,Wednesday,VEHICLE OFF FOOTPATH STRIKES VEH ON CARRIAGEWAY,Day,145.13266000000002,-37.6926,BANYULE,METROPOLITAN NORTH WEST REGION,2,1,0,0,1,1,2,0,1,0,1,0,0,0,0,1,0,0,0,0,No,0,2,0,1,0,0,MELB_URBAN,MELB_URBAN,BANYULE,METROPOLITAN NORTH WEST REGION,2016,10,October,ST HELENA
143.1549799514091,-38.2118202723346,3448878,11/10/2016,07.20.00,No,Collision with vehicle,Monday,LANE SIDE SWIPE (VEHICLES IN PARALLEL LANES),Day,143.15498,-38.21182,CORANGAMITE,SOUTH WESTERN REGION,2,1,0,1,0,1,2,0,1,0,1,0,0,0,0,0,0,0,0,1,No,0,2,1,0,0,0,RURAL_VICTORIA,RURAL_VICTORIA,CORANGAMITE,SOUTH WESTERN REGION,2016,10,October,CAMPERDOWN
144.57366522362287,-37.656177262138684,3448901,25/9/2016,07.35.00,Yes,Collision with vehicle,Sunday,RIGHT NEAR (INTERSECTIONS ONLY),Day,144.57367,-37.65618,MELTON,METROPOLITAN NORTH WEST REGION,2,1,0,0,1,1,1,1,1,0,1,0,0,0,0,0,0,0,0,1,No,0,2,0,1,0,0,SMALL_CITIES,SMALL_CITIES,MELTON,METROPOLITAN NORTH WEST REGION,2016,9,September,KURUNJANG
144.99547016891555,-37.84023001334045,3448904,30/9/2016,17.15.00,Yes,Collision with vehicle,Friday,VEHICLE STRIKES DOOR OF PARKED/STATIONARY VEHICLE,Day,144.99546999999998,-37.84023,STONNINGTON,METROPOLITAN SOUTH EAST REGION,2,1,0,0,1,1,1,1,1,0,1,0,0,0,0,0,0,0,0,0,No,0,2,0,1,0,0,MELB_URBAN,MELB_URBAN,STONNINGTON,METROPOLITAN SOUTH EAST REGION,2016,9,September,SOUTH YARRA
145.41152000274676,-36.39903953338324,3448912,30/9/2016,18.30.00,Yes,Collision with vehicle,Friday,ENTERING PARKING,Dusk/Dawn,145.41152,-36.39904,SHEPPARTON,NORTH EASTERN REGION,2,1,0,0,1,1,1,0,1,0,0,0,0,0,1,0,1,0,0,0,No,0,2,0,0,0,0,SMALL_CITIES,SMALL_CITIES,SHEPPARTON,NORTH EASTERN REGION,2016,9,September,SHEPPARTON
144.9757212041831,-37.86075126844271,3448913,30/9/2016,23.01.00,Yes,No collision and no object struck,Friday,OUT OF CONTROL ON CARRIAGEWAY (ON STRAIGHT),Dark Street lights on,144.97572,-37.86075,PORT PHILLIP,METROPOLITAN NORTH WEST REGION,1,1,0,1,0,0,1,0,1,0,0,0,0,0,0,0,1,0,0,0,No,0,1,0,0,0,0,MELB_URBAN,MELB_URBAN,PORT PHILLIP,METROPOLITAN NORTH WEST REGION,2016,9,September,ST KILDA
144.96542427501925,-37.83304802128079,3448940,13/10/2016,07.50.00,No,Collision with vehicle,Thursday,RIGHT THROUGH,Day,144.96542,-37.83305,PORT PHILLIP,METROPOLITAN NORTH WEST REGION,2,1,0,1,0,1,1,1,1,0,1,0,0,0,0,0,0,0,0,0,No,0,2,0,1,0,0,MELB_URBAN,MELB_URBAN,PORT PHILLIP,METROPOLITAN NORTH WEST REGION,2016,10,October,SOUTH MELBOURNE
147.99569735159162,-37.85617723009715,3448967,1/10/2016,18.40.00,Yes,Collision with vehicle,Saturday,HEAD ON(OVERTAKING),Dark No street lights,147.9957,-37.85618,EAST GIPPSLAND,EASTERN REGION,2,1,0,1,0,1,2,0,1,0,1,0,0,0,0,0,1,0,1,0,No,0,2,0,1,0,0,TOWNS,TOWNS,EAST GIPPSLAND,"EASTERN REGION,EASTERN REGION",2016,10,October,LAKES ENTRANCE
144.7875299955031,-37.813680003109454,3448970,7/10/2016,16.52.00,Yes,Collision with vehicle,Friday,REAR END(VEHICLES IN SAME LANE),Day,144.78753,-37.81368,WYNDHAM,METROPOLITAN NORTH WEST REGION,2,1,0,1,0,1,2,0,1,0,1,0,0,0,0,0,0,0,0,0,No,0,2,0,1,0,0,MELB_URBAN,MELB_URBAN,WYNDHAM,METROPOLITAN NORTH WEST REGION,2016,10,October,LAVERTON NORTH
145.34571335919932,-37.901764267142845,3448992,13/10/2016,08.30.00,No,Collision with vehicle,Thursday,PULLING OUT (OVERTAKING),Day,145.34571,-37.901759999999996,YARRA RANGES,METROPOLITAN SOUTH EAST REGION,2,1,0,0,1,1,2,0,1,0,1,0,0,0,0,0,0,0,0,0,No,0,2,0,1,0,0,MELB_URBAN,MELB_URBAN,YARRA RANGES,METROPOLITAN SOUTH EAST REGION,2016,10,October,TECOMA
144.91177714560567,-37.777469420491364,3448996,26/9/2016,05.30.00,Yes,Collision with vehicle,Sunday,RIGHT NEAR (INTERSECTIONS ONLY),Dark Street lights unknown,144.91178,-37.77747,MOONEE VALLEY,METROPOLITAN NORTH WEST REGION,2,1,0,0,1,1,2,0,1,0,1,0,0,0,0,0,0,0,0,0,No,0,2,0,1,0,0,MELB_URBAN,MELB_URBAN,MOONEE VALLEY,METROPOLITAN NORTH WEST REGION,2016,9,September,ASCOT VALE
145.03360009762582,-37.91050822464396,3448999,26/9/2016,08.40.00,Yes,Collision with vehicle,Sunday,CROSS TRAFFIC(INTERSECTIONS ONLY),Day,145.0336,-37.910509999999995,GLEN EIRA,METROPOLITAN SOUTH EAST REGION,2,1,0,1,0,1,1,1,1,0,1,0,0,0,0,0,0,0,0,0,No,0,2,0,1,0,0,MELB_URBAN,MELB_URBAN,GLEN EIRA,METROPOLITAN SOUTH EAST REGION,2016,9,September,MCKINNON
144.97037601667623,-37.78024960919103,3449001,26/9/2016,09.23.00,No,Collision with vehicle,Monday,REAR END(VEHICLES IN SAME LANE),Day,144.97038,-37.78025,YARRA,METROPOLITAN NORTH WEST REGION,2,1,0,0,1,1,0,1,1,0,0,0,0,0,1,0,0,0,0,0,No,0,2,0,0,0,0,MELB_URBAN,MELB_URBAN,YARRA,METROPOLITAN NORTH WEST REGION,2016,9,September,CARLTON NORTH
145.03063732945796,-37.80685549108001,3449026,3/9/2016,17.30.00,Yes,No collision and no object struck,Friday,OUT OF CONTROL ON CARRIAGEWAY (ON STRAIGHT),Dusk/Dawn,145.03063999999998,-37.80686,BOROONDARA,METROPOLITAN SOUTH EAST REGION,2,1,0,0,1,1,1,0,1,0,0,0,0,0,1,0,0,0,0,0,No,0,2,0,0,0,0,MELB_URBAN,MELB_URBAN,BOROONDARA,METROPOLITAN SOUTH EAST REGION,2016,9,September,KEW
146.16597010672652,-38.20537046518959,3449027,8/10/2016,10.00.00,No,Collision with vehicle,Saturday,RIGHT NEAR (INTERSECTIONS ONLY),Day,146.16597,-38.20537,BAW BAW,EASTERN REGION,2,1,0,0,1,1,0,2,1,0,1,0,0,0,0,0,0,0,1,0,No,0,2,0,1,0,0,RURAL_VICTORIA,RURAL_VICTORIA,BAW BAW,"EASTERN REGION,EASTERN REGION",2016,10,October,TRAFALGAR
144.94657254995926,-37.72727324000552,3449046,13/10/2016,14.15.00,No,Collision with vehicle,Thursday,CROSS TRAFFIC(INTERSECTIONS ONLY),Day,144.94657,-37.727270000000004,MORELAND,METROPOLITAN NORTH WEST REGION,2,1,0,1,0,1,2,0,1,0,1,0,0,0,0,0,0,0,0,0,No,0,2,0,1,0,0,MELB_URBAN,MELB_URBAN,MORELAND,METROPOLITAN NORTH WEST REGION,2016,10,October,PASCOE VALE
145.20656454745253,-37.74661474047581,3449048,16/7/2016,16.00.00,Yes,Collision with vehicle,Saturday,OTHER ADJACENT (INTERSECTIONS ONLY),Day,145.20656,-37.74661,MANNINGHAM,METROPOLITAN SOUTH EAST REGION,3,1,0,0,1,2,2,1,1,0,2,0,0,0,0,0,0,0,0,1,No,0,3,0,2,0,0,MELB_URBAN,MELB_URBAN,MANNINGHAM,METROPOLITAN SOUTH EAST REGION,2016,7,July,WARRANDYTE
144.99524632190375,-37.82538540924928,3449055,17/9/2016,20.00.00,Yes,Collision with vehicle,Saturday,VEHICLE STRIKES DOOR OF PARKED/STATIONARY VEHICLE,Dark Street lights on,144.99525,-37.825390000000006,YARRA,METROPOLITAN NORTH WEST REGION,3,1,0,1,0,2,1,2,2,0,1,0,0,0,0,0,0,0,0,0,No,0,3,0,1,0,0,MELB_URBAN,MELB_URBAN,YARRA,METROPOLITAN NORTH WEST REGION,2016,9,September,CREMORNE
142.51562958218148,-38.37598849028043,3449060,2/10/2016,11.40.00,No,Collision with vehicle,Sunday,CROSS TRAFFIC(INTERSECTIONS ONLY),Day,142.51563000000002,-38.37599,WARRNAMBOOL,SOUTH WESTERN REGION,2,1,0,1,0,1,2,0,1,0,1,0,0,0,0,0,0,0,0,0,No,0,2,0,1,0,0,SMALL_CITIES,SMALL_CITIES,WARRNAMBOOL,SOUTH WESTERN REGION,2016,10,October,WARRNAMBOOL
144.981869886987,-37.83406053221067,3449067,2/10/2016,10.20.00,No,Collision with vehicle,Sunday,VEHICLE COLLIDES WITH VEHICLE PARKED ON LEFT OF ROAD,Day,144.98187,-37.83406,MELBOURNE,METROPOLITAN NORTH WEST REGION,2,1,0,1,0,1,2,0,1,0,0,0,0,0,1,0,0,0,0,0,No,0,2,0,1,0,0,MELB_URBAN,MELB_URBAN,MELBOURNE,METROPOLITAN NORTH WEST REGION,2016,10,October,SOUTH YARRA
144.98345713450308,-37.80367969644443,3449082,8/10/2016,15.00.00,Yes,Collision with vehicle,Saturday,VEHICLE STRIKES DOOR OF PARKED/STATIONARY VEHICLE,Day,144.98346,-37.80368,YARRA,METROPOLITAN NORTH WEST REGION,2,1,0,0,1,1,1,1,1,0,1,0,0,0,0,0,0,0,0,0,No,0,2,0,1,0,0,MELB_URBAN,MELB_URBAN,YARRA,METROPOLITAN NORTH WEST REGION,2016,10,October,COLLINGWOOD
145.06188329294693,-37.920520401513706,3449086,13/10/2016,14.35.00,No,Collision with vehicle,Thursday,HEAD ON (NOT OVERTAKING),Day,145.06188,-37.92052,GLEN EIRA,METROPOLITAN SOUTH EAST REGION,2,1,0,0,1,1,1,1,1,0,1,0,0,0,0,0,0,0,1,0,No,0,2,0,1,0,0,MELB_URBAN,MELB_URBAN,GLEN EIRA,METROPOLITAN SOUTH EAST REGION,2016,10,October,BENTLEIGH EAST
144.97747922086046,-37.850150273982734,3449094,13/10/2016,18.50.00,Yes,Collision with vehicle,Thursday,VEHICLE OFF FOOTPATH STRIKES VEH ON CARRIAGEWAY,Day,144.97748,-37.85015,PORT PHILLIP,METROPOLITAN NORTH WEST REGION,2,1,0,1,0,1,1,1,1,0,1,0,0,0,0,0,0,0,0,0,No,0,2,0,1,0,0,MELB_URBAN,MELB_URBAN,PORT PHILLIP,METROPOLITAN NORTH WEST REGION,2016,10,October,ALBERT PARK
145.14149234526306,-37.93314026550459,3449101,26/9/2016,16.25.00,No,Collision with vehicle,Monday,RIGHT NEAR (INTERSECTIONS ONLY),Day,145.14149,-37.93314,DANDENONG,METROPOLITAN SOUTH EAST REGION,2,1,0,0,1,1,1,1,1,0,1,0,0,0,0,0,0,0,0,0,No,0,2,1,0,0,0,MELB_URBAN,MELB_URBAN,DANDENONG,METROPOLITAN SOUTH EAST REGION,2016,9,September,CLAYTON SOUTH
144.9274623580427,-37.83945951043445,3449108,26/9/2016,15.45.00,No,Collision with vehicle,Monday,CROSS TRAFFIC(INTERSECTIONS ONLY),Day,144.92746,-37.839459999999995,PORT PHILLIP,METROPOLITAN NORTH WEST REGION,2,1,0,0,1,1,2,0,1,0,1,0,0,0,0,0,0,0,0,0,No,0,2,0,1,0,0,MELB_URBAN,MELB_URBAN,PORT PHILLIP,METROPOLITAN NORTH WEST REGION,2016,9,September,PORT MELBOURNE
144.97597999633476,-37.83642000024827,3449124,3/10/2016,08.20.00,No,Collision with vehicle,Monday,LANE CHANGE LEFT (NOT OVERTAKING),Day,144.97598,-37.836420000000004,MELBOURNE,METROPOLITAN NORTH WEST REGION,2,1,0,0,1,1,2,0,1,0,1,0,0,0,0,0,0,0,0,0,No,0,2,0,1,0,0,MELB_URBAN,MELB_URBAN,MELBOURNE,METROPOLITAN NORTH WEST REGION,2016,10,October,MELBOURNE
144.98132302772953,-37.801948852179535,3449132,5/8/2016,08.50.00,No,Collision with vehicle,Friday,CROSS TRAFFIC(INTERSECTIONS ONLY),Day,144.98131999999998,-37.80195,YARRA,METROPOLITAN NORTH WEST REGION,3,1,0,0,1,2,1,1,1,0,1,0,0,0,1,0,0,0,0,0,No,0,2,0,1,0,0,MELB_URBAN,MELB_URBAN,YARRA,METROPOLITAN NORTH WEST REGION,2016,8,August,FITZROY
144.97761074226884,-37.798245635252854,3449147,8/10/2016,11.30.00,No,Collision with vehicle,Friday,VEHICLE STRIKES DOOR OF PARKED/STATIONARY VEHICLE,Day,144.97761,-37.79825,YARRA,METROPOLITAN NORTH WEST REGION,2,1,0,0,1,1,1,1,1,0,1,0,0,0,0,0,0,0,1,0,No,0,2,0,1,0,0,MELB_URBAN,MELB_URBAN,YARRA,METROPOLITAN NORTH WEST REGION,2016,10,October,FITZROY
144.9877646491899,-37.90725499615717,3449191,10/12/2016,06.50.00,Yes,No collision and no object struck,Saturday,OUT OF CONTROL ON CARRIAGEWAY (ON STRAIGHT),Dusk/Dawn,144.98776,-37.90725,BAYSIDE,METROPOLITAN SOUTH EAST REGION,2,1,0,0,1,1,2,0,1,0,1,0,0,0,0,0,0,0,0,0,No,0,2,0,1,0,0,MELB_URBAN,MELB_URBAN,BAYSIDE,METROPOLITAN SOUTH EAST REGION,2016,12,December,BRIGHTON
144.3541683608698,-38.18281165507171,3449192,10/12/2016,07.50.00,No,Collision with vehicle,Friday,LEFT NEAR (INTERSECTIONS ONLY),Day,144.35416999999998,-38.182809999999996,GEELONG,SOUTH WESTERN REGION,2,1,0,0,1,1,1,1,1,0,1,0,0,0,0,0,0,0,0,1,No,0,2,0,1,0,0,LARGE_PROVINCIAL_CITIES,LARGE_PROVINCIAL_CITIES,GEELONG,SOUTH WESTERN REGION,2016,12,December,BELMONT
142.48465777457062,-38.37813455715533,3449216,29/11/2016,15.00.00,No,Collision with vehicle,Monday,LEFT REAR,Day,142.48466000000002,-38.37813,WARRNAMBOOL,SOUTH WESTERN REGION,2,1,0,0,1,1,1,0,1,0,0,0,0,0,1,0,0,0,0,0,No,0,2,0,0,0,0,SMALL_CITIES,SMALL_CITIES,WARRNAMBOOL,SOUTH WESTERN REGION,2016,11,November,WARRNAMBOOL
145.13547007388186,-37.81496955351849,3449233,5/12/2016,07.15.00,Yes,Collision with vehicle,Sunday,VEHICLE STRIKES ANOTHER VEH WHILE EMERGING FROM DRIVEWAY,Dusk/Dawn,145.13547,-37.81497,WHITEHORSE,METROPOLITAN SOUTH EAST REGION,2,1,0,0,1,1,2,0,1,0,1,0,0,0,0,0,0,0,0,0,No,0,2,0,1,0,0,MELB_URBAN,MELB_URBAN,WHITEHORSE,METROPOLITAN SOUTH EAST REGION,2016,12,December,BOX HILL
144.2504079163299,-36.71767558292296,3449239,5/12/2016,14.00.00,No,Collision with vehicle,Sunday,RIGHT TURN SIDESWIPE,Day,144.25041000000002,-36.71768,BENDIGO,NORTHERN REGION,2,1,0,0,1,1,1,1,1,0,1,0,0,0,0,1,0,0,0,0,No,0,2,0,1,0,0,LARGE_PROVINCIAL_CITIES,LARGE_PROVINCIAL_CITIES,BENDIGO,NORTHERN REGION,2016,12,December,EAGLEHAWK
144.2647595968283,-36.76014149371594,3449243,10/12/2016,15.45.00,No,No collision and no object struck,Friday,OUT OF CONTROL ON CARRIAGEWAY (ON STRAIGHT),Day,144.26476,-36.76014,BENDIGO,NORTHERN REGION,2,1,0,0,1,1,0,1,1,0,0,0,0,0,1,0,0,0,0,0,No,0,2,0,0,0,0,LARGE_PROVINCIAL_CITIES,LARGE_PROVINCIAL_CITIES,BENDIGO,NORTHERN REGION,2016,12,December,IRONBARK
145.4030184643849,-36.37028789915136,3449244,10/12/2016,16.15.00,Yes,Collision with vehicle,Saturday,CROSS TRAFFIC(INTERSECTIONS ONLY),Day,145.40302,-36.370290000000004,SHEPPARTON,NORTH EASTERN REGION,2,1,0,0,1,1,2,0,1,0,1,0,0,0,0,0,0,0,0,0,No,0,2,0,1,0,0,SMALL_CITIES,SMALL_CITIES,SHEPPARTON,NORTH EASTERN REGION,2016,12,December,SHEPPARTON
144.95094228546444,-37.80410277815998,3449252,10/12/2016,18.50.00,Yes,Collision with vehicle,Saturday,LEFT NEAR (INTERSECTIONS ONLY),Day,144.95094,-37.8041,MELBOURNE,METROPOLITAN NORTH WEST REGION,3,1,0,0,1,2,3,0,1,1,1,0,0,0,0,0,0,0,0,0,No,0,2,1,0,0,0,MELB_URBAN,MELB_URBAN,MELBOURNE,METROPOLITAN NORTH WEST REGION,2016,12,December,NORTH MELBOURNE
144.9339291824906,-37.79914458861003,3449267,13/12/2016,07.40.00,No,Collision with vehicle,Tuesday,OTHER MANOEUVRING NOT INCLUDED IN DCAs 140-148,Day,144.93393,-37.79914,MELBOURNE,METROPOLITAN NORTH WEST REGION,2,1,0,1,0,1,1,0,1,0,0,0,0,0,1,0,0,0,0,0,No,0,2,0,0,0,0,MELB_URBAN,MELB_URBAN,MELBOURNE,METROPOLITAN NORTH WEST REGION,2016,12,December,KENSINGTON
144.9942026594098,-37.84653033356129,3449269,21/11/2016,18.10.00,Yes,Collision with vehicle,Monday,LEAVING PARKING,Day,144.9942,-37.84653,STONNINGTON,METROPOLITAN SOUTH EAST REGION,3,1,0,0,1,2,3,0,1,1,1,0,0,0,0,0,0,0,0,0,No,0,2,0,1,0,0,MELB_URBAN,MELB_URBAN,STONNINGTON,METROPOLITAN SOUTH EAST REGION,2016,11,November,SOUTH YARRA
144.7858607980916,-37.877752582501245,3449273,29/11/2016,09.40.00,No,Collision with vehicle,Tuesday,LEFT NEAR (INTERSECTIONS ONLY),Day,144.78586,-37.87775,HOBSONS BAY,METROPOLITAN NORTH WEST REGION,2,1,0,0,1,1,2,0,1,0,1,0,0,0,0,0,0,0,0,0,No,0,2,0,1,0,0,MELB_URBAN,MELB_URBAN,HOBSONS BAY,METROPOLITAN NORTH WEST REGION,2016,11,November,ALTONA MEADOWS
144.95738009782937,-37.81383997099133,3449275,30/11/2016,11.40.00,No,Struck Pedestrian,Wednesday,PED NEAR SIDE. PED HIT BY VEHICLE FROM THE RIGHT.,Day,144.95738,-37.81384,MELBOURNE,METROPOLITAN NORTH WEST REGION,3,2,0,1,1,1,2,1,1,0,1,1,0,0,0,0,0,0,0,0,No,0,2,0,1,0,0,MELBOURNE_CBD,MELBOURNE_CBD,MELBOURNE,METROPOLITAN NORTH WEST REGION,2016,11,November,MELBOURNE
144.98783905037286,-37.838494563491935,3449287,5/12/2016,12.00.00,No,Collision with vehicle,Monday,ENTERING PARKING,Day,144.98783999999998,-37.83849,STONNINGTON,METROPOLITAN SOUTH EAST REGION,2,1,0,1,0,1,1,1,1,0,1,0,0,0,0,0,0,0,0,1,No,0,2,0,1,0,0,MELB_URBAN,MELB_URBAN,STONNINGTON,METROPOLITAN SOUTH EAST REGION,2016,12,December,SOUTH YARRA
145.1571504732839,-37.95902048466083,3449289,5/12/2016,16.45.00,Yes,Collision with vehicle,Sunday,CROSS TRAFFIC(INTERSECTIONS ONLY),Day,145.15715,-37.95902,DANDENONG,METROPOLITAN SOUTH EAST REGION,2,1,0,0,1,1,2,0,1,0,1,0,0,0,0,0,0,0,0,0,No,0,2,0,1,0,0,MELB_URBAN,MELB_URBAN,DANDENONG,METROPOLITAN SOUTH EAST REGION,2016,12,December,SPRINGVALE
144.98070771883397,-37.798577357535294,3449307,15/12/2016,17.55.00,No,Collision with vehicle,Thursday,RIGHT THROUGH,Day,144.98071000000002,-37.79858,YARRA,METROPOLITAN NORTH WEST REGION,2,1,0,0,1,1,0,2,1,0,1,0,0,0,0,0,0,0,0,0,No,0,2,0,1,0,0,MELB_URBAN,MELB_URBAN,YARRA,METROPOLITAN NORTH WEST REGION,2016,12,December,FITZROY
145.11851957322597,-37.83834233648701,3449316,30/11/2016,13.50.00,No,No collision and no object struck,Wednesday,OUT OF CONTROL ON CARRIAGEWAY (ON STRAIGHT),Day,145.11852,-37.83834,WHITEHORSE,METROPOLITAN SOUTH EAST REGION,1,1,1,0,0,0,1,0,1,0,0,0,0,0,0,0,0,0,0,0,No,0,1,0,0,0,0,MELB_URBAN,MELB_URBAN,WHITEHORSE,METROPOLITAN SOUTH EAST REGION,2016,11,November,BOX HILL SOUTH
144.96432152552225,-37.81614327367328,3449320,30/11/2016,13.30.00,No,Collision with vehicle,Tuesday,VEHICLE STRIKES DOOR OF PARKED/STATIONARY VEHICLE,Unk.,144.96432,-37.816140000000004,MELBOURNE,METROPOLITAN NORTH WEST REGION,2,1,0,0,1,1,1,1,1,0,1,0,0,0,0,0,0,0,0,1,No,0,2,0,1,0,0,MELBOURNE_CBD,MELBOURNE_CBD,MELBOURNE,METROPOLITAN NORTH WEST REGION,2016,11,November,MELBOURNE
144.99907459720018,-37.739923042605284,3449362,16/12/2016,09.15.00,No,Collision with vehicle,Friday,CROSS TRAFFIC(INTERSECTIONS ONLY),Day,144.99907,-37.73992,DAREBIN,METROPOLITAN NORTH WEST REGION,2,1,0,1,0,1,1,1,1,0,1,0,0,0,0,0,0,0,0,0,No,0,2,0,1,0,0,MELB_URBAN,MELB_URBAN,DAREBIN,METROPOLITAN NORTH WEST REGION,2016,12,December,PRESTON
144.8751279458799,-37.77884804786451,3449363,16/12/2016,07.50.00,No,Collision with vehicle,Friday,LANE SIDE SWIPE (VEHICLES IN PARALLEL LANES),Day,144.87513,-37.77885,MARIBYRNONG,METROPOLITAN NORTH WEST REGION,2,1,0,0,1,1,2,0,1,0,1,0,0,0,0,0,0,0,1,0,No,0,2,0,1,0,0,MELB_URBAN,MELB_URBAN,MARIBYRNONG,METROPOLITAN NORTH WEST REGION,2016,12,December,MAIDSTONE