X,Y,OBJECTID,ACCIDENT_DATE,ACCIDENT_TIME,ALCOHOLTIME,ACCIDENT_TYPE,DAY_OF_WEEK,DCA_CODE,LIGHT_CONDITION,LONGITUDE,LATITUDE,LGA_NAME,REGION_NAME,TOTAL_PERSONS,INJ_OR_FATAL,FATALITY,SERIOUSINJURY,OTHERINJURY,NONINJURED,MALES,FEMALES,BICYCLIST,PASSENGER,DRIVER,PEDESTRIAN,PILLION,MOTORIST,UNKNOWN,PED_CYCLIST_5_12,PED_CYCLIST_13_18,OLD_PEDESTRIAN,OLD_DRIVER,YOUNG_DRIVER,ALCOHOL_RELATED,UNLICENCSED,NO_OF_VEHICLES,HEAVYVEHICLE,PASSENGERVEHICLE,MOTORCYCLE,PUBLICVEHICLE,DEG_URBAN_NAME,DEG_URBAN_ALL,LGA_NAME_ALL,REGION_NAME_ALL,Year,Month,Month_name,Suburb
145.1043832748036,-37.7674888633569,3447945,19/10/2016,18.00.00,Yes,Collision with vehicle,Wednesday,CROSS TRAFFIC(INTERSECTIONS ONLY),Day,145.10438,-37.76749,MANNINGHAM,METROPOLITAN SOUTH EAST REGION,2,1,0,1,0,1,1,1,1,0,1,0,0,0,0,0,0,0,0,0,No,0,2,0,1,0,0,MELB_URBAN,MELB_URBAN,MANNINGHAM,METROPOLITAN SOUTH EAST REGION,2016,10,October,TEMPLESTOWE LOWER
144.99194061424646,-37.81776661670585,3447966,13/10/2016,10.15.00,No,Collision with vehicle,Thursday,U TURN,Day,144.99194,-37.81777,YARRA,METROPOLITAN NORTH WEST REGION,2,1,0,0,1,1,2,0,1,0,1,0,0,0,0,0,0,0,0,0,No,0,2,0,1,0,0,MELB_URBAN,MELB_URBAN,YARRA,METROPOLITAN NORTH WEST REGION,2016,10,October,RICHMOND
145.2079405829083,-37.83798369019159,3447987,17/10/2016,09.32.00,Yes,Collision with vehicle,Sunday,RIGHT THROUGH,Day,145.20793999999998,-37.83798,WHITEHORSE,METROPOLITAN SOUTH EAST REGION,2,1,0,0,1,1,1,1,1,0,1,0,0,0,0,0,0,0,1,0,No,0,2,0,1,0,0,MELB_URBAN,MELB_URBAN,WHITEHORSE,METROPOLITAN SOUTH EAST REGION,2016,10,October,VERMONT
144.9047504576973,-37.806620230876725,3447991,17/10/2016,12.00.00,No,Collision with vehicle,Monday,VEHICLE STRIKES ANOTHER VEH WHILE EMERGING FROM DRIVEWAY,Day,144.90475,-37.80662,MARIBYRNONG,METROPOLITAN NORTH WEST REGION,2,1,0,0,1,1,1,1,1,0,1,0,0,0,0,0,0,0,0,0,No,0,2,0,1,0,0,MELB_URBAN,MELB_URBAN,MARIBYRNONG,METROPOLITAN NORTH WEST REGION,2016,10,October,FOOTSCRAY
145.0502674856937,-37.79948639921075,3448027,14/10/2016,14.00.00,No,Collision with vehicle,Friday,VEHICLE COLLIDES WITH VEHICLE PARKED ON LEFT OF ROAD,Day,145.05026999999998,-37.799490000000006,BOROONDARA,METROPOLITAN SOUTH EAST REGION,1,1,0,0,1,0,1,0,1,0,0,0,0,0,0,0,0,0,0,0,No,0,2,1,0,0,0,MELB_URBAN,MELB_URBAN,BOROONDARA,METROPOLITAN SOUTH EAST REGION,2016,10,October,KEW
144.88213081674118,-37.7695952188218,3448032,2/11/2016,08.50.00,No,Collision with vehicle,Wednesday,PULLING OUT (OVERTAKING),Day,144.88213000000002,-37.7696,MARIBYRNONG,METROPOLITAN NORTH WEST REGION,2,1,0,0,1,1,1,1,1,0,1,0,0,0,0,0,0,0,0,0,No,0,2,0,1,0,0,MELB_URBAN,MELB_URBAN,MARIBYRNONG,METROPOLITAN NORTH WEST REGION,2016,11,November,MARIBYRNONG
144.5685147556886,-38.18498056251508,3448061,27/10/2016,17.35.00,No,Collision with vehicle,Wednesday,REAR END(VEHICLES IN SAME LANE),Day,144.56851,-38.184979999999996,GEELONG,SOUTH WESTERN REGION,2,1,0,1,0,1,1,0,1,0,1,0,0,0,0,0,0,0,0,0,No,0,2,0,1,0,0,RURAL_VICTORIA,RURAL_VICTORIA,GEELONG,SOUTH WESTERN REGION,2016,10,October,DRYSDALE
145.10969449421606,-38.15413711584277,3448072,2/11/2016,10.30.00,No,Collision with vehicle,Wednesday,LEFT NEAR (INTERSECTIONS ONLY),Day,145.10969,-38.154140000000005,FRANKSTON,METROPOLITAN SOUTH EAST REGION,3,2,0,0,2,1,2,1,2,0,1,0,0,0,0,0,0,0,0,0,No,0,3,0,1,0,0,MELB_URBAN,MELB_URBAN,FRANKSTON,METROPOLITAN SOUTH EAST REGION,2016,11,November,FRANKSTON SOUTH
147.22755773049263,-36.811471575151856,3448082,21/10/2016,09.14.00,No,Collision with vehicle,Friday,HEAD ON (NOT OVERTAKING),Day,147.22756,-36.81147,ALPINE,NORTH EASTERN REGION,2,2,0,0,2,0,2,0,2,0,0,0,0,0,0,0,0,0,0,0,No,0,2,0,0,0,0,RURAL_VICTORIA,RURAL_VICTORIA,ALPINE,NORTH EASTERN REGION,2016,10,October,BOGONG
144.95532227704538,-37.80846574287409,3448092,17/10/2016,17.15.00,No,No collision and no object struck,Monday,OUT OF CONTROL ON CARRIAGEWAY (ON STRAIGHT),Day,144.95532,-37.80847,MELBOURNE,METROPOLITAN NORTH WEST REGION,1,1,0,1,0,0,0,1,1,0,0,0,0,0,0,0,0,0,0,0,No,0,1,0,0,0,0,MELB_URBAN,MELB_URBAN,MELBOURNE,METROPOLITAN NORTH WEST REGION,2016,10,October,WEST MELBOURNE
144.98954045180236,-37.80473711018043,3448116,28/10/2016,08.50.00,No,Collision with vehicle,Thursday,LEAVING PARKING,Day,144.98953999999998,-37.80474,YARRA,METROPOLITAN NORTH WEST REGION,2,1,0,0,1,1,2,0,1,0,1,0,0,0,0,0,0,0,0,0,No,0,2,0,1,0,0,MELB_URBAN,MELB_URBAN,YARRA,METROPOLITAN NORTH WEST REGION,2016,10,October,COLLINGWOOD
142.82605057598732,-37.055728083686155,3448121,28/10/2016,08.45.00,No,Vehicle overturned (no collision),Friday,OFF CARRIAGEWAY TO LEFT,Day,142.82605,-37.05573,NORTHERN GRAMPIANS,WESTERN REGION,2,1,0,1,0,1,1,1,1,0,1,0,0,0,0,0,0,0,0,0,No,0,2,0,1,0,0,RURAL_VICTORIA,RURAL_VICTORIA,NORTHERN GRAMPIANS,WESTERN REGION,2016,10,October,CONCONGELLA
144.5537253818582,-37.692885788341016,3448137,17/10/2016,15.41.00,No,Collision with vehicle,Monday,VEHICLE OFF FOOTPATH STRIKES VEH ON CARRIAGEWAY,Day,144.55373,-37.692890000000006,MELTON,METROPOLITAN NORTH WEST REGION,3,1,0,0,1,2,1,2,1,1,1,0,0,0,0,1,0,0,0,0,No,0,2,0,1,0,0,SMALL_CITIES,SMALL_CITIES,MELTON,METROPOLITAN NORTH WEST REGION,2016,10,October,BROOKFIELD
146.25669661271687,-38.188770951233565,3448142,10/10/2016,17.30.00,No,Collision with vehicle,Monday,RIGHT FAR (INTERSECTIONS ONLY),Dusk/Dawn,146.2567,-38.18877,LATROBE,EASTERN REGION,2,1,0,0,1,1,1,0,1,0,1,0,0,0,0,0,0,0,0,0,No,0,2,0,1,0,0,SMALL_CITIES,SMALL_CITIES,LATROBE,"EASTERN REGION,EASTERN REGION",2016,10,October,MOE
144.93161283807336,-37.780049504892375,3448168,28/10/2016,08.26.00,No,Collision with vehicle,Friday,RIGHT THROUGH,Day,144.93161,-37.78005,MOONEE VALLEY,METROPOLITAN NORTH WEST REGION,2,1,0,1,0,1,1,1,1,0,1,0,0,0,0,0,0,0,0,0,No,0,2,0,1,0,0,MELB_URBAN,MELB_URBAN,MOONEE VALLEY,METROPOLITAN NORTH WEST REGION,2016,10,October,ASCOT VALE
144.95882891619974,-37.78936572847681,3448181,3/11/2016,07.30.00,No,Collision with vehicle,Thursday,LEFT REAR,Day,144.95883,-37.78937,MELBOURNE,METROPOLITAN NORTH WEST REGION,2,1,0,0,1,1,2,0,1,0,0,0,0,0,1,0,0,0,0,0,No,0,2,0,0,0,0,MELB_URBAN,MELB_URBAN,MELBOURNE,METROPOLITAN NORTH WEST REGION,2016,11,November,PARKVILLE
144.83168949938596,-37.79046270988472,3448182,3/11/2016,08.40.00,No,Collision with vehicle,Thursday,VEHICLE STRIKES ANOTHER VEH WHILE EMERGING FROM DRIVEWAY,Day,144.83168999999998,-37.790459999999996,BRIMBANK,METROPOLITAN NORTH WEST REGION,2,1,0,1,0,1,0,2,1,0,1,0,0,0,0,0,0,0,0,0,No,0,2,0,1,0,0,MELB_URBAN,MELB_URBAN,BRIMBANK,METROPOLITAN NORTH WEST REGION,2016,11,November,SUNSHINE
144.35946952020188,-38.15621227223657,3448185,13/10/2016,19.45.00,Yes,Collision with vehicle,Thursday,CROSS TRAFFIC(INTERSECTIONS ONLY),Unk.,144.35947,-38.156209999999994,GEELONG,SOUTH WESTERN REGION,2,1,0,0,1,1,0,1,1,0,1,0,0,0,0,0,0,0,0,0,No,0,2,0,1,0,0,LARGE_PROVINCIAL_CITIES,LARGE_PROVINCIAL_CITIES,GEELONG,SOUTH WESTERN REGION,2016,10,October,GEELONG
145.02849665223408,-37.86816960172967,3448199,18/10/2016,18.10.00,Yes,Collision with vehicle,Tuesday,REVERSING IN STREAM OF TRAFFIC,Day,145.0285,-37.86817,GLEN EIRA,METROPOLITAN SOUTH EAST REGION,2,1,0,0,1,1,2,0,1,0,1,0,0,0,0,0,0,0,0,0,No,0,2,0,1,0,0,MELB_URBAN,MELB_URBAN,GLEN EIRA,METROPOLITAN SOUTH EAST REGION,2016,10,October,CAULFIELD NORTH
145.01590921401612,-37.97549254845436,3448208,23/10/2016,06.45.00,No,Collision with vehicle,,RIGHT REAR.,Day,145.01591000000002,-37.97549,BAYSIDE,METROPOLITAN SOUTH EAST REGION,2,1,0,0,1,1,0,1,1,0,0,0,0,0,1,0,0,0,0,0,No,0,2,0,0,0,0,MELB_URBAN,MELB_URBAN,BAYSIDE,METROPOLITAN SOUTH EAST REGION,2016,10,October,BLACK ROCK
144.8900206111243,-37.81658666082581,3448210,22/10/2016,09.30.00,No,Collision with vehicle,Saturday,VEHICLE STRIKES DOOR OF PARKED/STATIONARY VEHICLE,Unk.,144.89002,-37.816590000000005,MARIBYRNONG,METROPOLITAN NORTH WEST REGION,2,1,0,1,0,1,0,2,1,0,1,0,0,0,0,0,0,0,0,0,No,0,2,0,1,0,0,MELB_URBAN,MELB_URBAN,MARIBYRNONG,METROPOLITAN NORTH WEST REGION,2016,10,October,YARRAVILLE
144.99110040305754,-37.864253722735896,3448213,23/10/2016,11.55.00,No,Collision with vehicle,Sunday,VEHICLE STRIKES DOOR OF PARKED/STATIONARY VEHICLE,Day,144.9911,-37.86425,PORT PHILLIP,METROPOLITAN NORTH WEST REGION,2,1,0,0,1,1,1,1,1,0,1,0,0,0,0,0,1,0,0,0,No,0,2,0,1,0,0,MELB_URBAN,MELB_URBAN,PORT PHILLIP,METROPOLITAN NORTH WEST REGION,2016,10,October,ST KILDA
144.96632296018444,-37.80425032313303,3448223,12/10/2016,18.10.00,Yes,Collision with vehicle,Wednesday,VEHICLE STRIKES DOOR OF PARKED/STATIONARY VEHICLE,Day,144.96632,-37.80425,MELBOURNE,METROPOLITAN NORTH WEST REGION,2,2,0,0,2,0,1,1,1,0,1,0,0,0,0,0,0,0,0,0,No,0,2,0,1,0,0,MELB_URBAN,MELB_URBAN,MELBOURNE,METROPOLITAN NORTH WEST REGION,2016,10,October,CARLTON
145.0259878372783,-37.90216521658302,3448236,3/11/2016,14.40.00,No,Collision with vehicle,Thursday,LEFT TURN SIDESWIPE,Day,145.02598999999998,-37.90217,GLEN EIRA,METROPOLITAN SOUTH EAST REGION,2,1,0,0,1,1,1,1,1,0,1,0,0,0,0,0,0,0,0,0,No,0,2,0,1,0,0,MELB_URBAN,MELB_URBAN,"GLEN EIRA,BAYSIDE",METROPOLITAN SOUTH EAST REGION,2016,11,November,ORMOND
144.9785262587303,-37.79798959132468,3448237,30/10/2016,01.30.00,Yes,No collision and no object struck,Sunday,OUT OF CONTROL ON CARRIAGEWAY (ON STRAIGHT),Dark Street lights on,144.97853,-37.797990000000006,YARRA,METROPOLITAN NORTH WEST REGION,2,1,0,0,1,1,1,0,1,0,0,0,0,0,1,0,0,0,0,0,No,0,2,0,0,0,0,MELB_URBAN,MELB_URBAN,YARRA,METROPOLITAN NORTH WEST REGION,2016,10,October,FITZROY
145.05443015988166,-37.93448917581615,3448253,19/10/2016,08.15.00,No,Collision with vehicle,Wednesday,VEHICLE STRIKES ANOTHER VEH WHILE EMERGING FROM DRIVEWAY,Day,145.05443,-37.934490000000004,GLEN EIRA,METROPOLITAN SOUTH EAST REGION,2,1,0,0,1,1,2,0,1,0,1,0,0,0,0,1,0,0,0,0,No,0,2,0,1,0,0,MELB_URBAN,MELB_URBAN,GLEN EIRA,METROPOLITAN SOUTH EAST REGION,2016,10,October,BENTLEIGH EAST
145.11485179072358,-37.514134621128285,3448259,23/10/2016,11.00.00,No,Collision with vehicle,,RIGHT/RIGHT BOTH VEHs FROM OPPOSITE DIRECTIONS TURNING RIGHT,Day,145.11485,-37.51413,WHITTLESEA,METROPOLITAN NORTH WEST REGION,2,1,0,1,0,1,0,2,1,0,1,0,0,0,0,0,0,0,0,1,No,0,2,0,1,0,0,TOWNS,TOWNS,WHITTLESEA,METROPOLITAN NORTH WEST REGION,2016,10,October,WHITTLESEA
145.11185273572633,-37.86095797609763,3448278,28/10/2016,20.45.00,Yes,Collision with vehicle,Thursday,LANE SIDE SWIPE (VEHICLES IN PARALLEL LANES),Dark Street lights on,145.11185,-37.86096,MONASH,METROPOLITAN SOUTH EAST REGION,2,1,0,0,1,1,1,0,1,0,1,0,0,0,0,0,0,0,0,0,No,0,2,0,1,0,0,MELB_URBAN,MELB_URBAN,MONASH,METROPOLITAN SOUTH EAST REGION,2016,10,October,ASHWOOD
145.24565608490792,-38.4520199938632,3448282,3/11/2016,19.35.00,Yes,Vehicle overturned (no collision),Thursday,OFF CARRIAGEWAY TO RIGHT,Dusk/Dawn,145.24566000000002,-38.452020000000005,BASS COAST,EASTERN REGION,1,1,0,1,0,0,1,0,1,0,0,0,0,0,0,0,0,0,0,0,No,0,1,0,0,0,0,TOWNS,TOWNS,BASS COAST,"EASTERN REGION,EASTERN REGION",2016,11,November,COWES
144.9641801663461,-37.81645995231865,3448305,19/10/2016,11.00.00,No,Collision with vehicle,Wednesday,VEHICLE STRIKES DOOR OF PARKED/STATIONARY VEHICLE,Day,144.96418,-37.81646,MELBOURNE,METROPOLITAN NORTH WEST REGION,3,1,0,1,0,2,3,0,1,0,2,0,0,0,0,0,0,0,0,0,No,0,3,1,1,0,0,MELBOURNE_CBD,MELBOURNE_CBD,MELBOURNE,METROPOLITAN NORTH WEST REGION,2016,10,October,MELBOURNE
144.9620286292118,-37.81790986992462,3448309,3/10/2016,10.00.00,No,Collision with vehicle,Monday,LANE CHANGE RIGHT (NOT OVERTAKING),Day,144.96203,-37.81791,MELBOURNE,METROPOLITAN NORTH WEST REGION,2,1,0,0,1,1,1,1,1,0,1,0,0,0,0,0,0,0,0,0,No,0,2,0,1,0,0,MELBOURNE_CBD,MELBOURNE_CBD,MELBOURNE,METROPOLITAN NORTH WEST REGION,2016,10,October,MELBOURNE
144.94347621194652,-37.84531375690469,3448316,24/10/2016,10.25.00,No,Collision with vehicle,Monday,LEFT TURN SIDESWIPE,Day,144.94348,-37.84531,PORT PHILLIP,METROPOLITAN NORTH WEST REGION,2,1,0,0,1,1,2,0,1,0,1,0,0,0,0,0,0,0,0,0,No,0,2,0,1,0,0,MELB_URBAN,MELB_URBAN,PORT PHILLIP,METROPOLITAN NORTH WEST REGION,2016,10,October,ALBERT PARK
143.97532534996137,-38.53465769880609,3448331,29/10/2016,15.05.00,Yes,Collision with vehicle,Saturday,LANE SIDE SWIPE (VEHICLES IN PARALLEL LANES),Day,143.97533,-38.534659999999995,SURF COAST,SOUTH WESTERN REGION,3,1,0,0,1,2,1,2,1,1,1,0,0,0,0,0,0,0,0,0,No,0,2,0,1,0,0,TOWNS,TOWNS,SURF COAST,SOUTH WESTERN REGION,2016,10,October,LORNE
144.92954879367153,-37.64363729828136,3448361,21/9/2016,16.15.00,No,Vehicle overturned (no collision),Wednesday,OUT OF CONTROL ON CARRIAGEWAY (ON STRAIGHT),Unk.,144.92955,-37.643640000000005,HUME,METROPOLITAN NORTH WEST REGION,1,1,0,0,1,0,0,1,1,0,0,0,0,0,0,0,0,0,0,0,No,0,1,0,0,0,0,MELB_URBAN,MELB_URBAN,HUME,METROPOLITAN NORTH WEST REGION,2016,9,September,COOLAROO
144.96287950795073,-38.33363936971213,3448369,8/10/2016,10.15.00,No,Collision with vehicle,Saturday,ENTERING PARKING,Day,144.96288,-38.33364,MORNINGTON PENINSULA,METROPOLITAN SOUTH EAST REGION,2,1,0,0,1,1,1,1,1,0,1,0,0,0,0,0,0,0,0,0,No,0,2,0,1,0,0,MELB_URBAN,MELB_URBAN,MORNINGTON PENINSULA,METROPOLITAN SOUTH EAST REGION,2016,10,October,DROMANA
144.97338455642927,-37.80676592642197,3448378,14/10/2016,10.45.00,No,Collision with vehicle,Friday,RIGHT THROUGH,Day,144.97338,-37.80677,YARRA,METROPOLITAN NORTH WEST REGION,2,1,0,0,1,1,1,1,1,0,1,0,0,0,0,0,0,0,0,0,No,0,2,0,1,0,0,MELB_URBAN,MELB_URBAN,"YARRA,MELBOURNE",METROPOLITAN NORTH WEST REGION,2016,10,October,CARLTON
144.97846781080833,-37.8090397625544,3448383,14/10/2016,09.40.00,No,Collision with vehicle,Friday,LEFT TURN SIDESWIPE,Day,144.97847,-37.80904,MELBOURNE,METROPOLITAN NORTH WEST REGION,2,1,0,0,1,1,1,1,1,0,1,0,0,0,0,0,0,0,0,0,No,0,2,0,1,0,0,MELB_URBAN,MELB_URBAN,MELBOURNE,METROPOLITAN NORTH WEST REGION,2016,10,October,EAST MELBOURNE
145.0075640011409,-37.95632550144406,3448410,9/10/2016,13.40.00,No,Collision with vehicle,,LANE SIDE SWIPE (VEHICLES IN PARALLEL LANES),Day,145.00756,-37.95633,BAYSIDE,METROPOLITAN SOUTH EAST REGION,2,1,0,0,1,1,1,1,1,0,1,0,0,0,0,0,0,0,0,0,No,0,2,0,1,0,0,MELB_URBAN,MELB_URBAN,BAYSIDE,METROPOLITAN SOUTH EAST REGION,2016,10,October,SANDRINGHAM
145.05325623677894,-38.223202821294436,3448414,25/9/2016,09.28.00,Yes,Collision with vehicle,Sunday,LEFT NEAR (INTERSECTIONS ONLY),Day,145.05326000000002,-38.2232,MORNINGTON PENINSULA,METROPOLITAN SOUTH EAST REGION,2,1,0,0,1,1,2,0,1,0,1,0,0,0,0,0,0,0,0,0,No,0,2,0,1,0,0,MELB_URBAN,MELB_URBAN,MORNINGTON PENINSULA,METROPOLITAN SOUTH EAST REGION,2016,9,September,MORNINGTON
146.1568982115416,-38.212139780306174,3448418,9/10/2016,16.00.00,Yes,Collision with vehicle,Sunday,VEHICLE STRIKES ANOTHER VEH WHILE EMERGING FROM DRIVEWAY,Day,146.1569,-38.212140000000005,BAW BAW,EASTERN REGION,2,1,0,0,1,1,1,1,1,0,1,0,0,0,0,0,0,0,0,0,No,0,2,0,1,0,0,TOWNS,TOWNS,BAW BAW,"EASTERN REGION,EASTERN REGION",2016,10,October,TRAFALGAR
144.88842043310933,-37.86346126976172,3448425,14/10/2016,09.10.00,No,Collision with vehicle,Friday,RIGHT THROUGH,Day,144.88842,-37.863459999999996,HOBSONS BAY,METROPOLITAN NORTH WEST REGION,3,1,0,0,1,2,1,2,1,1,1,0,0,0,0,0,1,0,1,0,No,0,2,0,1,0,0,MELB_URBAN,MELB_URBAN,HOBSONS BAY,METROPOLITAN NORTH WEST REGION,2016,10,October,WILLIAMSTOWN
144.95629989254647,-37.80066008533538,3448497,24/8/2016,06.30.00,No,Collision with vehicle,Wednesday,LANE CHANGE LEFT (NOT OVERTAKING),Day,144.9563,-37.80066,MELBOURNE,METROPOLITAN NORTH WEST REGION,2,1,0,1,0,1,1,1,1,0,1,0,0,0,0,0,0,0,0,0,No,0,2,0,1,0,0,MELB_URBAN,MELB_URBAN,MELBOURNE,METROPOLITAN NORTH WEST REGION,2016,8,August,NORTH MELBOURNE
144.98056086168927,-37.76545259861932,3448521,10/10/2016,07.30.00,Yes,Collision with vehicle,Sunday,CROSS TRAFFIC(INTERSECTIONS ONLY),Day,144.98056,-37.76545,MORELAND,METROPOLITAN NORTH WEST REGION,2,1,0,1,0,1,0,2,1,0,1,0,0,0,0,0,0,0,0,0,No,0,2,0,1,0,0,MELB_URBAN,MELB_URBAN,MORELAND,METROPOLITAN NORTH WEST REGION,2016,10,October,BRUNSWICK EAST
144.9335011566576,-37.79482068011281,3448524,8/10/2016,10.20.00,No,Collision with vehicle,Saturday,LEFT TURN SIDESWIPE,Day,144.9335,-37.79482,MELBOURNE,METROPOLITAN NORTH WEST REGION,2,1,0,0,1,1,1,1,1,0,1,0,0,0,0,0,0,0,0,0,No,0,2,0,1,0,0,MELB_URBAN,MELB_URBAN,MELBOURNE,METROPOLITAN NORTH WEST REGION,2016,10,October,KENSINGTON
145.02446427213087,-37.92287667954381,3448543,28/9/2016,08.40.00,No,Collision with vehicle,Wednesday,VEHICLE OFF FOOTPATH STRIKES VEH ON CARRIAGEWAY,Day,145.02446,-37.92288,BAYSIDE,METROPOLITAN SOUTH EAST REGION,3,1,0,1,0,2,1,2,1,1,1,0,0,0,0,0,0,0,0,0,No,0,2,0,1,0,0,MELB_URBAN,MELB_URBAN,BAYSIDE,METROPOLITAN SOUTH EAST REGION,2016,9,September,BRIGHTON EAST
145.1488502475277,-37.93227868434408,3448559,5/10/2016,07.50.00,No,Collision with vehicle,Wednesday,VEHICLE STRIKES ANOTHER VEH WHILE EMERGING FROM DRIVEWAY,Day,145.14885,-37.93228,DANDENONG,METROPOLITAN SOUTH EAST REGION,2,1,0,0,1,1,2,0,1,0,1,0,0,0,0,0,0,0,0,0,No,0,2,0,1,0,0,MELB_URBAN,MELB_URBAN,DANDENONG,METROPOLITAN SOUTH EAST REGION,2016,10,October,SPRINGVALE
145.1143622115302,-37.92482944180117,3448567,10/10/2016,15.00.00,No,Collision with vehicle,Monday,CROSS TRAFFIC(INTERSECTIONS ONLY),Day,145.11436,-37.92483,MONASH,METROPOLITAN SOUTH EAST REGION,2,1,0,0,1,1,2,0,1,0,1,0,0,0,0,0,0,0,0,0,No,0,2,0,1,0,0,MELB_URBAN,MELB_URBAN,MONASH,METROPOLITAN SOUTH EAST REGION,2016,10,October,CLAYTON
144.94696800185932,-37.80709106313168,3448572,10/10/2016,16.52.00,No,Collision with vehicle,Monday,OTHER SAME DIRECTION-MANOUEVRES NOT INCLUDED IN DCAs 130-137,Day,144.94697,-37.80709,MELBOURNE,METROPOLITAN NORTH WEST REGION,2,1,0,0,1,1,2,0,1,0,1,0,0,0,0,0,0,0,0,0,No,0,2,1,0,0,0,MELB_URBAN,MELB_URBAN,MELBOURNE,METROPOLITAN NORTH WEST REGION,2016,10,October,WEST MELBOURNE
144.62914016998587,-37.89448321475553,3448577,10/10/2016,16.50.00,No,Collision with vehicle,Monday,OTHER ADJACENT (INTERSECTIONS ONLY),Day,144.62913999999998,-37.89448,WYNDHAM,METROPOLITAN NORTH WEST REGION,3,1,0,0,1,2,2,1,1,1,1,0,0,0,0,0,0,0,0,1,No,0,2,0,1,0,0,MELB_URBAN,MELB_URBAN,WYNDHAM,METROPOLITAN NORTH WEST REGION,2016,10,October,WYNDHAM VALE
145.06157995524507,-37.70030029366431,3448589,3/10/2016,12.00.00,No,Collision with vehicle,Monday,VEHICLE STRIKES ANOTHER VEH WHILE EMERGING FROM DRIVEWAY,Day,145.06158,-37.7003,BANYULE,METROPOLITAN NORTH WEST REGION,2,1,0,0,1,1,1,1,1,0,1,0,0,0,0,0,0,0,0,1,No,0,2,0,1,0,0,MELB_URBAN,MELB_URBAN,BANYULE,METROPOLITAN NORTH WEST REGION,2016,10,October,BUNDOORA
144.97922435009744,-37.79384045899934,3448599,28/9/2016,15.30.00,No,Collision with vehicle,Wednesday,LEAVING PARKING,Day,144.97922,-37.79384,YARRA,METROPOLITAN NORTH WEST REGION,2,1,0,0,1,1,1,1,1,0,1,0,0,0,0,0,0,0,0,0,No,0,2,0,1,0,0,MELB_URBAN,MELB_URBAN,YARRA,METROPOLITAN NORTH WEST REGION,2016,9,September,FITZROY
144.95494641336867,-37.81217752099506,3448600,28/9/2016,15.50.00,No,Collision with vehicle,Wednesday,RIGHT THROUGH,Day,144.95495,-37.81218,MELBOURNE,METROPOLITAN NORTH WEST REGION,2,1,0,0,1,1,2,0,1,0,1,0,0,0,0,0,0,0,0,0,No,0,2,0,1,0,0,MELBOURNE_CBD,"MELBOURNE_CBD,MELB_URBAN",MELBOURNE,METROPOLITAN NORTH WEST REGION,2016,9,September,MELBOURNE
144.9594809373749,-37.799934798905724,3448605,5/9/2016,08.45.00,No,Collision with vehicle,Monday,LEFT REAR,Day,144.95948,-37.799929999999996,MELBOURNE,METROPOLITAN NORTH WEST REGION,2,1,0,0,1,1,2,0,1,0,1,0,0,0,0,0,0,0,0,0,No,0,2,0,1,0,0,MELB_URBAN,MELB_URBAN,MELBOURNE,METROPOLITAN NORTH WEST REGION,2016,9,September,PARKVILLE
145.04762933412755,-37.97917348854081,3448617,5/10/2016,13.00.00,No,Collision with vehicle,Tuesday,LANE SIDE SWIPE (VEHICLES IN PARALLEL LANES),Day,145.04763,-37.97917,BAYSIDE,METROPOLITAN SOUTH EAST REGION,2,1,0,0,1,1,1,1,1,0,1,0,0,0,0,0,0,0,1,0,No,0,2,0,1,0,0,MELB_URBAN,MELB_URBAN,BAYSIDE,METROPOLITAN SOUTH EAST REGION,2016,10,October,BEAUMARIS
144.77441597817239,-37.89547577836628,3448651,27/9/2016,13.00.00,No,Collision with vehicle,Tuesday,RIGHT THROUGH,Day,144.77442,-37.89548,WYNDHAM,METROPOLITAN NORTH WEST REGION,2,1,0,0,1,1,1,0,1,0,0,0,0,0,1,0,0,0,0,0,No,0,2,0,0,0,0,MELB_URBAN,MELB_URBAN,WYNDHAM,METROPOLITAN NORTH WEST REGION,2016,9,September,POINT COOK
145.36609866997162,-37.818019392211156,3448666,5/10/2016,17.20.00,No,Collision with vehicle,Wednesday,RIGHT THROUGH,Day,145.3661,-37.818020000000004,YARRA RANGES,METROPOLITAN SOUTH EAST REGION,2,1,0,0,1,1,2,0,1,0,1,0,0,0,0,0,0,0,0,0,No,0,2,0,1,0,0,MELB_URBAN,MELB_URBAN,YARRA RANGES,METROPOLITAN SOUTH EAST REGION,2016,10,October,KALORAMA
145.40036718843066,-36.38333371072324,3448683,23/9/2016,11.46.00,No,Collision with vehicle,Friday,CROSS TRAFFIC(INTERSECTIONS ONLY),Day,145.40037,-36.38333,SHEPPARTON,NORTH EASTERN REGION,2,1,0,0,1,1,1,1,1,0,1,0,0,0,0,0,0,0,0,0,No,0,2,0,1,0,0,SMALL_CITIES,SMALL_CITIES,SHEPPARTON,NORTH EASTERN REGION,2016,9,September,SHEPPARTON
144.95515348435202,-37.79974724593232,3448689,23/9/2016,15.15.00,No,No collision and no object struck,Friday,OUT OF CONTROL ON CARRIAGEWAY (ON STRAIGHT),Day,144.95515,-37.79975,MELBOURNE,METROPOLITAN NORTH WEST REGION,2,1,0,0,1,1,2,0,1,0,1,0,0,0,0,0,0,0,0,0,No,0,2,0,1,0,0,MELB_URBAN,MELB_URBAN,MELBOURNE,METROPOLITAN NORTH WEST REGION,2016,9,September,NORTH MELBOURNE