X,Y,OBJECTID,ACCIDENT_DATE,ACCIDENT_TIME,ALCOHOLTIME,ACCIDENT_TYPE,DAY_OF_WEEK,DCA_CODE,LIGHT_CONDITION,LONGITUDE,LATITUDE,LGA_NAME,REGION_NAME,TOTAL_PERSONS,INJ_OR_FATAL,FATALITY,SERIOUSINJURY,OTHERINJURY,NONINJURED,MALES,FEMALES,BICYCLIST,PASSENGER,DRIVER,PEDESTRIAN,PILLION,MOTORIST,UNKNOWN,PED_CYCLIST_5_12,PED_CYCLIST_13_18,OLD_PEDESTRIAN,OLD_DRIVER,YOUNG_DRIVER,ALCOHOL_RELATED,UNLICENCSED,NO_OF_VEHICLES,HEAVYVEHICLE,PASSENGERVEHICLE,MOTORCYCLE,PUBLICVEHICLE,DEG_URBAN_NAME,DEG_URBAN_ALL,LGA_NAME_ALL,REGION_NAME_ALL,Year,Month,Month_name,Suburb
144.99245010688807,-37.788200111852156,3453300,24/2/2017,08.46.00,No,Collision with vehicle,Friday,LANE CHANGE LEFT (NOT OVERTAKING),Day,144.99245,-37.7882,YARRA,METROPOLITAN NORTH WEST REGION,2,1,0,0,1,1,1,1,1,0,1,0,0,0,0,0,0,0,0,1,No,0,2,0,1,0,0,MELB_URBAN,MELB_URBAN,YARRA,METROPOLITAN NORTH WEST REGION,2017,2,February,CLIFTON HILL
145.30190483705644,-37.834400579637276,3453317,2/2/2017,19.00.00,Yes,Collision with vehicle,Thursday,UNKNOWN-NO DETAILS ON MANOEUVRES OF ROAD-USERS IN ACCIDENT,Day,145.3019,-37.8344,MAROONDAH,METROPOLITAN SOUTH EAST REGION,2,1,0,0,1,1,0,1,1,0,0,0,0,0,1,0,1,0,0,0,No,0,2,0,0,0,0,MELB_URBAN,MELB_URBAN,MAROONDAH,METROPOLITAN SOUTH EAST REGION,2017,2,February,BAYSWATER NORTH
145.01341438215775,-38.26667887823297,3453319,14/2/2017,05.40.00,Yes,Collision with vehicle,Monday,RIGHT NEAR (INTERSECTIONS ONLY),Unk.,145.01341000000002,-38.26668,MORNINGTON PENINSULA,METROPOLITAN SOUTH EAST REGION,2,2,0,0,2,0,2,0,1,0,1,0,0,0,0,0,0,0,0,0,No,0,2,0,1,0,0,MELB_URBAN,MELB_URBAN,MORNINGTON PENINSULA,METROPOLITAN SOUTH EAST REGION,2017,2,February,MOUNT MARTHA
144.9949039515547,-37.843046875709774,3453326,11/2/2017,14.10.00,Yes,Collision with vehicle,Saturday,VEHICLE STRIKES DOOR OF PARKED/STATIONARY VEHICLE,Day,144.9949,-37.84305,STONNINGTON,METROPOLITAN SOUTH EAST REGION,2,1,0,0,1,1,0,1,1,0,0,0,0,0,1,0,0,0,0,0,No,0,2,0,0,0,0,MELB_URBAN,MELB_URBAN,STONNINGTON,METROPOLITAN SOUTH EAST REGION,2017,2,February,SOUTH YARRA
145.02274049877173,-37.88699752432904,3453339,19/2/2017,17.10.00,Yes,No collision and no object struck,Sunday,OUT OF CONTROL ON CARRIAGEWAY (ON STRAIGHT),Day,145.02274,-37.887,GLEN EIRA,METROPOLITAN SOUTH EAST REGION,1,1,0,0,1,0,1,0,1,0,0,0,0,0,0,0,0,0,0,0,No,0,1,0,0,0,0,MELB_URBAN,MELB_URBAN,GLEN EIRA,METROPOLITAN SOUTH EAST REGION,2017,2,February,CAULFIELD SOUTH
144.70003043822538,-37.845807554238775,3453345,16/2/2017,15.28.00,No,Collision with vehicle,Thursday,VEHICLE STRIKES DOOR OF PARKED/STATIONARY VEHICLE,Day,144.70003,-37.84581,WYNDHAM,METROPOLITAN NORTH WEST REGION,2,1,0,0,1,1,1,1,1,0,1,0,0,0,0,1,0,0,0,1,No,0,2,0,1,0,0,MELB_URBAN,MELB_URBAN,WYNDHAM,METROPOLITAN NORTH WEST REGION,2017,2,February,TARNEIT
145.09152419733132,-37.9992339803942,3453353,3/12/2016,06.30.00,Yes,Collision with vehicle,Saturday,CROSS TRAFFIC(INTERSECTIONS ONLY),Day,145.09152,-37.99923,KINGSTON,METROPOLITAN SOUTH EAST REGION,2,1,0,0,1,1,1,1,1,0,1,0,0,0,0,0,0,0,0,0,No,0,2,0,1,0,0,MELB_URBAN,MELB_URBAN,KINGSTON,METROPOLITAN SOUTH EAST REGION,2016,12,December,PARKDALE
144.96902466827004,-37.797320730630304,3453354,23/2/2017,18.29.00,Yes,Collision with vehicle,Thursday,VEHICLE OFF FOOTPATH STRIKES VEH ON CARRIAGEWAY,Day,144.96902,-37.79732,MELBOURNE,METROPOLITAN NORTH WEST REGION,2,1,0,0,1,1,1,1,1,0,1,0,0,0,0,0,0,0,0,0,No,0,2,0,1,0,0,MELB_URBAN,MELB_URBAN,MELBOURNE,METROPOLITAN NORTH WEST REGION,2017,2,February,CARLTON
143.07194930207172,-38.32799826874845,3453362,8/2/2017,16.35.00,No,Collision with vehicle,Tuesday,CROSS TRAFFIC(INTERSECTIONS ONLY),Day,143.07195,-38.328,CORANGAMITE,SOUTH WESTERN REGION,2,1,0,1,0,1,2,0,1,0,1,0,0,0,0,0,0,0,0,0,No,0,2,0,1,0,0,TOWNS,TOWNS,CORANGAMITE,SOUTH WESTERN REGION,2017,2,February,COBDEN
144.93043609172986,-37.79446717798332,3453378,5/2/2017,17.01.00,Yes,Collision with vehicle,Sunday,RIGHT THROUGH,Day,144.93044,-37.794470000000004,MELBOURNE,METROPOLITAN NORTH WEST REGION,2,1,0,0,1,1,1,1,1,0,1,0,0,0,0,0,0,0,0,0,No,0,2,0,1,0,0,MELB_URBAN,MELB_URBAN,MELBOURNE,METROPOLITAN NORTH WEST REGION,2017,2,February,KENSINGTON
144.96628026427163,-37.814929926633646,3453379,14/2/2017,16.30.00,No,Struck Pedestrian,Tuesday,PED NEAR SIDE. PED HIT BY VEHICLE FROM THE RIGHT.,Unk.,144.96628,-37.81493,MELBOURNE,METROPOLITAN NORTH WEST REGION,2,1,0,0,1,1,1,0,1,0,0,1,0,0,0,0,0,0,0,0,No,0,1,0,0,0,0,MELBOURNE_CBD,MELBOURNE_CBD,MELBOURNE,METROPOLITAN NORTH WEST REGION,2017,2,February,MELBOURNE
144.94175592775684,-37.81213438883157,3453392,18/2/2017,11.50.00,No,Collision with vehicle,Saturday,LEFT NEAR (INTERSECTIONS ONLY),Day,144.94176000000002,-37.812129999999996,MELBOURNE,METROPOLITAN NORTH WEST REGION,2,1,0,0,1,1,2,0,1,0,1,0,0,0,0,0,0,0,0,0,No,0,2,0,1,0,0,MELB_URBAN,MELB_URBAN,MELBOURNE,METROPOLITAN NORTH WEST REGION,2017,2,February,DOCKLANDS
144.97886984809003,-37.79595094440165,3453403,24/2/2017,17.58.00,Yes,Collision with vehicle,Friday,RIGHT THROUGH,Day,144.97887,-37.79595,YARRA,METROPOLITAN NORTH WEST REGION,2,1,0,0,1,1,2,0,1,0,1,0,0,0,0,0,0,0,0,0,No,0,2,0,1,0,0,MELB_URBAN,MELB_URBAN,YARRA,METROPOLITAN NORTH WEST REGION,2017,2,February,FITZROY
144.7698422193163,-37.86185973478631,3453407,24/2/2017,15.15.00,No,Collision with vehicle,Friday,LEFT NEAR (INTERSECTIONS ONLY),Day,144.76984,-37.86186,HOBSONS BAY,METROPOLITAN NORTH WEST REGION,2,1,0,0,1,1,1,1,1,0,1,0,0,0,0,0,1,0,0,0,No,0,2,0,1,0,0,MELB_URBAN,MELB_URBAN,HOBSONS BAY,METROPOLITAN NORTH WEST REGION,2017,2,February,LAVERTON
144.9161687965157,-37.80769766163113,3453409,8/2/2017,16.17.00,No,Collision with vehicle,Wednesday,VEHICLE OFF FOOTPATH STRIKES VEH ON CARRIAGEWAY,Day,144.91617,-37.8077,MELBOURNE,METROPOLITAN NORTH WEST REGION,2,1,0,0,1,1,1,0,1,0,1,0,0,0,0,0,0,0,0,0,No,0,2,1,0,0,0,MELB_URBAN,MELB_URBAN,MELBOURNE,METROPOLITAN NORTH WEST REGION,2017,2,February,WEST MELBOURNE
144.75468087209092,-37.894236801287214,3453416,7/2/2017,16.50.00,No,Collision with vehicle,Tuesday,CROSS TRAFFIC(INTERSECTIONS ONLY),Day,144.75468,-37.89424,WYNDHAM,METROPOLITAN NORTH WEST REGION,2,1,0,0,1,1,1,0,1,0,0,0,0,0,1,0,1,0,0,0,No,0,2,0,0,0,0,MELB_URBAN,MELB_URBAN,WYNDHAM,METROPOLITAN NORTH WEST REGION,2017,2,February,POINT COOK
144.97128000148373,-37.826129996163075,3453431,14/2/2017,17.55.00,No,Collision with vehicle,Tuesday,RIGHT THROUGH,Day,144.97128,-37.82613,MELBOURNE,METROPOLITAN NORTH WEST REGION,2,1,0,0,1,1,2,0,1,0,1,0,0,0,0,0,0,0,0,0,No,0,2,0,1,0,0,MELB_URBAN,MELB_URBAN,MELBOURNE,METROPOLITAN NORTH WEST REGION,2017,2,February,MELBOURNE
144.98843216130888,-37.792738510058925,3453435,18/2/2017,09.30.00,No,Collision with vehicle,Saturday,LEFT NEAR (INTERSECTIONS ONLY),Day,144.98843,-37.79274,YARRA,METROPOLITAN NORTH WEST REGION,2,1,0,0,1,1,1,0,1,0,0,0,0,0,1,0,0,0,0,0,No,0,2,0,0,0,0,MELB_URBAN,MELB_URBAN,YARRA,METROPOLITAN NORTH WEST REGION,2017,2,February,CLIFTON HILL
145.02545930312158,-37.78337992131,3453455,24/2/2017,17.30.00,Yes,Collision with vehicle,Friday,LANE SIDE SWIPE (VEHICLES IN PARALLEL LANES),Day,145.02546,-37.78338,YARRA,METROPOLITAN NORTH WEST REGION,2,1,0,0,1,1,1,1,1,0,1,0,0,0,0,0,0,0,0,1,No,0,2,1,0,0,0,MELB_URBAN,MELB_URBAN,YARRA,METROPOLITAN NORTH WEST REGION,2017,2,February,ALPHINGTON
144.9894193959606,-37.79737530499913,3453457,25/2/2017,08.45.00,No,Collision with vehicle,Saturday,OTHER ADJACENT (INTERSECTIONS ONLY),Day,144.98942,-37.79738,YARRA,METROPOLITAN NORTH WEST REGION,2,1,0,0,1,1,0,1,1,0,0,0,0,0,1,0,0,0,0,0,No,0,2,0,0,0,0,MELB_URBAN,MELB_URBAN,YARRA,METROPOLITAN NORTH WEST REGION,2017,2,February,COLLINGWOOD
144.95323968454758,-37.817092008094725,3453462,7/2/2017,06.45.00,No,Collision with vehicle,Tuesday,VEHICLE STRIKES DOOR OF PARKED/STATIONARY VEHICLE,Day,144.95324,-37.81709,MELBOURNE,METROPOLITAN NORTH WEST REGION,3,1,0,0,1,2,1,2,1,1,1,0,0,0,0,0,0,0,0,0,No,0,2,0,1,0,0,MELBOURNE_CBD,"MELBOURNE_CBD,MELB_URBAN",MELBOURNE,METROPOLITAN NORTH WEST REGION,2017,2,February,MELBOURNE
145.14370050048942,-38.05099966396891,3453468,9/2/2017,17.40.00,No,Collision with vehicle,Thursday,LEFT NEAR (INTERSECTIONS ONLY),Day,145.1437,-38.051,KINGSTON,METROPOLITAN SOUTH EAST REGION,2,1,0,0,1,1,1,1,1,0,1,0,0,0,0,0,0,0,0,0,No,0,2,0,1,0,0,MELB_URBAN,MELB_URBAN,KINGSTON,METROPOLITAN SOUTH EAST REGION,2017,2,February,CHELSEA HEIGHTS
145.0243891841413,-37.87262421670923,3453472,9/2/2017,19.40.00,Yes,Collision with vehicle,Thursday,PULLING OUT -REAR END,Day,145.02438999999998,-37.87262,GLEN EIRA,METROPOLITAN SOUTH EAST REGION,2,1,0,0,1,1,1,1,1,0,1,0,0,0,0,0,0,0,0,0,No,0,2,0,1,0,0,MELB_URBAN,MELB_URBAN,GLEN EIRA,METROPOLITAN SOUTH EAST REGION,2017,2,February,CAULFIELD NORTH
144.93601962032935,-37.79936204509987,3453476,13/2/2017,07.50.00,No,Collision with vehicle,Monday,LANE SIDE SWIPE (VEHICLES IN PARALLEL LANES),Day,144.93601999999998,-37.79936,MELBOURNE,METROPOLITAN NORTH WEST REGION,2,1,0,0,1,1,0,1,1,0,0,0,0,0,1,0,0,0,0,0,No,0,2,0,0,0,0,MELB_URBAN,MELB_URBAN,MELBOURNE,METROPOLITAN NORTH WEST REGION,2017,2,February,KENSINGTON
144.99530248192923,-37.84106928298428,3453494,13/2/2017,08.30.00,No,Collision with vehicle,Monday,RIGHT THROUGH,Day,144.9953,-37.84107,STONNINGTON,METROPOLITAN SOUTH EAST REGION,2,1,0,0,1,1,2,0,1,0,1,0,0,0,0,0,0,0,0,0,No,0,2,0,1,0,0,MELB_URBAN,MELB_URBAN,STONNINGTON,METROPOLITAN SOUTH EAST REGION,2017,2,February,SOUTH YARRA
145.06114021151052,-37.75661017449917,3453500,19/1/2017,19.10.00,Yes,Collision with vehicle,Thursday,REAR END(VEHICLES IN SAME LANE),Day,145.06114,-37.756609999999995,BANYULE,METROPOLITAN NORTH WEST REGION,2,1,0,0,1,1,2,0,1,0,1,0,0,0,0,0,0,0,0,0,No,0,2,0,1,0,0,MELB_URBAN,MELB_URBAN,BANYULE,METROPOLITAN NORTH WEST REGION,2017,1,January,HEIDELBERG
146.97420856674333,-36.74155914144785,3453503,25/2/2017,14.30.00,Yes,No collision and no object struck,Saturday,OUT OF CONTROL ON CARRIAGEWAY (ON STRAIGHT),Day,146.97421,-36.74156,ALPINE,NORTH EASTERN REGION,1,1,0,0,1,0,1,0,1,0,0,0,0,0,0,0,1,0,0,0,No,0,1,0,0,0,0,TOWNS,TOWNS,ALPINE,NORTH EASTERN REGION,2017,2,February,BRIGHT
145.3006080722794,-37.890771841703184,3453505,24/2/2017,17.10.00,Yes,Collision with vehicle,Friday,LANE SIDE SWIPE (VEHICLES IN PARALLEL LANES),Day,145.30061,-37.89077,KNOX,METROPOLITAN SOUTH EAST REGION,2,1,0,0,1,1,0,1,1,0,0,0,0,0,1,0,0,0,0,0,No,0,2,0,0,0,0,MELB_URBAN,MELB_URBAN,KNOX,METROPOLITAN SOUTH EAST REGION,2017,2,February,FERNTREE GULLY
144.96657085657156,-37.80281538356612,3453521,8/2/2017,23.00.00,Yes,Collision with vehicle,Wednesday,RIGHT NEAR (INTERSECTIONS ONLY),Dark Street lights on,144.96657,-37.802820000000004,MELBOURNE,METROPOLITAN NORTH WEST REGION,2,2,0,1,1,0,1,1,1,0,0,0,0,1,0,0,0,0,0,0,No,0,2,0,0,1,0,MELB_URBAN,MELB_URBAN,MELBOURNE,METROPOLITAN NORTH WEST REGION,2017,2,February,CARLTON
145.02564745041548,-37.86775756649627,3453527,15/2/2017,09.00.00,No,Collision with vehicle,Wednesday,RIGHT FAR (INTERSECTIONS ONLY),Day,145.02565,-37.86776,GLEN EIRA,METROPOLITAN SOUTH EAST REGION,2,1,0,0,1,1,2,0,1,0,1,0,0,0,0,0,1,0,0,0,No,0,2,0,1,0,0,MELB_URBAN,MELB_URBAN,GLEN EIRA,METROPOLITAN SOUTH EAST REGION,2017,2,February,CAULFIELD NORTH
144.9972824837593,-37.82929028635081,3453547,20/2/2017,06.00.00,Yes,Collision with vehicle,Monday,LEAVING PARKING,Dark Street lights on,144.99728000000002,-37.82929,YARRA,METROPOLITAN NORTH WEST REGION,2,1,0,0,1,1,0,2,1,1,0,0,0,0,0,0,0,0,0,0,No,0,2,0,1,0,0,MELB_URBAN,MELB_URBAN,YARRA,METROPOLITAN NORTH WEST REGION,2017,2,February,CREMORNE
144.39921811874495,-38.19134250420979,3453549,19/2/2017,08.30.00,Yes,Collision with vehicle,Sunday,LEFT NEAR (INTERSECTIONS ONLY),Day,144.39921999999999,-38.191340000000004,GEELONG,SOUTH WESTERN REGION,2,1,0,1,0,1,1,1,1,0,1,0,0,0,0,0,0,0,0,0,No,0,2,0,1,0,0,LARGE_PROVINCIAL_CITIES,"RURAL_VICTORIA,LARGE_PROVINCIAL_CITIES",GEELONG,SOUTH WESTERN REGION,2017,2,February,ST ALBANS PARK
144.98997925637835,-37.87037473856471,3453555,4/2/2017,14.45.00,Yes,Collision with vehicle,Saturday,RIGHT THROUGH,Day,144.98998,-37.87037,PORT PHILLIP,METROPOLITAN NORTH WEST REGION,2,1,0,0,1,1,2,0,1,0,1,0,0,0,0,0,0,0,0,1,No,0,2,0,1,0,0,MELB_URBAN,MELB_URBAN,PORT PHILLIP,METROPOLITAN NORTH WEST REGION,2017,2,February,ST KILDA
145.09426372734498,-37.98478501140251,3453564,10/2/2017,08.15.00,No,Collision with vehicle,Friday,OTHER ADJACENT (INTERSECTIONS ONLY),Day,145.09426000000002,-37.984790000000004,KINGSTON,METROPOLITAN SOUTH EAST REGION,2,1,0,0,1,1,1,1,1,0,1,0,0,0,0,1,0,0,0,1,No,0,2,0,1,0,0,MELB_URBAN,MELB_URBAN,KINGSTON,METROPOLITAN SOUTH EAST REGION,2017,2,February,PARKDALE
144.97943040055313,-37.77213757193943,3453577,15/2/2017,08.00.00,No,Collision with vehicle,Wednesday,RIGHT THROUGH,Dark No street lights,144.97943,-37.77214,MORELAND,METROPOLITAN NORTH WEST REGION,2,1,0,0,1,1,1,1,1,0,1,0,0,0,0,0,0,0,0,0,No,1,2,0,1,0,0,MELB_URBAN,MELB_URBAN,MORELAND,METROPOLITAN NORTH WEST REGION,2017,2,February,BRUNSWICK EAST
145.42311948848757,-37.92914831370759,3453593,21/2/2017,08.20.00,No,Collision with vehicle,Tuesday,RIGHT NEAR (INTERSECTIONS ONLY),Day,145.42311999999998,-37.92915,CARDINIA,METROPOLITAN SOUTH EAST REGION,4,1,0,0,1,3,1,3,1,2,1,0,0,0,0,0,0,0,0,0,No,0,2,0,1,0,0,MELB_URBAN,MELB_URBAN,CARDINIA,METROPOLITAN SOUTH EAST REGION,2017,2,February,CLEMATIS
144.97483296501895,-37.81178989772298,3453594,21/2/2017,09.13.00,No,Collision with vehicle,Tuesday,VEHICLE STRIKES DOOR OF PARKED/STATIONARY VEHICLE,Day,144.97483,-37.81179,MELBOURNE,METROPOLITAN NORTH WEST REGION,2,1,0,0,1,1,1,1,1,1,0,0,0,0,0,0,0,0,0,0,No,0,2,0,1,0,0,MELB_URBAN,MELB_URBAN,MELBOURNE,METROPOLITAN NORTH WEST REGION,2017,2,February,EAST MELBOURNE
145.05038973183736,-37.98673974700315,3453603,4/2/2017,05.30.00,Yes,Collision with vehicle,Saturday,LEFT TURN SIDESWIPE,Dusk/Dawn,145.05039,-37.986740000000005,BAYSIDE,METROPOLITAN SOUTH EAST REGION,2,1,0,0,1,1,1,1,1,0,1,0,0,0,0,0,0,0,0,0,No,0,2,0,1,0,0,MELB_URBAN,MELB_URBAN,BAYSIDE,METROPOLITAN SOUTH EAST REGION,2017,2,February,BEAUMARIS
145.00597006187962,-37.726909933793046,3453605,5/2/2017,00.41.00,Yes,Collision with vehicle,Sunday,RIGHT THROUGH,Dark Street lights on,145.00597,-37.72691,DAREBIN,METROPOLITAN NORTH WEST REGION,2,1,0,0,1,1,1,1,1,0,1,0,0,0,0,0,0,0,0,0,No,0,2,0,1,0,0,MELB_URBAN,MELB_URBAN,DAREBIN,METROPOLITAN NORTH WEST REGION,2017,2,February,RESERVOIR
145.01812349006863,-37.86979336699177,3453623,9/2/2017,11.00.00,No,Collision with vehicle,Thursday,RIGHT THROUGH,Day,145.01811999999998,-37.86979,GLEN EIRA,METROPOLITAN SOUTH EAST REGION,2,1,0,0,1,1,1,1,1,0,1,0,0,0,0,0,0,0,0,0,No,0,2,0,1,0,0,MELB_URBAN,MELB_URBAN,GLEN EIRA,METROPOLITAN SOUTH EAST REGION,2017,2,February,CAULFIELD NORTH
144.9676639112492,-37.837380059208094,3453672,9/2/2017,18.45.00,Yes,Collision with vehicle,Thursday,VEHICLE OFF FOOTPATH STRIKES VEH ON CARRIAGEWAY,Day,144.96766000000002,-37.837379999999996,PORT PHILLIP,METROPOLITAN NORTH WEST REGION,2,1,0,0,1,1,1,1,1,0,1,0,0,0,0,0,0,0,0,0,No,0,2,0,1,0,0,MELB_URBAN,MELB_URBAN,PORT PHILLIP,METROPOLITAN NORTH WEST REGION,2017,2,February,SOUTH MELBOURNE
144.89668262130704,-37.74620029219408,3453697,21/2/2017,08.20.00,No,Collision with vehicle,Tuesday,VEHICLE STRIKES ANOTHER VEH WHILE EMERGING FROM DRIVEWAY,Unk.,144.89668,-37.7462,MOONEE VALLEY,METROPOLITAN NORTH WEST REGION,2,1,0,0,1,1,1,1,1,0,1,0,0,0,0,0,1,0,0,0,No,0,2,0,1,0,0,MELB_URBAN,MELB_URBAN,MOONEE VALLEY,METROPOLITAN NORTH WEST REGION,2017,2,February,ESSENDON
144.879700003063,-37.589849999294884,3453699,21/2/2017,17.30.00,No,Collision with vehicle,Tuesday,LEFT NEAR (INTERSECTIONS ONLY),Day,144.8797,-37.58985,HUME,METROPOLITAN NORTH WEST REGION,2,1,0,0,1,1,2,0,1,0,1,0,0,0,0,0,0,0,0,0,No,0,2,0,1,0,0,RURAL_VICTORIA,RURAL_VICTORIA,HUME,METROPOLITAN NORTH WEST REGION,2017,2,February,MICKLEHAM
144.92990497570074,-37.77776933189335,3453706,21/2/2017,08.30.00,No,Collision with vehicle,Monday,RIGHT THROUGH,Day,144.9299,-37.777770000000004,MOONEE VALLEY,METROPOLITAN NORTH WEST REGION,2,1,0,0,1,1,2,0,1,0,0,0,0,1,0,0,0,0,0,0,No,0,2,0,0,1,0,MELB_URBAN,MELB_URBAN,MOONEE VALLEY,METROPOLITAN NORTH WEST REGION,2017,2,February,ASCOT VALE
143.84831806099555,-37.57180866536441,3453730,11/2/2017,01.00.00,Yes,No collision and no object struck,Saturday,OUT OF CONTROL ON CARRIAGEWAY (ON STRAIGHT),Dark Street lights on,143.84832,-37.57181,BALLARAT,WESTERN REGION,1,1,0,0,1,0,1,0,1,0,0,0,0,0,0,0,0,0,0,0,No,0,1,0,0,0,0,LARGE_PROVINCIAL_CITIES,LARGE_PROVINCIAL_CITIES,BALLARAT,WESTERN REGION,2017,2,February,REDAN
145.08070997104915,-37.635840160010815,3453733,16/2/2017,08.40.00,No,Collision with vehicle,Thursday,VEHICLE STRIKES ANOTHER VEH WHILE EMERGING FROM DRIVEWAY,Day,145.08071,-37.63584,WHITTLESEA,METROPOLITAN NORTH WEST REGION,2,1,0,0,1,1,1,1,1,0,1,0,0,0,0,1,0,0,0,0,No,0,2,0,1,0,0,MELB_URBAN,MELB_URBAN,WHITTLESEA,METROPOLITAN NORTH WEST REGION,2017,2,February,SOUTH MORANG
144.9637093031018,-37.7429242484202,3453737,16/2/2017,07.19.00,No,Collision with vehicle,Thursday,VEHICLE OFF FOOTPATH STRIKES VEH ON CARRIAGEWAY,Day,144.96371000000002,-37.74292,MORELAND,METROPOLITAN NORTH WEST REGION,2,1,0,0,1,1,1,1,1,0,1,0,0,0,0,0,0,0,0,0,No,0,2,0,1,0,0,MELB_URBAN,MELB_URBAN,MORELAND,METROPOLITAN NORTH WEST REGION,2017,2,February,COBURG
144.95625225289967,-37.803785018875686,3453738,16/2/2017,14.50.00,No,Collision with vehicle,Thursday,RIGHT THROUGH,Day,144.95625,-37.80379,MELBOURNE,METROPOLITAN NORTH WEST REGION,2,1,0,0,1,1,2,0,1,0,1,0,0,0,0,0,0,0,0,0,No,0,2,0,1,0,0,MELB_URBAN,MELB_URBAN,MELBOURNE,METROPOLITAN NORTH WEST REGION,2017,2,February,NORTH MELBOURNE
144.99936030844668,-37.811858353586004,3453743,16/2/2017,16.30.00,No,Collision with vehicle,Thursday,LEAVING PARKING,Day,144.99936,-37.811859999999996,YARRA,METROPOLITAN NORTH WEST REGION,2,1,0,1,0,1,1,1,1,0,1,0,0,0,0,0,0,0,0,0,No,0,2,0,1,0,0,MELB_URBAN,MELB_URBAN,YARRA,METROPOLITAN NORTH WEST REGION,2017,2,February,RICHMOND
145.00195459204997,-37.87740751582932,3455747,29/5/2017,18.00.00,Yes,Collision with vehicle,Monday,RIGHT THROUGH,Dusk/Dawn,145.00195,-37.87741,GLEN EIRA,METROPOLITAN SOUTH EAST REGION,2,2,0,0,2,0,2,0,1,0,1,0,0,0,0,0,0,0,0,0,No,0,2,0,1,0,0,MELB_URBAN,MELB_URBAN,GLEN EIRA,METROPOLITAN SOUTH EAST REGION,2017,5,May,ELSTERNWICK
145.02445466363747,-37.740247572223616,3455765,14/6/2017,19.30.00,Yes,Collision with vehicle,Wednesday,LEFT TURN SIDESWIPE,Dark Street lights on,145.02445,-37.74025,DAREBIN,METROPOLITAN NORTH WEST REGION,2,1,0,0,1,1,1,1,1,0,1,0,0,0,0,0,0,0,0,1,No,0,2,0,1,0,0,MELB_URBAN,MELB_URBAN,DAREBIN,METROPOLITAN NORTH WEST REGION,2017,6,June,PRESTON
144.92298223508004,-37.75559255406737,3455768,15/6/2017,08.00.00,No,Collision with vehicle,Thursday,CROSS TRAFFIC(INTERSECTIONS ONLY),Day,144.92298,-37.755590000000005,MOONEE VALLEY,METROPOLITAN NORTH WEST REGION,2,1,0,0,1,1,1,1,1,0,1,0,0,0,0,0,0,0,0,0,No,0,2,0,1,0,0,MELB_URBAN,MELB_URBAN,MOONEE VALLEY,METROPOLITAN NORTH WEST REGION,2017,6,June,ESSENDON
144.9542808591838,-37.812365083772534,3455772,15/6/2017,18.00.00,Yes,Collision with vehicle,Thursday,RIGHT THROUGH,Dark Street lights on,144.95428,-37.81237,MELBOURNE,METROPOLITAN NORTH WEST REGION,2,1,0,0,1,1,2,0,1,0,1,0,0,0,0,0,0,0,0,0,No,0,2,0,1,0,0,MELBOURNE_CBD,"MELBOURNE_CBD,MELB_URBAN",MELBOURNE,METROPOLITAN NORTH WEST REGION,2017,6,June,MELBOURNE
144.98646016766648,-37.80911899375094,3455800,6/6/2017,17.30.00,No,Collision with vehicle,Tuesday,LEFT TURN SIDESWIPE,Dusk/Dawn,144.98646000000002,-37.80912,YARRA,METROPOLITAN NORTH WEST REGION,2,1,0,0,1,1,2,0,1,0,1,0,0,0,0,0,0,0,0,0,No,0,2,0,1,0,0,MELB_URBAN,MELB_URBAN,YARRA,METROPOLITAN NORTH WEST REGION,2017,6,June,COLLINGWOOD
145.01745125680316,-37.90213651423321,3455803,9/6/2017,07.55.00,No,Collision with vehicle,Friday,CROSS TRAFFIC(INTERSECTIONS ONLY),Day,145.01745,-37.90214,BAYSIDE,METROPOLITAN SOUTH EAST REGION,2,1,0,0,1,1,1,1,1,0,1,0,0,0,0,0,0,0,0,0,No,0,2,0,1,0,0,MELB_URBAN,MELB_URBAN,BAYSIDE,METROPOLITAN SOUTH EAST REGION,2017,6,June,BRIGHTON EAST
143.58131641273295,-38.34044456723415,3455806,9/6/2017,09.40.00,No,Collision with vehicle,Thursday,CROSS TRAFFIC(INTERSECTIONS ONLY),Day,143.58132,-38.34044,COLAC OTWAY,SOUTH WESTERN REGION,2,1,0,0,1,1,2,0,1,0,1,0,0,0,0,0,1,0,1,0,No,0,2,0,1,0,0,SMALL_CITIES,SMALL_CITIES,COLAC OTWAY,SOUTH WESTERN REGION,2017,6,June,COLAC
145.12394696037984,-38.082388654460296,3455808,9/6/2017,09.50.00,No,Collision with vehicle,Friday,RIGHT THROUGH,Day,145.12395,-38.082390000000004,FRANKSTON,METROPOLITAN SOUTH EAST REGION,2,1,0,0,1,1,1,1,1,0,1,0,0,0,0,0,0,0,0,0,No,0,2,0,1,0,0,MELB_URBAN,MELB_URBAN,"FRANKSTON,KINGSTON",METROPOLITAN SOUTH EAST REGION,2017,6,June,CARRUM
144.96929158172915,-37.82542802138608,3455828,18/5/2017,18.10.00,Yes,Collision with vehicle,Wednesday,RIGHT NEAR (INTERSECTIONS ONLY),Dusk/Dawn,144.96929,-37.82543,MELBOURNE,METROPOLITAN NORTH WEST REGION,2,1,0,1,0,1,1,1,1,0,1,0,0,0,0,0,0,0,0,0,No,0,2,0,1,0,0,MELB_URBAN,MELB_URBAN,MELBOURNE,METROPOLITAN NORTH WEST REGION,2017,5,May,SOUTHBANK