X,Y,OBJECTID,ACCIDENT_DATE,ACCIDENT_TIME,ALCOHOLTIME,ACCIDENT_TYPE,DAY_OF_WEEK,DCA_CODE,LIGHT_CONDITION,LONGITUDE,LATITUDE,LGA_NAME,REGION_NAME,TOTAL_PERSONS,INJ_OR_FATAL,FATALITY,SERIOUSINJURY,OTHERINJURY,NONINJURED,MALES,FEMALES,BICYCLIST,PASSENGER,DRIVER,PEDESTRIAN,PILLION,MOTORIST,UNKNOWN,PED_CYCLIST_5_12,PED_CYCLIST_13_18,OLD_PEDESTRIAN,OLD_DRIVER,YOUNG_DRIVER,ALCOHOL_RELATED,UNLICENCSED,NO_OF_VEHICLES,HEAVYVEHICLE,PASSENGERVEHICLE,MOTORCYCLE,PUBLICVEHICLE,DEG_URBAN_NAME,DEG_URBAN_ALL,LGA_NAME_ALL,REGION_NAME_ALL,Year,Month,Month_name,Suburb
145.0109086575329,-37.75336047908214,3456436,14/6/2017,08.45.00,No,Collision with vehicle,Wednesday,CROSS TRAFFIC(INTERSECTIONS ONLY),Day,145.01091,-37.75336,DAREBIN,METROPOLITAN NORTH WEST REGION,2,1,0,0,1,1,1,1,1,0,1,0,0,0,0,0,1,0,0,0,No,0,2,0,1,0,0,MELB_URBAN,MELB_URBAN,DAREBIN,METROPOLITAN NORTH WEST REGION,2017,6,June,PRESTON
145.16946993903358,-37.81234033264085,3456444,27/5/2017,15.30.00,No,Collision with vehicle,Friday,VEHICLE STRIKES ANOTHER VEH WHILE EMERGING FROM DRIVEWAY,Day,145.16947,-37.81234,WHITEHORSE,METROPOLITAN SOUTH EAST REGION,2,1,0,0,1,1,1,1,1,0,1,0,0,0,0,0,1,0,0,0,No,0,2,0,1,0,0,MELB_URBAN,MELB_URBAN,WHITEHORSE,METROPOLITAN SOUTH EAST REGION,2017,5,May,NUNAWADING
145.1038502184363,-37.81555890400977,3456448,28/5/2017,12.15.00,No,Vehicle overturned (no collision),,OUT OF CONTROL ON CARRIAGEWAY (ON STRAIGHT),Day,145.10385,-37.81556,WHITEHORSE,METROPOLITAN SOUTH EAST REGION,1,1,0,0,1,0,1,0,1,0,0,0,0,0,0,0,1,0,0,0,No,0,2,0,1,0,0,MELB_URBAN,MELB_URBAN,WHITEHORSE,METROPOLITAN SOUTH EAST REGION,2017,5,May,MONT ALBERT
144.62786833319097,-37.90159653506925,3456457,22/5/2017,05.45.00,Yes,Collision with vehicle,Monday,RIGHT THROUGH,Dusk/Dawn,144.62787,-37.9016,WYNDHAM,METROPOLITAN NORTH WEST REGION,3,1,0,0,1,2,2,0,1,0,1,0,0,0,1,0,0,0,0,0,No,0,2,0,1,0,0,MELB_URBAN,MELB_URBAN,WYNDHAM,METROPOLITAN NORTH WEST REGION,2017,5,May,WYNDHAM VALE
144.30629743454656,-38.202288599065525,3456466,8/6/2017,06.30.00,No,Collision with vehicle,Wednesday,LEFT NEAR (INTERSECTIONS ONLY),Dark Street lights on,144.3063,-38.202290000000005,GEELONG,SOUTH WESTERN REGION,2,1,0,0,1,1,1,1,1,0,1,0,0,0,0,0,0,0,0,0,No,0,2,0,1,0,0,LARGE_PROVINCIAL_CITIES,LARGE_PROVINCIAL_CITIES,GEELONG,SOUTH WESTERN REGION,2017,6,June,HIGHTON
145.00837250049912,-37.90640018247781,3456479,5/6/2017,06.20.00,No,Collision with vehicle,Monday,OTHER ADJACENT (INTERSECTIONS ONLY),Dusk/Dawn,145.00836999999999,-37.9064,BAYSIDE,METROPOLITAN SOUTH EAST REGION,2,1,0,1,0,1,0,1,1,0,0,0,0,0,1,0,0,0,0,0,No,0,2,0,0,0,0,MELB_URBAN,MELB_URBAN,BAYSIDE,METROPOLITAN SOUTH EAST REGION,2017,6,June,BRIGHTON
144.9812305391945,-37.83397741609952,3456483,8/6/2017,13.45.00,No,Vehicle overturned (no collision),Thursday,OUT OF CONTROL ON CARRIAGEWAY (ON STRAIGHT),Day,144.98123,-37.83398,MELBOURNE,METROPOLITAN NORTH WEST REGION,1,1,0,0,1,0,1,0,1,0,0,0,0,0,0,0,0,0,0,0,No,0,1,0,0,0,0,MELB_URBAN,MELB_URBAN,MELBOURNE,METROPOLITAN NORTH WEST REGION,2017,6,June,SOUTH YARRA
145.0451491544049,-37.8981979566909,3456484,14/6/2017,07.30.00,No,Collision with vehicle,Tuesday,RIGHT THROUGH,Day,145.04515,-37.8982,GLEN EIRA,METROPOLITAN SOUTH EAST REGION,2,1,0,0,1,1,2,0,1,0,1,0,0,0,0,0,0,0,0,0,No,0,2,0,1,0,0,MELB_URBAN,MELB_URBAN,GLEN EIRA,METROPOLITAN SOUTH EAST REGION,2017,6,June,CARNEGIE
145.11067919520116,-37.87351164255833,3456502,24/5/2017,17.30.00,No,Collision with vehicle,Wednesday,TWO RIGHT TURNING (INTERSECTIONS ONLY),Dark Street lights on,145.11068,-37.873509999999996,MONASH,METROPOLITAN SOUTH EAST REGION,2,1,0,0,1,1,0,2,1,0,1,0,0,0,0,0,0,0,0,0,No,0,2,0,1,0,0,MELB_URBAN,MELB_URBAN,MONASH,METROPOLITAN SOUTH EAST REGION,2017,5,May,MOUNT WAVERLEY
146.98217667943956,-36.76321845601945,3456515,29/5/2017,12.20.00,No,Collision with vehicle,Sunday,RIGHT TURN SIDESWIPE,Day,146.98218,-36.763220000000004,ALPINE,NORTH EASTERN REGION,2,1,0,0,1,1,1,1,1,0,1,0,0,0,0,0,0,0,0,0,No,0,2,0,1,0,0,SMALL_TOWNS,SMALL_TOWNS,ALPINE,NORTH EASTERN REGION,2017,5,May,WANDILIGONG
141.60127698270392,-38.34206664143653,3456518,8/6/2017,14.00.00,No,Collision with vehicle,Wednesday,CROSS TRAFFIC(INTERSECTIONS ONLY),Day,141.60128,-38.34207,GLENELG,SOUTH WESTERN REGION,2,1,0,0,1,1,1,1,1,0,1,0,0,0,0,0,0,0,0,0,No,0,2,0,1,0,0,TOWNS,TOWNS,GLENELG,SOUTH WESTERN REGION,2017,6,June,PORTLAND
145.1766102926151,-37.83168003621404,3456519,4/6/2017,06.30.00,No,Vehicle overturned (no collision),,OFF CARRIAGEWAY TO LEFT,Dusk/Dawn,145.17661,-37.83168,WHITEHORSE,METROPOLITAN SOUTH EAST REGION,2,1,0,0,1,1,1,0,1,0,0,0,0,0,1,0,0,0,0,0,No,0,2,0,0,0,0,MELB_URBAN,MELB_URBAN,WHITEHORSE,METROPOLITAN SOUTH EAST REGION,2017,6,June,FOREST HILL
145.35511114081382,-37.908358340363705,3456529,15/6/2017,05.55.00,Yes,Collision with vehicle,Thursday,RIGHT THROUGH,Dark Street lights on,145.35511,-37.908359999999995,YARRA RANGES,METROPOLITAN SOUTH EAST REGION,2,1,0,1,0,1,2,0,1,0,1,0,0,0,0,0,0,0,0,0,No,0,2,0,1,0,0,MELB_URBAN,MELB_URBAN,YARRA RANGES,METROPOLITAN SOUTH EAST REGION,2017,6,June,BELGRAVE
144.95708767850925,-37.81822491637062,3456552,1/5/2017,16.00.00,Yes,Collision with vehicle,Sunday,VEHICLE STRIKES DOOR OF PARKED/STATIONARY VEHICLE,Day,144.95709,-37.818220000000004,MELBOURNE,METROPOLITAN NORTH WEST REGION,2,1,0,0,1,1,1,0,1,0,1,0,0,0,0,0,0,0,0,0,No,0,2,0,1,0,0,MELBOURNE_CBD,MELBOURNE_CBD,MELBOURNE,METROPOLITAN NORTH WEST REGION,2017,5,May,MELBOURNE
144.9630441211499,-37.73737516028577,3456555,16/5/2017,17.16.00,No,Collision with vehicle,Tuesday,OTHER ADJACENT (INTERSECTIONS ONLY),Dusk/Dawn,144.96303999999998,-37.73738,MORELAND,METROPOLITAN NORTH WEST REGION,2,1,0,0,1,1,1,1,1,0,1,0,0,0,0,0,0,0,0,0,No,0,2,0,1,0,0,MELB_URBAN,MELB_URBAN,MORELAND,METROPOLITAN NORTH WEST REGION,2017,5,May,COBURG
144.9404016676632,-37.72017441806757,3456556,16/5/2017,18.05.00,Yes,Collision with vehicle,Tuesday,CROSS TRAFFIC(INTERSECTIONS ONLY),Dark Street lights on,144.9404,-37.72017,MORELAND,METROPOLITAN NORTH WEST REGION,2,1,0,0,1,1,2,0,1,0,1,0,0,0,0,0,0,0,0,0,No,0,2,0,1,0,0,MELB_URBAN,MELB_URBAN,MORELAND,METROPOLITAN NORTH WEST REGION,2017,5,May,PASCOE VALE
144.97238201395962,-37.816009663242326,3456557,16/5/2017,18.55.00,Yes,Collision with vehicle,Tuesday,VEHICLE OFF FOOTPATH STRIKES VEH ON CARRIAGEWAY,Dark Street lights on,144.97238000000002,-37.81601,MELBOURNE,METROPOLITAN NORTH WEST REGION,2,1,0,0,1,1,1,1,1,0,1,0,0,0,0,0,0,0,0,0,No,0,2,0,1,0,0,MELBOURNE_CBD,"MELBOURNE_CBD,MELB_URBAN",MELBOURNE,METROPOLITAN NORTH WEST REGION,2017,5,May,MELBOURNE
144.98803655878982,-37.88446358878426,3456560,15/5/2017,08.00.00,No,Collision with vehicle,Monday,VEHICLE STRIKES ANOTHER VEH WHILE EMERGING FROM DRIVEWAY,Day,144.98803999999998,-37.88446,PORT PHILLIP,METROPOLITAN NORTH WEST REGION,2,1,0,0,1,1,0,2,1,0,1,0,0,0,0,0,0,0,0,0,No,0,2,0,1,0,0,MELB_URBAN,MELB_URBAN,PORT PHILLIP,METROPOLITAN NORTH WEST REGION,2017,5,May,ELWOOD
145.04000472494678,-37.864590574115375,3456562,15/5/2017,06.45.00,No,Collision with vehicle,Monday,RIGHT THROUGH,Dusk/Dawn,145.04,-37.86459,STONNINGTON,METROPOLITAN SOUTH EAST REGION,2,1,0,0,1,1,2,0,1,0,1,0,0,0,0,0,0,0,0,1,No,0,2,0,1,0,0,MELB_URBAN,MELB_URBAN,STONNINGTON,METROPOLITAN SOUTH EAST REGION,2017,5,May,MALVERN EAST
145.03581377350167,-38.255915960139376,3456564,16/5/2017,19.47.00,Yes,Collision with vehicle,Monday,CROSS TRAFFIC(INTERSECTIONS ONLY),Dark Street lights on,145.03581,-38.25592,MORNINGTON PENINSULA,METROPOLITAN SOUTH EAST REGION,2,1,0,0,1,1,1,1,1,0,1,0,0,0,0,0,1,0,0,0,No,0,2,0,1,0,0,MELB_URBAN,"RURAL_VICTORIA,MELB_URBAN",MORNINGTON PENINSULA,METROPOLITAN SOUTH EAST REGION,2017,5,May,MOUNT MARTHA
144.9902557722887,-37.80480727782085,3456574,23/5/2017,08.30.00,No,Collision with vehicle,Monday,RIGHT THROUGH,Day,144.99026,-37.804809999999996,YARRA,METROPOLITAN NORTH WEST REGION,2,1,0,1,0,1,1,1,1,0,1,0,0,0,0,0,0,0,0,0,No,0,2,0,1,0,0,MELB_URBAN,MELB_URBAN,YARRA,METROPOLITAN NORTH WEST REGION,2017,5,May,COLLINGWOOD
145.0187475261289,-37.866469714052904,3456598,10/5/2017,20.15.00,Yes,Collision with vehicle,Wednesday,VEHICLE STRIKES DOOR OF PARKED/STATIONARY VEHICLE,Dark Street lights on,145.01875,-37.86647,GLEN EIRA,METROPOLITAN SOUTH EAST REGION,2,1,0,0,1,1,1,1,1,0,1,0,0,0,0,0,0,0,0,0,No,0,2,0,1,0,0,MELB_URBAN,MELB_URBAN,GLEN EIRA,METROPOLITAN SOUTH EAST REGION,2017,5,May,CAULFIELD NORTH
145.35483735931626,-37.75748687585639,3456618,17/5/2017,14.50.00,No,Vehicle overturned (no collision),Wednesday,OFF CARRIAGEWAY TO LEFT,Day,145.35484,-37.757490000000004,YARRA RANGES,METROPOLITAN SOUTH EAST REGION,2,1,0,1,0,1,2,0,1,0,1,0,0,0,0,0,0,0,0,0,No,0,2,0,0,0,1,MELB_URBAN,MELB_URBAN,YARRA RANGES,METROPOLITAN SOUTH EAST REGION,2017,5,May,LILYDALE
144.95475295348086,-37.79540829718912,3456619,17/5/2017,19.20.00,Yes,Collision with vehicle,Wednesday,CROSS TRAFFIC(INTERSECTIONS ONLY),Dark Street lights on,144.95475,-37.79541,MELBOURNE,METROPOLITAN NORTH WEST REGION,2,1,0,0,1,1,2,0,1,0,1,0,0,0,0,0,0,0,1,0,No,0,2,1,0,0,0,MELB_URBAN,MELB_URBAN,MELBOURNE,METROPOLITAN NORTH WEST REGION,2017,5,May,PARKVILLE
144.710434456347,-37.86849046176132,3456628,23/5/2017,08.15.00,No,Collision with vehicle,Tuesday,VEHICLE OFF FOOTPATH STRIKES VEH ON CARRIAGEWAY,Day,144.71043,-37.86849,WYNDHAM,METROPOLITAN NORTH WEST REGION,2,1,0,0,1,1,1,1,1,0,1,0,0,0,0,1,0,0,0,0,No,0,2,0,1,0,0,MELB_URBAN,MELB_URBAN,WYNDHAM,METROPOLITAN NORTH WEST REGION,2017,5,May,HOPPERS CROSSING
144.9545389543463,-37.818957700465994,3456631,13/5/2017,12.30.00,No,Collision with vehicle,Saturday,VEHICLE STRIKES DOOR OF PARKED/STATIONARY VEHICLE,Day,144.95453999999998,-37.81896,MELBOURNE,METROPOLITAN NORTH WEST REGION,2,2,0,0,2,0,1,0,1,0,1,0,0,0,0,0,0,0,0,0,No,0,2,0,1,0,0,MELBOURNE_CBD,MELBOURNE_CBD,MELBOURNE,METROPOLITAN NORTH WEST REGION,2017,5,May,MELBOURNE
144.9581705812243,-37.77779698137458,3456632,23/5/2017,10.39.00,No,Collision with vehicle,Tuesday,VEHICLE OFF FOOTPATH STRIKES VEH ON CARRIAGEWAY,Day,144.95817,-37.7778,MELBOURNE,METROPOLITAN NORTH WEST REGION,2,1,0,0,1,1,2,0,1,0,1,0,0,0,0,0,0,0,0,1,No,0,2,0,1,0,0,MELB_URBAN,MELB_URBAN,"MORELAND,MELBOURNE",METROPOLITAN NORTH WEST REGION,2017,5,May,PARKVILLE
144.96501936280114,-37.81593861792693,3456645,4/5/2017,08.45.00,No,Collision with vehicle,Thursday,VEHICLE STRIKES DOOR OF PARKED/STATIONARY VEHICLE,Day,144.96501999999998,-37.815940000000005,MELBOURNE,METROPOLITAN NORTH WEST REGION,3,1,0,0,1,2,3,0,1,0,2,0,0,0,0,0,0,0,0,0,No,0,3,0,2,0,0,MELBOURNE_CBD,MELBOURNE_CBD,MELBOURNE,METROPOLITAN NORTH WEST REGION,2017,5,May,MELBOURNE
144.83473978743152,-37.82968068240917,3456660,17/5/2017,18.00.00,Yes,Collision with vehicle,Wednesday,RIGHT THROUGH,Dark Street lights on,144.83473999999998,-37.829679999999996,HOBSONS BAY,METROPOLITAN NORTH WEST REGION,2,1,0,0,1,1,1,0,1,0,0,0,0,0,1,1,0,0,0,0,No,0,2,0,0,0,0,MELB_URBAN,MELB_URBAN,HOBSONS BAY,METROPOLITAN NORTH WEST REGION,2017,5,May,ALTONA NORTH
145.19956063233602,-37.84349008003423,3456661,17/5/2017,16.30.00,No,Collision with vehicle,Wednesday,REAR END(VEHICLES IN SAME LANE),Day,145.19956000000002,-37.84349,WHITEHORSE,METROPOLITAN SOUTH EAST REGION,2,1,0,0,1,1,0,1,1,0,0,0,0,0,1,0,1,0,0,0,No,0,2,0,0,0,0,MELB_URBAN,MELB_URBAN,WHITEHORSE,METROPOLITAN SOUTH EAST REGION,2017,5,May,VERMONT
144.96987945032325,-37.85827376276136,3456674,23/5/2017,17.50.00,No,Collision with vehicle,Tuesday,RIGHT/LEFT. ONE VEH TURNING RIGHT THE OTHER LEFT.,Dark Street lights on,144.96988000000002,-37.858270000000005,PORT PHILLIP,METROPOLITAN NORTH WEST REGION,2,1,0,1,0,1,2,0,1,0,1,0,0,0,0,0,0,0,0,0,No,0,2,0,1,0,0,MELB_URBAN,MELB_URBAN,PORT PHILLIP,METROPOLITAN NORTH WEST REGION,2017,5,May,ST KILDA WEST
145.01311455416135,-37.85451810023769,3456701,10/5/2017,16.00.00,No,Collision with vehicle,Wednesday,VEHICLE OFF FOOTPATH STRIKES VEH ON CARRIAGEWAY,Day,145.01311,-37.85452,STONNINGTON,METROPOLITAN SOUTH EAST REGION,2,1,0,0,1,1,2,0,1,0,1,0,0,0,0,1,0,0,0,0,No,0,2,0,1,0,0,MELB_URBAN,MELB_URBAN,STONNINGTON,METROPOLITAN SOUTH EAST REGION,2017,5,May,ARMADALE
145.2671583163527,-38.03567889468869,3456709,11/5/2017,15.50.00,No,Collision with vehicle,Thursday,VEHICLE OFF FOOTPATH STRIKES VEH ON CARRIAGEWAY,Day,145.26716000000002,-38.03568,CASEY,METROPOLITAN SOUTH EAST REGION,2,1,0,0,1,1,2,0,1,0,1,0,0,0,0,1,0,0,0,1,No,0,2,0,1,0,0,MELB_URBAN,MELB_URBAN,CASEY,METROPOLITAN SOUTH EAST REGION,2017,5,May,HAMPTON PARK
144.9453537476674,-37.79252388488766,3456719,18/4/2017,11.00.00,No,Vehicle overturned (no collision),Tuesday,OFF CARRIAGEWAY TO LEFT,Day,144.94535,-37.79252,MELBOURNE,METROPOLITAN NORTH WEST REGION,1,1,1,0,0,0,1,0,1,0,0,0,0,0,0,0,0,0,0,0,No,0,1,0,0,0,0,MELB_URBAN,MELB_URBAN,MELBOURNE,METROPOLITAN NORTH WEST REGION,2017,4,April,NORTH MELBOURNE
144.91713592486394,-37.59092952798367,3456724,24/5/2017,08.45.00,No,Collision with vehicle,Wednesday,LEFT NEAR (INTERSECTIONS ONLY),Day,144.91714,-37.59093,HUME,METROPOLITAN NORTH WEST REGION,5,1,0,0,1,4,1,2,1,3,1,0,0,0,0,0,0,0,0,0,No,0,3,0,2,0,0,MELB_URBAN,MELB_URBAN,HUME,METROPOLITAN NORTH WEST REGION,2017,5,May,CRAIGIEBURN
144.9494599115944,-37.772179991035536,3456726,24/5/2017,08.50.00,No,Struck Pedestrian,Tuesday,FAR SIDE. PED HIT BY VEHICLE FROM THE LEFT,Day,144.94946000000002,-37.77218,MORELAND,METROPOLITAN NORTH WEST REGION,2,1,0,0,1,1,1,1,1,0,0,1,0,0,0,0,0,0,0,0,No,0,1,0,0,0,0,MELB_URBAN,MELB_URBAN,MORELAND,METROPOLITAN NORTH WEST REGION,2017,5,May,BRUNSWICK WEST
145.02941766259215,-37.70923312922695,3453747,22/2/2017,07.30.00,No,Collision with vehicle,Wednesday,RIGHT THROUGH,Day,145.02942,-37.70923,DAREBIN,METROPOLITAN NORTH WEST REGION,2,1,0,0,1,1,2,0,1,0,1,0,0,0,0,0,0,0,0,0,No,0,2,0,1,0,0,MELB_URBAN,MELB_URBAN,DAREBIN,METROPOLITAN NORTH WEST REGION,2017,2,February,RESERVOIR
143.85859206337062,-37.56189096906847,3453751,22/2/2017,08.20.00,No,Collision with vehicle,Tuesday,LEFT TURN SIDESWIPE,Day,143.85859,-37.561890000000005,BALLARAT,WESTERN REGION,2,1,0,0,1,1,1,1,1,0,1,0,0,0,0,0,0,0,0,1,No,0,2,0,1,0,0,LARGE_PROVINCIAL_CITIES,LARGE_PROVINCIAL_CITIES,BALLARAT,WESTERN REGION,2017,2,February,BALLARAT CENTRAL
144.98650344105576,-37.80407036747417,3453764,6/2/2017,08.30.00,No,Collision with vehicle,Monday,RIGHT THROUGH,Day,144.9865,-37.80407,YARRA,METROPOLITAN NORTH WEST REGION,2,1,0,1,0,1,2,0,1,0,1,0,0,0,0,0,0,0,0,0,No,0,2,0,1,0,0,MELB_URBAN,MELB_URBAN,YARRA,METROPOLITAN NORTH WEST REGION,2017,2,February,COLLINGWOOD
145.09698066332453,-37.86626629915797,3453776,11/2/2017,07.00.00,Yes,Collision with vehicle,Saturday,LEFT TURN SIDESWIPE,Day,145.09698,-37.86627,MONASH,METROPOLITAN SOUTH EAST REGION,2,1,0,1,0,1,1,1,1,0,1,0,0,0,0,0,0,0,0,1,No,0,2,0,1,0,0,MELB_URBAN,MELB_URBAN,MONASH,METROPOLITAN SOUTH EAST REGION,2017,2,February,ASHWOOD
144.96611137737503,-37.82759025848132,3453778,10/2/2017,17.45.00,Yes,Collision with vehicle,Friday,VEHICLE STRIKES DOOR OF PARKED/STATIONARY VEHICLE,Day,144.96611000000001,-37.82759,MELBOURNE,METROPOLITAN NORTH WEST REGION,1,1,0,0,1,0,1,0,1,0,0,0,0,0,0,0,0,0,0,0,No,0,2,0,1,0,0,MELB_URBAN,MELB_URBAN,MELBOURNE,METROPOLITAN NORTH WEST REGION,2017,2,February,SOUTHBANK
144.89717673782684,-37.81437537289705,3453802,15/2/2017,08.15.00,No,Collision with vehicle,Wednesday,LEFT TURN SIDESWIPE,Day,144.89718,-37.81438,MARIBYRNONG,METROPOLITAN NORTH WEST REGION,2,1,0,0,1,1,0,2,1,0,1,0,0,0,0,0,0,0,0,0,No,0,2,0,1,0,0,MELB_URBAN,MELB_URBAN,MARIBYRNONG,METROPOLITAN NORTH WEST REGION,2017,2,February,YARRAVILLE
144.95784003327162,-37.77387982255549,3453804,17/2/2017,16.30.00,Yes,Collision with vehicle,Friday,VEHICLE STRIKES DOOR OF PARKED/STATIONARY VEHICLE,Day,144.95784,-37.77388,MORELAND,METROPOLITAN NORTH WEST REGION,2,1,0,0,1,1,0,1,1,0,1,0,0,0,0,0,0,0,0,0,No,0,2,0,1,0,0,MELB_URBAN,MELB_URBAN,MORELAND,METROPOLITAN NORTH WEST REGION,2017,2,February,BRUNSWICK
144.99622387412208,-37.88948049890808,3453854,16/2/2017,19.30.00,Yes,Collision with vehicle,Thursday,VEHICLE STRIKES DOOR OF PARKED/STATIONARY VEHICLE,Day,144.99622,-37.88948,BAYSIDE,METROPOLITAN SOUTH EAST REGION,2,1,0,1,0,1,0,2,1,0,1,0,0,0,0,0,0,0,0,0,No,0,2,0,1,0,0,MELB_URBAN,MELB_URBAN,BAYSIDE,METROPOLITAN SOUTH EAST REGION,2017,2,February,BRIGHTON
144.96514917851323,-37.77764440825227,3453859,7/2/2017,08.30.00,No,Collision with vehicle,Monday,VEHICLE STRIKES ANOTHER VEH WHILE EMERGING FROM DRIVEWAY,Day,144.96515,-37.777640000000005,MORELAND,METROPOLITAN NORTH WEST REGION,2,1,0,0,1,1,1,1,1,0,1,0,0,0,0,0,0,0,0,1,No,0,2,0,1,0,0,MELB_URBAN,MELB_URBAN,MORELAND,METROPOLITAN NORTH WEST REGION,2017,2,February,BRUNSWICK
144.9774183722732,-37.85004056695065,3453869,7/2/2017,07.45.00,No,Collision with vehicle,Tuesday,RIGHT THROUGH,Day,144.97742,-37.85004,PORT PHILLIP,METROPOLITAN NORTH WEST REGION,2,1,0,0,1,1,1,1,1,0,1,0,0,0,0,0,0,0,0,1,No,0,2,0,1,0,0,MELB_URBAN,MELB_URBAN,PORT PHILLIP,METROPOLITAN NORTH WEST REGION,2017,2,February,ALBERT PARK
144.28616973671066,-36.754116719443424,3453912,22/2/2017,12.00.00,No,Collision with vehicle,Tuesday,RIGHT THROUGH,Day,144.28617,-36.75412,BENDIGO,NORTHERN REGION,2,1,0,0,1,1,0,2,1,0,1,0,0,0,0,0,0,0,0,0,No,0,2,0,1,0,0,LARGE_PROVINCIAL_CITIES,LARGE_PROVINCIAL_CITIES,BENDIGO,NORTHERN REGION,2017,2,February,BENDIGO
144.84825175444652,-37.83122509801207,3453917,6/2/2017,16.55.00,Yes,Collision with vehicle,Sunday,RIGHT/LEFT. ONE VEH TURNING RIGHT THE OTHER LEFT.,Day,144.84825,-37.83123,HOBSONS BAY,METROPOLITAN NORTH WEST REGION,2,1,0,0,1,1,2,0,1,0,1,0,0,0,0,0,0,0,1,0,No,0,2,0,1,0,0,MELB_URBAN,MELB_URBAN,HOBSONS BAY,METROPOLITAN NORTH WEST REGION,2017,2,February,ALTONA NORTH
144.8843299972597,-37.79815998771733,3453920,6/2/2017,11.00.00,No,Collision with vehicle,Monday,VEHICLE STRIKES DOOR OF PARKED/STATIONARY VEHICLE,Unk.,144.88433,-37.798159999999996,MARIBYRNONG,METROPOLITAN NORTH WEST REGION,2,1,0,0,1,1,0,0,1,0,0,0,0,0,1,0,0,0,0,0,No,0,2,0,0,0,0,MELB_URBAN,MELB_URBAN,MARIBYRNONG,METROPOLITAN NORTH WEST REGION,2017,2,February,FOOTSCRAY
144.40085766788678,-38.182497910819066,3453922,7/2/2017,09.00.00,No,Collision with vehicle,Monday,CROSS TRAFFIC(INTERSECTIONS ONLY),Day,144.40086000000002,-38.1825,GEELONG,SOUTH WESTERN REGION,2,1,0,1,0,1,0,1,1,0,0,0,0,0,1,0,0,0,0,0,No,0,2,0,0,0,0,LARGE_PROVINCIAL_CITIES,LARGE_PROVINCIAL_CITIES,GEELONG,SOUTH WESTERN REGION,2017,2,February,WHITTINGTON
145.0235523963939,-37.83389705093121,3453932,11/2/2017,07.00.00,Yes,Collision with vehicle,Saturday,REAR END(VEHICLES IN SAME LANE),Day,145.02355,-37.8339,YARRA,METROPOLITAN NORTH WEST REGION,2,1,0,0,1,1,1,1,1,0,1,0,0,0,0,0,0,0,0,0,No,0,2,0,1,0,0,MELB_URBAN,MELB_URBAN,YARRA,METROPOLITAN NORTH WEST REGION,2017,2,February,BURNLEY
145.15036080419353,-37.96216942766328,3453941,17/2/2017,16.12.00,Yes,Collision with vehicle,Friday,LANE CHANGE LEFT (NOT OVERTAKING),Day,145.15036,-37.96217,DANDENONG,METROPOLITAN SOUTH EAST REGION,2,1,0,0,1,1,1,1,1,0,1,0,0,0,0,1,0,0,1,0,No,0,2,0,1,0,0,MELB_URBAN,MELB_URBAN,DANDENONG,METROPOLITAN SOUTH EAST REGION,2017,2,February,SPRINGVALE SOUTH
144.90241746543802,-37.86098048489254,3453953,17/2/2017,21.00.00,Yes,Collision with vehicle,Friday,LEFT TURN SIDESWIPE,Dark Street lights on,144.90242,-37.86098,HOBSONS BAY,METROPOLITAN NORTH WEST REGION,2,2,0,0,2,0,2,0,2,0,0,0,0,0,0,0,2,0,0,0,No,0,2,0,0,0,0,MELB_URBAN,MELB_URBAN,HOBSONS BAY,METROPOLITAN NORTH WEST REGION,2017,2,February,WILLIAMSTOWN
145.09993949190803,-37.926192399818866,3453966,23/2/2017,10.45.00,No,Collision with vehicle,Thursday,VEHICLE STRIKES ANOTHER VEH WHILE EMERGING FROM DRIVEWAY,Day,145.09994,-37.926190000000005,KINGSTON,METROPOLITAN SOUTH EAST REGION,2,1,0,0,1,1,1,1,1,0,1,0,0,0,0,0,0,0,0,0,No,0,2,0,1,0,0,MELB_URBAN,MELB_URBAN,"MONASH,KINGSTON",METROPOLITAN SOUTH EAST REGION,2017,2,February,OAKLEIGH SOUTH
144.9802124144698,-37.84903943751362,3453974,7/2/2017,16.50.00,No,Collision with vehicle,Tuesday,LEAVING PARKING,Day,144.98021,-37.84904,MELBOURNE,METROPOLITAN NORTH WEST REGION,2,1,0,0,1,1,0,2,1,0,1,0,0,0,0,0,0,0,0,0,No,0,2,0,1,0,0,MELB_URBAN,MELB_URBAN,"PORT PHILLIP,MELBOURNE",METROPOLITAN NORTH WEST REGION,2017,2,February,MELBOURNE
145.04281943436197,-37.99066933966649,3453999,18/2/2017,09.20.00,No,Collision with vehicle,Saturday,LEFT NEAR (INTERSECTIONS ONLY),Day,145.04282,-37.99067,BAYSIDE,METROPOLITAN SOUTH EAST REGION,3,2,0,0,2,1,0,3,2,0,1,0,0,0,0,0,0,0,0,0,No,0,3,0,1,0,0,MELB_URBAN,MELB_URBAN,BAYSIDE,METROPOLITAN SOUTH EAST REGION,2017,2,February,BEAUMARIS
145.0629803845763,-37.94226814764455,3454001,18/2/2017,10.30.00,No,Collision with vehicle,Saturday,VEHICLE COLLIDES WITH VEHICLE PARKED ON LEFT OF ROAD,Day,145.06298,-37.94227,KINGSTON,METROPOLITAN SOUTH EAST REGION,2,1,0,0,1,1,2,0,1,0,1,0,0,0,0,0,0,0,0,0,No,0,2,0,1,0,0,MELB_URBAN,MELB_URBAN,KINGSTON,METROPOLITAN SOUTH EAST REGION,2017,2,February,MOORABBIN