X,Y,OBJECTID,ACCIDENT_DATE,ACCIDENT_TIME,ALCOHOLTIME,ACCIDENT_TYPE,DAY_OF_WEEK,DCA_CODE,LIGHT_CONDITION,LONGITUDE,LATITUDE,LGA_NAME,REGION_NAME,TOTAL_PERSONS,INJ_OR_FATAL,FATALITY,SERIOUSINJURY,OTHERINJURY,NONINJURED,MALES,FEMALES,BICYCLIST,PASSENGER,DRIVER,PEDESTRIAN,PILLION,MOTORIST,UNKNOWN,PED_CYCLIST_5_12,PED_CYCLIST_13_18,OLD_PEDESTRIAN,OLD_DRIVER,YOUNG_DRIVER,ALCOHOL_RELATED,UNLICENCSED,NO_OF_VEHICLES,HEAVYVEHICLE,PASSENGERVEHICLE,MOTORCYCLE,PUBLICVEHICLE,DEG_URBAN_NAME,DEG_URBAN_ALL,LGA_NAME_ALL,REGION_NAME_ALL,Year,Month,Month_name,Suburb
144.95948646964987,-37.80414375565357,3454608,13/4/2017,16.15.00,No,Collision with vehicle,Thursday,LEFT TURN SIDESWIPE,Day,144.95949,-37.804140000000004,MELBOURNE,METROPOLITAN NORTH WEST REGION,2,1,0,0,1,1,2,0,1,0,1,0,0,0,0,0,0,0,0,1,No,0,2,0,1,0,0,MELB_URBAN,MELB_URBAN,MELBOURNE,METROPOLITAN NORTH WEST REGION,2017,4,April,CARLTON
144.96432285398092,-37.816769174140155,3454621,20/4/2017,11.30.00,No,Collision with vehicle,Thursday,VEHICLE STRIKES DOOR OF PARKED/STATIONARY VEHICLE,Day,144.96432,-37.81677,MELBOURNE,METROPOLITAN NORTH WEST REGION,3,1,0,0,1,2,2,0,1,1,1,0,0,0,0,0,0,0,0,0,No,0,3,0,2,0,0,MELBOURNE_CBD,MELBOURNE_CBD,MELBOURNE,METROPOLITAN NORTH WEST REGION,2017,4,April,MELBOURNE
142.4775649955197,-38.37365034685764,3454624,20/4/2017,12.30.00,No,Collision with vehicle,Thursday,LEFT NEAR (INTERSECTIONS ONLY),Day,142.47756,-38.37365,WARRNAMBOOL,SOUTH WESTERN REGION,2,1,0,1,0,1,2,0,1,0,1,0,0,0,0,0,0,0,0,0,No,0,2,0,0,0,0,SMALL_CITIES,SMALL_CITIES,WARRNAMBOOL,SOUTH WESTERN REGION,2017,4,April,WARRNAMBOOL
144.95920172213374,-37.81539375512934,3454627,20/4/2017,14.15.00,No,Collision with vehicle,Thursday,VEHICLE STRIKES DOOR OF PARKED/STATIONARY VEHICLE,Day,144.9592,-37.81539,MELBOURNE,METROPOLITAN NORTH WEST REGION,2,1,0,0,1,1,2,0,1,0,1,0,0,0,0,0,0,0,0,0,No,0,2,0,1,0,0,MELBOURNE_CBD,MELBOURNE_CBD,MELBOURNE,METROPOLITAN NORTH WEST REGION,2017,4,April,MELBOURNE
144.9784668872104,-37.798337334606956,3454636,24/4/2017,17.15.00,No,Collision with vehicle,Monday,RIGHT THROUGH,Day,144.97847,-37.79834,YARRA,METROPOLITAN NORTH WEST REGION,3,1,0,0,1,2,3,0,1,0,2,0,0,0,0,0,0,0,0,0,No,0,3,0,2,0,0,MELB_URBAN,MELB_URBAN,YARRA,METROPOLITAN NORTH WEST REGION,2017,4,April,FITZROY
144.7576461942826,-37.878249166853855,3454643,9/4/2017,07.30.00,Yes,Collision with vehicle,Sunday,LEFT NEAR (INTERSECTIONS ONLY),Day,144.75765,-37.87825,HOBSONS BAY,METROPOLITAN NORTH WEST REGION,2,1,0,1,0,1,2,0,1,0,1,0,0,0,0,0,0,0,0,0,No,0,2,0,1,0,0,MELB_URBAN,MELB_URBAN,HOBSONS BAY,METROPOLITAN NORTH WEST REGION,2017,4,April,SEABROOK
145.043195678032,-37.85335147333323,3454669,27/3/2017,17.00.00,No,No collision and no object struck,Monday,OUT OF CONTROL ON CARRIAGEWAY (ON STRAIGHT),Day,145.0432,-37.85335,STONNINGTON,METROPOLITAN SOUTH EAST REGION,1,1,0,1,0,0,1,0,1,0,0,0,0,0,0,0,0,0,0,0,No,0,1,0,0,0,0,MELB_URBAN,MELB_URBAN,STONNINGTON,METROPOLITAN SOUTH EAST REGION,2017,3,March,GLEN IRIS
145.16293171559786,-37.992964940628475,3454672,20/4/2017,15.40.00,No,Collision with vehicle,Thursday,VEHICLE OFF FOOTPATH STRIKES VEH ON CARRIAGEWAY,Day,145.16293000000002,-37.99296,DANDENONG,METROPOLITAN SOUTH EAST REGION,2,1,0,1,0,1,2,0,1,0,1,0,0,0,0,0,1,0,0,0,No,0,2,0,1,0,0,MELB_URBAN,MELB_URBAN,DANDENONG,METROPOLITAN SOUTH EAST REGION,2017,4,April,KEYSBOROUGH
144.97903652202726,-37.80171889739327,3454674,20/4/2017,18.10.00,Yes,Collision with vehicle,Thursday,RIGHT THROUGH,Dark Street lights unknown,144.97904,-37.80172,YARRA,METROPOLITAN NORTH WEST REGION,2,1,0,0,1,1,2,0,1,0,1,0,0,0,0,0,0,0,1,0,No,0,2,0,1,0,0,MELB_URBAN,MELB_URBAN,YARRA,METROPOLITAN NORTH WEST REGION,2017,4,April,FITZROY
144.9895968245718,-37.820139667877434,3454695,9/4/2017,03.15.00,Yes,Collision with vehicle,Sunday,REAR END(VEHICLES IN SAME LANE),Dark Street lights on,144.9896,-37.82014,MELBOURNE,METROPOLITAN NORTH WEST REGION,2,1,0,1,0,1,1,1,1,0,1,0,0,0,0,0,0,0,0,1,No,0,2,0,1,0,0,MELB_URBAN,MELB_URBAN,"YARRA,MELBOURNE",METROPOLITAN NORTH WEST REGION,2017,4,April,RICHMOND
144.99538735394023,-37.84994976391889,3454705,26/2/2017,17.15.00,Yes,Collision with vehicle,Sunday,RIGHT NEAR (INTERSECTIONS ONLY),Day,144.99539,-37.84995,STONNINGTON,METROPOLITAN SOUTH EAST REGION,2,1,0,0,1,1,2,0,1,0,1,0,0,0,0,0,0,0,0,1,No,0,2,0,1,0,0,MELB_URBAN,MELB_URBAN,STONNINGTON,METROPOLITAN SOUTH EAST REGION,2017,2,February,PRAHRAN
145.00962963866084,-37.7840780729415,3454711,14/4/2017,08.17.00,No,Collision with vehicle,Friday,LEFT TURN SIDESWIPE,Day,145.00963000000002,-37.784079999999996,DAREBIN,METROPOLITAN NORTH WEST REGION,2,1,0,1,0,1,0,1,1,0,1,0,0,0,0,0,0,0,0,0,No,0,2,0,1,0,0,MELB_URBAN,MELB_URBAN,"YARRA,DAREBIN",METROPOLITAN NORTH WEST REGION,2017,4,April,FAIRFIELD
145.5269707569287,-38.06417323192921,3454715,14/4/2017,08.50.00,No,Collision with vehicle,Friday,REAR END(VEHICLES IN SAME LANE),Day,145.52697,-38.064170000000004,CARDINIA,METROPOLITAN SOUTH EAST REGION,2,1,1,0,0,1,2,0,1,0,1,0,0,0,0,0,0,0,0,0,No,0,2,0,1,0,0,RURAL_VICTORIA,RURAL_VICTORIA,CARDINIA,METROPOLITAN SOUTH EAST REGION,2017,4,April,PAKENHAM
144.97845330982062,-37.85071517554058,3454723,20/4/2017,17.40.00,No,Collision with vehicle,Thursday,VEHICLE OFF FOOTPATH STRIKES VEH ON CARRIAGEWAY,Dark Street lights on,144.97845,-37.85072,PORT PHILLIP,METROPOLITAN NORTH WEST REGION,2,1,0,0,1,1,2,0,1,0,0,0,0,1,0,0,0,0,0,0,No,0,2,0,0,1,0,MELB_URBAN,MELB_URBAN,PORT PHILLIP,METROPOLITAN NORTH WEST REGION,2017,4,April,MELBOURNE
144.93792057101984,-37.598579513599056,3454724,20/4/2017,17.55.00,No,Collision with vehicle,Wednesday,VEHICLE OFF FOOTPATH STRIKES VEH ON CARRIAGEWAY,Dusk/Dawn,144.93792,-37.59858,HUME,METROPOLITAN NORTH WEST REGION,2,1,0,0,1,1,2,0,1,0,1,0,0,0,0,0,1,0,0,0,No,0,2,0,1,0,0,MELB_URBAN,MELB_URBAN,HUME,METROPOLITAN NORTH WEST REGION,2017,4,April,CRAIGIEBURN
145.09473416528004,-37.71209967570085,3454728,21/4/2017,08.00.00,No,Collision with vehicle,Friday,REAR END(VEHICLES IN SAME LANE),Day,145.09473,-37.7121,BANYULE,METROPOLITAN NORTH WEST REGION,2,1,0,0,1,1,0,2,1,0,1,0,0,0,0,0,0,0,0,0,No,0,2,0,1,0,0,MELB_URBAN,MELB_URBAN,BANYULE,METROPOLITAN NORTH WEST REGION,2017,4,April,WATSONIA
144.98180530500005,-37.80624087813582,3449770,13/12/2016,17.20.00,No,Collision with vehicle,Tuesday,RIGHT THROUGH,Day,144.98181,-37.80624,YARRA,METROPOLITAN NORTH WEST REGION,2,1,0,0,1,1,1,1,1,0,1,0,0,0,0,0,0,0,0,0,No,0,2,0,1,0,0,MELB_URBAN,MELB_URBAN,YARRA,METROPOLITAN NORTH WEST REGION,2016,12,December,FITZROY
142.1512742028684,-34.175556532408926,3449775,13/12/2016,21.25.00,Yes,Collision with vehicle,Monday,VEHICLE COLLIDES WITH VEHICLE PARKED ON LEFT OF ROAD,Dark Street lights on,142.15126999999998,-34.17556,MILDURA,WESTERN REGION,1,1,0,0,1,0,1,0,1,0,0,0,0,0,0,0,0,0,0,0,No,0,2,0,1,0,0,SMALL_CITIES,SMALL_CITIES,MILDURA,WESTERN REGION,2016,12,December,MILDURA
145.23716144700447,-38.01956863063053,3449781,28/11/2016,18.12.00,Yes,Collision with vehicle,Monday,REAR END(VEHICLES IN SAME LANE),Day,145.23716000000002,-38.01957,DANDENONG,METROPOLITAN SOUTH EAST REGION,2,1,0,1,0,1,1,1,1,0,1,0,0,0,0,0,0,0,0,1,No,0,2,0,1,0,0,MELB_URBAN,MELB_URBAN,DANDENONG,METROPOLITAN SOUTH EAST REGION,2016,11,November,DANDENONG SOUTH
144.99967041040648,-37.86640802701485,3449790,28/11/2016,11.00.00,No,Collision with vehicle,Monday,VEHICLE STRIKES DOOR OF PARKED/STATIONARY VEHICLE,Unk.,144.99967,-37.866409999999995,PORT PHILLIP,METROPOLITAN NORTH WEST REGION,2,1,0,1,0,1,1,0,1,0,0,0,0,0,1,0,0,0,0,0,No,0,2,0,0,0,0,MELB_URBAN,MELB_URBAN,PORT PHILLIP,METROPOLITAN NORTH WEST REGION,2016,11,November,BALACLAVA
144.9871824868717,-37.92557029668829,3449797,3/12/2016,16.16.00,Yes,Collision with vehicle,Saturday,RIGHT THROUGH,Day,144.98718,-37.92557,BAYSIDE,METROPOLITAN SOUTH EAST REGION,2,1,0,1,0,1,1,1,1,0,1,0,0,0,0,0,0,0,0,0,No,0,2,0,1,0,0,MELB_URBAN,MELB_URBAN,BAYSIDE,METROPOLITAN SOUTH EAST REGION,2016,12,December,BRIGHTON
144.99695514059874,-37.83112297186749,3449807,6/12/2016,17.50.00,No,Collision with vehicle,Monday,RIGHT THROUGH,Day,144.99696,-37.83112,YARRA,METROPOLITAN NORTH WEST REGION,2,2,0,0,2,0,1,1,1,0,0,0,0,1,0,0,0,0,0,0,No,0,2,0,0,1,0,MELB_URBAN,MELB_URBAN,YARRA,METROPOLITAN NORTH WEST REGION,2016,12,December,RICHMOND
144.32906590710238,-38.14460981512179,3449815,13/12/2016,17.15.00,No,Collision with vehicle,Tuesday,RIGHT THROUGH,Day,144.32907,-38.14461,GEELONG,SOUTH WESTERN REGION,3,1,0,0,1,2,2,0,1,1,1,0,0,0,0,0,1,0,0,0,No,0,2,0,1,0,0,LARGE_PROVINCIAL_CITIES,LARGE_PROVINCIAL_CITIES,GEELONG,SOUTH WESTERN REGION,2016,12,December,NEWTOWN
144.95908263908677,-37.77403284954384,3449826,2/12/2016,17.45.00,Yes,Collision with vehicle,Friday,VEHICLE STRIKES ANOTHER VEH WHILE EMERGING FROM DRIVEWAY,Day,144.95908,-37.774029999999996,MORELAND,METROPOLITAN NORTH WEST REGION,2,1,0,1,0,1,1,0,1,0,0,0,0,0,1,0,0,0,0,0,No,0,2,0,0,0,0,MELB_URBAN,MELB_URBAN,MORELAND,METROPOLITAN NORTH WEST REGION,2016,12,December,BRUNSWICK
144.26300620925218,-36.72811216472232,3449829,29/11/2016,07.25.00,No,Collision with vehicle,Tuesday,CROSS TRAFFIC(INTERSECTIONS ONLY),Day,144.26301,-36.72811,BENDIGO,NORTHERN REGION,2,1,0,0,1,1,1,1,1,0,1,0,0,0,0,0,0,0,0,0,No,0,2,0,1,0,0,LARGE_PROVINCIAL_CITIES,LARGE_PROVINCIAL_CITIES,BENDIGO,NORTHERN REGION,2016,11,November,CALIFORNIA GULLY
144.9768216757838,-37.83973961224235,3449831,29/11/2016,09.00.00,No,Collision with vehicle,Tuesday,ENTERING PARKING,Day,144.97682,-37.83974,MELBOURNE,METROPOLITAN NORTH WEST REGION,3,1,0,0,1,2,3,0,1,1,1,0,0,0,0,0,0,0,0,0,No,0,2,0,1,0,0,MELB_URBAN,MELB_URBAN,"PORT PHILLIP,MELBOURNE",METROPOLITAN NORTH WEST REGION,2016,11,November,MELBOURNE
144.9628972187914,-37.806656940146034,3449833,29/11/2016,07.40.00,No,Collision with vehicle,Tuesday,LEFT TURN SIDESWIPE,Day,144.9629,-37.80666,MELBOURNE,METROPOLITAN NORTH WEST REGION,2,1,0,1,0,1,1,1,1,0,1,0,0,0,0,0,0,0,0,0,No,0,2,1,0,0,0,MELB_URBAN,MELB_URBAN,MELBOURNE,METROPOLITAN NORTH WEST REGION,2016,11,November,MELBOURNE
144.29209618090988,-36.76912352641627,3449840,29/11/2016,09.20.00,No,No collision and no object struck,Tuesday,OUT OF CONTROL ON CARRIAGEWAY (ON STRAIGHT),Day,144.2921,-36.76912,BENDIGO,NORTHERN REGION,1,1,0,1,0,0,1,0,1,0,0,0,0,0,0,0,0,0,0,0,No,0,1,0,0,0,0,LARGE_PROVINCIAL_CITIES,LARGE_PROVINCIAL_CITIES,BENDIGO,NORTHERN REGION,2016,11,November,KENNINGTON
145.20069807148823,-37.74190964068535,3449852,4/12/2016,09.30.00,No,Collision with vehicle,,VEHICLE STRIKES ANOTHER VEH WHILE EMERGING FROM DRIVEWAY,Day,145.2007,-37.74191,MANNINGHAM,METROPOLITAN SOUTH EAST REGION,2,1,0,0,1,1,1,1,1,0,1,0,0,0,0,0,0,0,0,1,No,0,2,0,1,0,0,MELB_URBAN,MELB_URBAN,MANNINGHAM,METROPOLITAN SOUTH EAST REGION,2016,12,December,WARRANDYTE
147.09305974954995,-36.71726746072913,3449862,9/12/2016,07.10.00,No,Collision with vehicle,Friday,HEAD ON (NOT OVERTAKING),Day,147.09306,-36.71727,ALPINE,NORTH EASTERN REGION,2,1,0,1,0,1,2,0,1,0,1,0,0,0,0,0,0,0,0,0,No,0,2,1,0,0,0,RURAL_VICTORIA,RURAL_VICTORIA,ALPINE,NORTH EASTERN REGION,2016,12,December,BRIGHT
144.98849867316608,-37.77789921376819,3449863,5/12/2016,13.50.00,No,Collision with vehicle,Monday,RIGHT THROUGH,Day,144.9885,-37.7779,YARRA,METROPOLITAN NORTH WEST REGION,2,1,0,0,1,1,2,0,1,0,1,0,0,0,0,0,0,0,0,0,No,0,2,0,1,0,0,MELB_URBAN,MELB_URBAN,YARRA,METROPOLITAN NORTH WEST REGION,2016,12,December,FITZROY NORTH
144.81810280700864,-37.866042947427296,3449865,28/10/2016,17.00.00,No,Collision with vehicle,Thursday,RIGHT NEAR (INTERSECTIONS ONLY),Day,144.8181,-37.866040000000005,HOBSONS BAY,METROPOLITAN NORTH WEST REGION,2,1,0,0,1,1,0,2,1,0,1,0,0,0,0,0,0,0,0,0,No,0,2,0,1,0,0,MELB_URBAN,MELB_URBAN,HOBSONS BAY,METROPOLITAN NORTH WEST REGION,2016,10,October,ALTONA
144.88279774420053,-37.80397850168404,3449875,16/11/2016,16.15.00,No,Collision with vehicle,Wednesday,VEHICLE OFF FOOTPATH STRIKES VEH ON CARRIAGEWAY,Unk.,144.8828,-37.803979999999996,MARIBYRNONG,METROPOLITAN NORTH WEST REGION,2,1,0,0,1,1,2,0,1,0,1,0,0,0,0,0,1,0,0,0,No,0,2,1,0,0,0,MELB_URBAN,MELB_URBAN,MARIBYRNONG,METROPOLITAN NORTH WEST REGION,2016,11,November,KINGSVILLE
145.0939896016609,-37.646153502686246,3449887,29/11/2016,11.52.00,No,Collision with vehicle,Tuesday,RIGHT THROUGH,Day,145.09399,-37.64615,WHITTLESEA,METROPOLITAN NORTH WEST REGION,2,1,0,1,0,1,1,1,1,0,1,0,0,0,0,0,0,0,0,1,No,0,2,0,1,0,0,MELB_URBAN,MELB_URBAN,WHITTLESEA,METROPOLITAN NORTH WEST REGION,2016,11,November,SOUTH MORANG
144.97131591843475,-37.829630043911216,3449902,4/12/2016,13.33.00,No,Collision with vehicle,Sunday,VEHICLE STRIKES DOOR OF PARKED/STATIONARY VEHICLE,Day,144.97132,-37.82963,MELBOURNE,METROPOLITAN NORTH WEST REGION,2,1,0,0,1,1,1,1,1,0,1,0,0,0,0,0,0,0,0,0,No,0,2,0,1,0,0,MELB_URBAN,MELB_URBAN,MELBOURNE,METROPOLITAN NORTH WEST REGION,2016,12,December,SOUTHBANK
145.09462072405938,-37.79153202165756,3449911,9/12/2016,13.30.00,No,Collision with vehicle,Friday,RIGHT NEAR (INTERSECTIONS ONLY),Day,145.09462,-37.79153,BOROONDARA,METROPOLITAN SOUTH EAST REGION,2,1,0,0,1,1,2,0,1,0,1,0,0,0,0,0,0,0,0,0,No,0,2,0,1,0,0,MELB_URBAN,MELB_URBAN,BOROONDARA,METROPOLITAN SOUTH EAST REGION,2016,12,December,BALWYN NORTH
144.89510561106198,-37.84928642771037,3449922,14/12/2016,06.30.00,No,Collision with vehicle,Wednesday,REAR END(VEHICLES IN SAME LANE),Day,144.89511000000002,-37.84929,HOBSONS BAY,METROPOLITAN NORTH WEST REGION,3,2,0,2,0,1,3,0,2,0,1,0,0,0,0,0,0,0,0,0,No,0,3,0,1,0,0,MELB_URBAN,MELB_URBAN,HOBSONS BAY,METROPOLITAN NORTH WEST REGION,2016,12,December,NEWPORT
144.97148475153253,-37.772760469804204,3449928,14/12/2016,13.45.00,No,Collision with vehicle,Wednesday,LANE CHANGE LEFT (NOT OVERTAKING),Day,144.97148,-37.77276,MORELAND,METROPOLITAN NORTH WEST REGION,2,1,0,0,1,1,1,0,1,0,0,0,0,0,1,0,0,0,0,0,No,0,2,0,0,0,0,MELB_URBAN,MELB_URBAN,MORELAND,METROPOLITAN NORTH WEST REGION,2016,12,December,BRUNSWICK EAST
144.97837131356243,-37.79889014117362,3449936,29/11/2016,15.17.00,No,Collision with vehicle,Tuesday,ENTERING PARKING,Day,144.97836999999998,-37.79889,YARRA,METROPOLITAN NORTH WEST REGION,2,1,0,0,1,1,1,1,1,0,1,0,0,0,0,0,0,0,0,0,No,0,2,0,1,0,0,MELB_URBAN,MELB_URBAN,YARRA,METROPOLITAN NORTH WEST REGION,2016,11,November,FITZROY
145.07064546027888,-37.81719066115177,3449943,18/11/2016,08.20.00,No,Collision with vehicle,Thursday,RIGHT THROUGH,Day,145.07065,-37.817190000000004,BOROONDARA,METROPOLITAN SOUTH EAST REGION,2,1,0,0,1,1,1,1,1,0,1,0,0,0,0,0,0,0,0,1,No,0,2,0,1,0,0,MELB_URBAN,MELB_URBAN,BOROONDARA,METROPOLITAN SOUTH EAST REGION,2016,11,November,CANTERBURY
144.9209901576148,-37.76090838778421,3449959,9/12/2016,16.25.00,No,Collision with vehicle,Thursday,RIGHT FAR (INTERSECTIONS ONLY),Day,144.92099,-37.760909999999996,MOONEE VALLEY,METROPOLITAN NORTH WEST REGION,2,1,0,0,1,1,1,1,1,0,1,0,0,0,0,0,0,0,0,1,No,0,2,0,1,0,0,MELB_URBAN,MELB_URBAN,MOONEE VALLEY,METROPOLITAN NORTH WEST REGION,2016,12,December,MOONEE PONDS
145.9630472469986,-36.555087652468174,3449982,15/12/2016,08.30.00,No,Collision with vehicle,Thursday,VEHICLE OFF FOOTPATH STRIKES VEH ON CARRIAGEWAY,Day,145.96305,-36.55509,BENALLA,NORTH EASTERN REGION,3,1,0,0,1,2,1,2,1,1,1,0,0,0,0,1,0,0,0,0,No,0,2,0,1,0,0,TOWNS,TOWNS,BENALLA,NORTH EASTERN REGION,2016,12,December,BENALLA
144.9882122548362,-37.794053047175325,3449984,15/11/2016,19.00.00,Yes,Collision with vehicle,Monday,OTHER SAME DIRECTION-MANOUEVRES NOT INCLUDED IN DCAs 130-137,Dusk/Dawn,144.98821,-37.79405,YARRA,METROPOLITAN NORTH WEST REGION,2,1,0,1,0,1,1,0,1,0,0,0,0,0,1,0,0,0,0,0,No,0,2,0,0,0,0,MELB_URBAN,MELB_URBAN,YARRA,METROPOLITAN NORTH WEST REGION,2016,11,November,CLIFTON HILL
145.10614594151878,-37.91212017828426,3449985,15/11/2016,16.00.00,No,Collision with vehicle,Tuesday,LANE SIDE SWIPE (VEHICLES IN PARALLEL LANES),Day,145.10615,-37.91212,MONASH,METROPOLITAN SOUTH EAST REGION,2,1,0,0,1,1,1,0,1,0,1,0,0,0,0,0,0,0,0,0,No,0,2,0,1,0,0,MELB_URBAN,MELB_URBAN,MONASH,METROPOLITAN SOUTH EAST REGION,2016,11,November,OAKLEIGH SOUTH
145.19358851977702,-37.932635594173,3449993,15/11/2016,23.35.00,Yes,Collision with vehicle,Tuesday,LANE CHANGE LEFT (NOT OVERTAKING),Dark Street lights on,145.19359,-37.93264,MONASH,METROPOLITAN SOUTH EAST REGION,2,1,0,1,0,1,2,0,1,0,1,0,0,0,0,0,1,0,0,0,No,0,2,0,1,0,0,MELB_URBAN,MELB_URBAN,MONASH,METROPOLITAN SOUTH EAST REGION,2016,11,November,MULGRAVE
145.4707778784089,-38.08437589009112,3450026,10/11/2016,08.40.00,No,Collision with vehicle,Thursday,VEHICLE OFF FOOTPATH STRIKES VEH ON CARRIAGEWAY,Day,145.47078,-38.084379999999996,CARDINIA,METROPOLITAN SOUTH EAST REGION,3,1,0,0,1,2,1,2,1,1,1,0,0,0,0,1,0,0,0,0,No,0,2,0,1,0,0,SMALL_CITIES,SMALL_CITIES,CARDINIA,METROPOLITAN SOUTH EAST REGION,2016,11,November,PAKENHAM
142.18612220556108,-36.719173753803204,3450027,9/11/2016,15.30.00,No,Collision with vehicle,Wednesday,VEHICLE STRIKES ANOTHER VEH WHILE EMERGING FROM DRIVEWAY,Day,142.18612,-36.71917,HORSHAM,WESTERN REGION,3,1,0,0,1,2,0,1,1,0,0,0,0,0,2,1,0,0,0,0,No,0,2,0,0,0,0,SMALL_CITIES,SMALL_CITIES,HORSHAM,WESTERN REGION,2016,11,November,HORSHAM
144.95109953467585,-37.80321699800466,3450049,20/11/2016,13.00.00,No,Collision with vehicle,,RIGHT THROUGH,Day,144.9511,-37.80322,MELBOURNE,METROPOLITAN NORTH WEST REGION,4,1,0,0,1,3,3,1,1,2,1,0,0,0,0,0,0,0,0,0,No,0,2,0,1,0,0,MELB_URBAN,MELB_URBAN,MELBOURNE,METROPOLITAN NORTH WEST REGION,2016,11,November,NORTH MELBOURNE
145.2760386999036,-37.86740059609198,3450059,20/11/2016,20.22.00,Yes,Collision with vehicle,Sunday,VEHICLE STRIKES ANOTHER VEH WHILE EMERGING FROM DRIVEWAY,Dark No street lights,145.27604,-37.8674,KNOX,METROPOLITAN SOUTH EAST REGION,2,1,0,1,0,1,2,0,1,0,1,0,0,0,0,0,1,0,0,0,No,0,2,0,1,0,0,MELB_URBAN,MELB_URBAN,KNOX,METROPOLITAN SOUTH EAST REGION,2016,11,November,BORONIA
145.19548571671993,-37.923128244131725,3450063,6/4/2016,08.00.00,No,Collision with vehicle,Tuesday,CUTTING IN (OVERTAKING),Day,145.19548999999998,-37.92313,MONASH,METROPOLITAN SOUTH EAST REGION,2,1,0,0,1,1,1,0,1,0,0,0,0,0,1,0,0,0,0,0,No,0,2,0,0,0,0,MELB_URBAN,MELB_URBAN,MONASH,METROPOLITAN SOUTH EAST REGION,2016,4,April,MULGRAVE
144.99813189093862,-37.74362041144791,3450068,25/11/2016,07.01.00,No,Collision with vehicle,Friday,VEHICLE STRIKES DOOR OF PARKED/STATIONARY VEHICLE,Day,144.99813,-37.74362,DAREBIN,METROPOLITAN NORTH WEST REGION,3,1,0,0,1,2,2,0,1,1,1,0,0,0,0,0,0,0,0,1,No,0,2,0,1,0,0,MELB_URBAN,MELB_URBAN,DAREBIN,METROPOLITAN NORTH WEST REGION,2016,11,November,PRESTON
146.85583586884147,-36.13540009072387,3450086,10/11/2016,19.05.00,Yes,Collision with vehicle,Thursday,RIGHT FAR (INTERSECTIONS ONLY),Day,146.85584,-36.1354,WODONGA,NORTH EASTERN REGION,2,1,0,0,1,1,2,0,1,0,1,0,0,0,0,0,0,0,0,1,No,0,2,0,1,0,0,SMALL_CITIES,SMALL_CITIES,WODONGA,NORTH EASTERN REGION,2016,11,November,WEST WODONGA
144.3607496990436,-38.14959067192717,3450094,16/11/2016,08.10.00,No,Collision with vehicle,Wednesday,OTHER MANOEUVRING NOT INCLUDED IN DCAs 140-148,Day,144.36075,-38.14959,GEELONG,SOUTH WESTERN REGION,2,1,1,0,0,1,2,0,1,0,1,0,0,0,0,0,0,0,0,0,No,0,2,1,0,0,0,LARGE_PROVINCIAL_CITIES,LARGE_PROVINCIAL_CITIES,GEELONG,SOUTH WESTERN REGION,2016,11,November,GEELONG
145.04410751370597,-37.827422460722396,3450108,21/11/2016,07.40.00,No,Collision with vehicle,Monday,LEFT TURN SIDESWIPE,Day,145.04411000000002,-37.827420000000004,BOROONDARA,METROPOLITAN SOUTH EAST REGION,2,1,0,0,1,1,1,1,1,0,1,0,0,0,0,0,0,0,0,0,No,0,2,0,1,0,0,MELB_URBAN,MELB_URBAN,BOROONDARA,METROPOLITAN SOUTH EAST REGION,2016,11,November,HAWTHORN
144.9816605353701,-37.85301988179224,3450112,21/11/2016,07.40.00,No,No collision and no object struck,Monday,OUT OF CONTROL ON CARRIAGEWAY (ON STRAIGHT),Day,144.98166,-37.85302,PORT PHILLIP,METROPOLITAN NORTH WEST REGION,2,1,0,0,1,1,2,0,1,0,1,0,0,0,0,0,0,0,0,0,No,0,2,0,1,0,0,MELB_URBAN,MELB_URBAN,PORT PHILLIP,METROPOLITAN NORTH WEST REGION,2016,11,November,MELBOURNE
145.0414503085333,-37.856858988861276,3450127,20/10/2016,16.45.00,No,Collision with vehicle,Wednesday,LEFT TURN SIDESWIPE,Day,145.04145,-37.85686,STONNINGTON,METROPOLITAN SOUTH EAST REGION,2,1,0,0,1,1,1,1,1,0,1,0,0,0,0,0,0,0,0,0,No,0,2,0,1,0,0,MELB_URBAN,MELB_URBAN,STONNINGTON,METROPOLITAN SOUTH EAST REGION,2016,10,October,GLEN IRIS
144.83385965959215,-37.629331994670046,3450128,10/11/2016,19.00.00,Yes,Collision with vehicle,Thursday,REAR END(VEHICLES IN SAME LANE),Day,144.83386000000002,-37.629329999999996,HUME,METROPOLITAN NORTH WEST REGION,2,1,0,0,1,1,2,0,1,0,1,0,0,0,0,0,0,0,0,0,No,0,2,0,1,0,0,RURAL_VICTORIA,RURAL_VICTORIA,HUME,METROPOLITAN NORTH WEST REGION,2016,11,November,OAKLANDS JUNCTION
144.95484638636782,-37.77077484555827,3450131,8/11/2016,19.10.00,Yes,Collision with vehicle,Tuesday,RIGHT THROUGH,Day,144.95485,-37.77077,MORELAND,METROPOLITAN NORTH WEST REGION,2,1,0,0,1,1,1,1,1,0,1,0,0,0,0,0,1,0,0,0,No,0,2,0,1,0,0,MELB_URBAN,MELB_URBAN,MORELAND,METROPOLITAN NORTH WEST REGION,2016,11,November,BRUNSWICK