X,Y,OBJECTID,ACCIDENT_DATE,ACCIDENT_TIME,ALCOHOLTIME,ACCIDENT_TYPE,DAY_OF_WEEK,DCA_CODE,LIGHT_CONDITION,LONGITUDE,LATITUDE,LGA_NAME,REGION_NAME,TOTAL_PERSONS,INJ_OR_FATAL,FATALITY,SERIOUSINJURY,OTHERINJURY,NONINJURED,MALES,FEMALES,BICYCLIST,PASSENGER,DRIVER,PEDESTRIAN,PILLION,MOTORIST,UNKNOWN,PED_CYCLIST_5_12,PED_CYCLIST_13_18,OLD_PEDESTRIAN,OLD_DRIVER,YOUNG_DRIVER,ALCOHOL_RELATED,UNLICENCSED,NO_OF_VEHICLES,HEAVYVEHICLE,PASSENGERVEHICLE,MOTORCYCLE,PUBLICVEHICLE,DEG_URBAN_NAME,DEG_URBAN_ALL,LGA_NAME_ALL,REGION_NAME_ALL,Year,Month,Month_name,Suburb
145.03484837706546,-37.80532717054572,3457810,2/8/2017,18.50.00,Yes,Collision with vehicle,Wednesday,RIGHT THROUGH,Dark Street lights on,145.03485,-37.80533,BOROONDARA,METROPOLITAN SOUTH EAST REGION,2,1,0,1,0,1,0,2,1,0,1,0,0,0,0,0,0,0,0,0,No,0,2,0,1,0,0,MELB_URBAN,MELB_URBAN,BOROONDARA,METROPOLITAN SOUTH EAST REGION,2017,8,August,KEW
144.96225739533503,-37.81228152341232,3457821,13/7/2017,18.13.00,Yes,Collision with vehicle,Thursday,RIGHT TURN SIDESWIPE,Dark Street lights on,144.96226000000001,-37.81228,MELBOURNE,METROPOLITAN NORTH WEST REGION,2,1,0,0,1,1,2,0,1,0,1,0,0,0,0,0,0,0,0,0,No,0,2,0,1,0,0,MELBOURNE_CBD,MELBOURNE_CBD,MELBOURNE,METROPOLITAN NORTH WEST REGION,2017,7,July,MELBOURNE
144.96867942291428,-37.81263876385775,3457822,13/7/2017,22.20.00,Yes,Collision with vehicle,Thursday,VEHICLE STRIKES DOOR OF PARKED/STATIONARY VEHICLE,Dark Street lights on,144.96868,-37.81264,MELBOURNE,METROPOLITAN NORTH WEST REGION,2,1,0,0,1,1,2,0,1,0,1,0,0,0,0,0,0,0,0,0,No,0,2,0,1,0,0,MELBOURNE_CBD,MELBOURNE_CBD,MELBOURNE,METROPOLITAN NORTH WEST REGION,2017,7,July,MELBOURNE
144.92825305935511,-37.74349076138528,3457830,13/7/2017,07.50.00,No,Collision with vehicle,Thursday,RIGHT THROUGH,Day,144.92825,-37.74349,MOONEE VALLEY,METROPOLITAN NORTH WEST REGION,2,1,0,0,1,1,2,0,1,0,1,0,0,0,0,0,0,0,0,0,No,0,2,0,1,0,0,MELB_URBAN,MELB_URBAN,MOONEE VALLEY,METROPOLITAN NORTH WEST REGION,2017,7,July,ESSENDON
144.8831668894904,-37.73395712045457,3457841,20/7/2017,16.56.00,No,Collision with vehicle,Thursday,RIGHT THROUGH,Dusk/Dawn,144.88317,-37.733959999999996,MOONEE VALLEY,METROPOLITAN NORTH WEST REGION,2,2,0,0,2,0,1,1,1,0,1,0,0,0,0,0,0,0,0,0,No,0,2,0,1,0,0,MELB_URBAN,MELB_URBAN,MOONEE VALLEY,METROPOLITAN NORTH WEST REGION,2017,7,July,NIDDRIE
145.05865606357074,-37.88939558310919,3457851,27/7/2017,08.10.00,No,Collision with vehicle,Wednesday,VEHICLE COLLIDES WITH VEHICLE PARKED ON LEFT OF ROAD,Day,145.05866,-37.8894,GLEN EIRA,METROPOLITAN SOUTH EAST REGION,2,1,0,0,1,1,2,0,1,0,1,0,0,0,0,0,0,0,0,0,No,0,2,0,1,0,0,MELB_URBAN,MELB_URBAN,GLEN EIRA,METROPOLITAN SOUTH EAST REGION,2017,7,July,CARNEGIE
144.34071079035579,-38.11984504010337,3457852,26/7/2017,16.15.00,No,Collision with vehicle,Tuesday,LEAVING PARKING,Day,144.34071,-38.11985,GEELONG,SOUTH WESTERN REGION,2,1,0,0,1,1,0,1,1,0,0,0,0,0,1,0,1,0,0,0,No,0,2,0,0,0,0,LARGE_PROVINCIAL_CITIES,LARGE_PROVINCIAL_CITIES,GEELONG,SOUTH WESTERN REGION,2017,7,July,NORTH GEELONG
144.99762166009756,-37.827415639223275,3457859,26/7/2017,19.00.00,Yes,Collision with vehicle,Wednesday,RIGHT THROUGH,Dark Street lights unknown,144.99761999999998,-37.827420000000004,YARRA,METROPOLITAN NORTH WEST REGION,2,1,0,0,1,1,1,1,1,0,1,0,0,0,0,0,0,0,0,1,No,0,2,0,1,0,0,MELB_URBAN,MELB_URBAN,YARRA,METROPOLITAN NORTH WEST REGION,2017,7,July,CREMORNE
144.96153229178339,-37.81471911422293,3457864,3/8/2017,08.31.00,No,Collision with vehicle,Thursday,ENTERING PARKING,Day,144.96153,-37.81472,MELBOURNE,METROPOLITAN NORTH WEST REGION,2,1,0,0,1,1,2,0,1,0,1,0,0,0,0,0,0,0,0,0,No,0,2,0,1,0,0,MELBOURNE_CBD,MELBOURNE_CBD,MELBOURNE,METROPOLITAN NORTH WEST REGION,2017,8,August,MELBOURNE
145.04532001581327,-36.31352184510649,3457876,14/7/2017,12.10.00,No,Collision with vehicle,Friday,VEHICLE STRIKES DOOR OF PARKED/STATIONARY VEHICLE,Day,145.04532,-36.313520000000004,CAMPASPE,NORTHERN REGION,2,1,0,0,1,1,1,1,1,0,1,0,0,0,0,0,0,0,0,0,No,0,2,0,1,0,0,TOWNS,TOWNS,CAMPASPE,NORTHERN REGION,2017,7,July,KYABRAM
144.99370175373653,-37.878589307755405,3457887,19/7/2017,08.30.00,No,No collision and no object struck,Wednesday,OFF CARRIAGEWAY TO LEFT,Day,144.9937,-37.87859,PORT PHILLIP,METROPOLITAN NORTH WEST REGION,2,1,0,0,1,1,2,0,1,0,1,0,0,0,0,0,0,0,0,0,No,0,2,0,1,0,0,MELB_URBAN,MELB_URBAN,PORT PHILLIP,METROPOLITAN NORTH WEST REGION,2017,7,July,ELWOOD
144.21129981247836,-37.070669824203094,3457895,21/7/2017,08.52.00,No,Collision with vehicle,Friday,LANE SIDE SWIPE (VEHICLES IN PARALLEL LANES),Day,144.2113,-37.07067,MOUNT ALEXANDER,NORTHERN REGION,2,1,0,0,1,1,1,1,1,0,1,0,0,0,0,0,0,0,0,0,No,0,2,0,1,0,0,TOWNS,TOWNS,MOUNT ALEXANDER,NORTHERN REGION,2017,7,July,CASTLEMAINE
144.98652451641124,-37.838321080684146,3457899,27/7/2017,20.20.00,Yes,Collision with vehicle,Thursday,RIGHT THROUGH,Dark Street lights on,144.98651999999998,-37.83832,STONNINGTON,METROPOLITAN NORTH WEST REGION,2,1,0,0,1,1,2,0,1,0,1,0,0,0,0,0,0,0,0,0,No,0,2,0,1,0,0,MELB_URBAN,MELB_URBAN,"STONNINGTON,MELBOURNE","METROPOLITAN NORTH WEST REGION,METROPOLITAN SOUTH EAST REGION",2017,7,July,SOUTH YARRA
145.01956753495782,-37.959136715594546,3457912,21/7/2017,05.30.00,Yes,Collision with vehicle,Friday,OTHER ADJACENT (INTERSECTIONS ONLY),Dark Street lights on,145.01957,-37.959140000000005,BAYSIDE,METROPOLITAN SOUTH EAST REGION,2,2,0,0,2,0,2,0,1,0,1,0,0,0,0,0,0,0,0,1,No,0,2,0,1,0,0,MELB_URBAN,MELB_URBAN,BAYSIDE,METROPOLITAN SOUTH EAST REGION,2017,7,July,SANDRINGHAM
144.9674379618447,-37.817453074304545,3457921,3/8/2017,18.18.00,Yes,Struck Pedestrian,Thursday,PED NEAR SIDE. PED HIT BY VEHICLE FROM THE RIGHT.,Dark Street lights on,144.96743999999998,-37.81745,MELBOURNE,METROPOLITAN NORTH WEST REGION,3,2,0,1,1,1,2,1,1,0,1,1,0,0,0,0,0,0,0,0,No,0,2,0,1,0,0,MELBOURNE_CBD,"MELBOURNE_CBD,MELB_URBAN",MELBOURNE,METROPOLITAN NORTH WEST REGION,2017,8,August,MELBOURNE
144.95097496438262,-37.72259051374078,3457940,21/7/2017,11.53.00,No,Collision with vehicle,Friday,LANE CHANGE RIGHT (NOT OVERTAKING),Day,144.95096999999998,-37.722590000000004,MORELAND,METROPOLITAN NORTH WEST REGION,2,1,0,0,1,1,1,1,1,0,1,0,0,0,0,0,1,0,0,0,No,0,2,0,1,0,0,MELB_URBAN,MELB_URBAN,MORELAND,METROPOLITAN NORTH WEST REGION,2017,7,July,PASCOE VALE
144.95372068424768,-37.84684023436417,3457941,21/7/2017,09.00.00,No,Collision with vehicle,Friday,LEFT NEAR (INTERSECTIONS ONLY),Day,144.95372,-37.84684,PORT PHILLIP,METROPOLITAN NORTH WEST REGION,2,1,0,0,1,1,1,1,1,0,1,0,0,0,0,0,0,0,0,0,No,0,2,0,1,0,0,MELB_URBAN,MELB_URBAN,PORT PHILLIP,METROPOLITAN NORTH WEST REGION,2017,7,July,ALBERT PARK
144.3420600455446,-38.187599748060265,3457944,16/7/2017,19.40.00,Yes,Collision with vehicle,Sunday,HEAD ON (NOT OVERTAKING),Dark No street lights,144.34206,-38.1876,GEELONG,SOUTH WESTERN REGION,2,1,0,0,1,1,1,0,1,0,0,0,0,0,1,0,1,0,0,0,No,0,2,0,0,0,0,LARGE_PROVINCIAL_CITIES,LARGE_PROVINCIAL_CITIES,GEELONG,SOUTH WESTERN REGION,2017,7,July,BELMONT
144.99017029672774,-37.824788503620574,3457953,28/7/2017,09.00.00,No,Collision with vehicle,Friday,HEAD ON (NOT OVERTAKING),Day,144.99017,-37.82479,YARRA,METROPOLITAN NORTH WEST REGION,2,1,0,1,0,1,0,2,1,0,1,0,0,0,0,0,0,0,0,1,No,0,2,0,1,0,0,MELB_URBAN,MELB_URBAN,YARRA,METROPOLITAN NORTH WEST REGION,2017,7,July,CREMORNE
144.9997842942915,-37.85273008244249,3457962,1/8/2017,08.00.00,No,Collision with vehicle,Tuesday,LEFT NEAR (INTERSECTIONS ONLY),Unk.,144.99978000000002,-37.85273,STONNINGTON,METROPOLITAN SOUTH EAST REGION,2,1,0,0,1,1,2,0,1,0,1,0,0,0,0,0,0,0,0,0,No,0,2,0,1,0,0,MELB_URBAN,MELB_URBAN,STONNINGTON,METROPOLITAN SOUTH EAST REGION,2017,8,August,WINDSOR
144.9757458146082,-37.83678846042876,3457970,2/8/2017,18.20.00,Yes,Collision with vehicle,Tuesday,VEHICLE STRIKES DOOR OF PARKED/STATIONARY VEHICLE,Dark Street lights unknown,144.97575,-37.83679,MELBOURNE,METROPOLITAN NORTH WEST REGION,3,1,0,0,1,2,2,1,1,0,2,0,0,0,0,0,0,0,0,1,No,0,3,0,2,0,0,MELB_URBAN,MELB_URBAN,"PORT PHILLIP,MELBOURNE",METROPOLITAN NORTH WEST REGION,2017,8,August,MELBOURNE
145.0636299328234,-37.921740311750014,3458009,28/7/2017,16.35.00,Yes,Collision with vehicle,Friday,OTHER MANOEUVRING NOT INCLUDED IN DCAs 140-148,Day,145.06363000000002,-37.92174,GLEN EIRA,METROPOLITAN SOUTH EAST REGION,2,1,0,0,1,1,1,0,1,0,1,0,0,0,0,0,1,0,0,0,No,0,2,0,1,0,0,MELB_URBAN,MELB_URBAN,GLEN EIRA,METROPOLITAN SOUTH EAST REGION,2017,7,July,BENTLEIGH EAST
145.15987081178645,-37.67433580530293,3458027,15/7/2017,11.45.00,No,Collision with vehicle,Saturday,LEFT TURN SIDESWIPE,Day,145.15986999999998,-37.67434,NILLUMBIK,METROPOLITAN NORTH WEST REGION,2,1,0,0,1,1,2,0,1,0,1,0,0,0,0,0,0,0,0,0,No,0,2,0,1,0,0,MELB_URBAN,MELB_URBAN,NILLUMBIK,METROPOLITAN NORTH WEST REGION,2017,7,July,DIAMOND CREEK
144.84002026244147,-37.819300585458734,3458028,15/7/2017,10.20.00,No,Collision with vehicle,Saturday,OTHER MANOEUVRING NOT INCLUDED IN DCAs 140-148,Day,144.84001999999998,-37.8193,BRIMBANK,METROPOLITAN NORTH WEST REGION,2,1,0,0,1,1,1,1,1,0,1,0,0,0,0,0,1,0,0,0,No,0,2,0,1,0,0,MELB_URBAN,MELB_URBAN,"HOBSONS BAY,BRIMBANK",METROPOLITAN NORTH WEST REGION,2017,7,July,BROOKLYN
144.9520617759491,-37.81452948511254,3458040,21/7/2017,18.25.00,Yes,Collision with vehicle,Friday,VEHICLE STRIKES DOOR OF PARKED/STATIONARY VEHICLE,Dark Street lights on,144.95206000000002,-37.81453,MELBOURNE,METROPOLITAN NORTH WEST REGION,2,1,0,1,0,1,2,0,1,0,1,0,0,0,0,0,0,0,0,0,No,0,2,0,1,0,0,MELBOURNE_CBD,"MELBOURNE_CBD,MELB_URBAN",MELBOURNE,METROPOLITAN NORTH WEST REGION,2017,7,July,DOCKLANDS
144.9904850521586,-37.844346829831366,3458044,21/7/2017,08.43.00,No,Collision with vehicle,Friday,CROSS TRAFFIC(INTERSECTIONS ONLY),Day,144.99049,-37.84435,STONNINGTON,METROPOLITAN SOUTH EAST REGION,2,1,0,0,1,1,1,1,1,0,1,0,0,0,0,0,0,0,0,0,No,0,2,0,1,0,0,MELB_URBAN,MELB_URBAN,STONNINGTON,METROPOLITAN SOUTH EAST REGION,2017,7,July,SOUTH YARRA
145.2249714376684,-37.887658872091386,3458049,22/7/2017,09.23.00,No,Collision with vehicle,Saturday,LEFT NEAR (INTERSECTIONS ONLY),Day,145.22496999999998,-37.88766,KNOX,METROPOLITAN SOUTH EAST REGION,2,1,0,1,0,1,1,1,1,0,1,0,0,0,0,0,0,0,0,0,No,0,2,0,1,0,0,MELB_URBAN,MELB_URBAN,KNOX,METROPOLITAN SOUTH EAST REGION,2017,7,July,WANTIRNA SOUTH
145.28338148370491,-37.79416050165509,3458072,1/8/2017,07.00.00,No,Collision with vehicle,Tuesday,REAR END(VEHICLES IN SAME LANE),Dusk/Dawn,145.28338,-37.79416,MAROONDAH,METROPOLITAN SOUTH EAST REGION,2,1,0,0,1,1,1,1,1,0,1,0,0,0,0,0,0,0,0,0,No,0,2,0,1,0,0,MELB_URBAN,MELB_URBAN,MAROONDAH,METROPOLITAN SOUTH EAST REGION,2017,8,August,CROYDON
144.98650550924378,-37.913897877867896,3458087,16/7/2017,11.45.00,No,Collision with vehicle,,VEHICLE COLLIDES WITH VEHICLE PARKED ON LEFT OF ROAD,Day,144.98651,-37.9139,BAYSIDE,METROPOLITAN SOUTH EAST REGION,1,1,0,0,1,0,1,0,1,0,0,0,0,0,0,0,0,0,0,0,No,0,2,0,1,0,0,MELB_URBAN,MELB_URBAN,BAYSIDE,METROPOLITAN SOUTH EAST REGION,2017,7,July,BRIGHTON
145.62627099047805,-38.14075266839147,3458088,16/7/2017,11.05.00,No,Collision with vehicle,Sunday,OTHER SAME DIRECTION-MANOUEVRES NOT INCLUDED IN DCAs 130-137,Day,145.62627,-38.14075,CARDINIA,METROPOLITAN SOUTH EAST REGION,2,2,0,2,0,0,2,0,2,0,0,0,0,0,0,0,0,0,0,0,No,0,2,0,0,0,0,RURAL_VICTORIA,RURAL_VICTORIA,CARDINIA,METROPOLITAN SOUTH EAST REGION,2017,7,July,CORA LYNN
145.13031977673583,-37.8935376679091,3458097,21/7/2017,18.58.00,Yes,Collision with vehicle,Friday,RIGHT THROUGH,Dark Street lights on,145.13031999999998,-37.89354,MONASH,METROPOLITAN SOUTH EAST REGION,2,1,0,1,0,1,1,0,1,0,1,0,0,0,0,0,0,0,0,0,No,0,2,0,1,0,0,MELB_URBAN,MELB_URBAN,MONASH,METROPOLITAN SOUTH EAST REGION,2017,7,July,MOUNT WAVERLEY
144.93824214224884,-37.80560634492545,3458101,22/7/2017,05.45.00,Yes,Vehicle overturned (no collision),Saturday,OUT OF CONTROL ON CARRIAGEWAY (ON STRAIGHT),Dusk/Dawn,144.93823999999998,-37.805609999999994,MELBOURNE,METROPOLITAN NORTH WEST REGION,1,1,0,0,1,0,0,0,1,0,0,0,0,0,0,0,0,0,0,0,No,0,1,0,0,0,0,MELB_URBAN,MELB_URBAN,MELBOURNE,METROPOLITAN NORTH WEST REGION,2017,7,July,WEST MELBOURNE
145.0939896016609,-37.646153502686246,3458104,29/7/2017,12.15.00,No,Collision with vehicle,Friday,RIGHT THROUGH,Day,145.09399,-37.64615,WHITTLESEA,METROPOLITAN NORTH WEST REGION,2,1,0,1,0,1,1,0,1,0,1,0,0,0,0,0,0,0,0,0,No,0,2,0,1,0,0,MELB_URBAN,MELB_URBAN,WHITTLESEA,METROPOLITAN NORTH WEST REGION,2017,7,July,SOUTH MORANG
144.9884893358199,-37.78963898633462,3458133,10/7/2017,18.15.00,Yes,Collision with vehicle,Monday,LANE CHANGE RIGHT (NOT OVERTAKING),Dark Street lights on,144.98848999999998,-37.789640000000006,YARRA,METROPOLITAN NORTH WEST REGION,2,1,0,0,1,1,2,0,1,0,1,0,0,0,0,0,0,0,0,0,No,0,2,0,1,0,0,MELB_URBAN,MELB_URBAN,YARRA,METROPOLITAN NORTH WEST REGION,2017,7,July,CLIFTON HILL
144.7912730639214,-37.874630078709046,3458149,23/7/2017,08.57.00,No,Collision with vehicle,,RIGHT NEAR (INTERSECTIONS ONLY),Day,144.79127,-37.874629999999996,HOBSONS BAY,METROPOLITAN NORTH WEST REGION,2,1,0,0,1,1,1,1,1,0,1,0,0,0,0,0,0,0,1,0,No,0,2,0,1,0,0,MELB_URBAN,MELB_URBAN,HOBSONS BAY,METROPOLITAN NORTH WEST REGION,2017,7,July,ALTONA MEADOWS
144.97731356990363,-37.85980928298545,3458153,23/7/2017,12.45.00,No,Collision with vehicle,Sunday,LEFT REAR,Day,144.97731000000002,-37.859809999999996,PORT PHILLIP,METROPOLITAN NORTH WEST REGION,3,1,0,0,1,2,1,2,1,0,2,0,0,0,0,0,0,0,0,0,No,0,3,0,2,0,0,MELB_URBAN,MELB_URBAN,PORT PHILLIP,METROPOLITAN NORTH WEST REGION,2017,7,July,ST KILDA
145.3603991446385,-36.39427630382794,3458179,26/7/2017,16.30.00,No,Collision with vehicle,Wednesday,VEHICLE STRIKES DOOR OF PARKED/STATIONARY VEHICLE,Day,145.3604,-36.39428,SHEPPARTON,NORTH EASTERN REGION,2,1,0,0,1,1,1,1,1,0,1,0,0,0,0,0,0,0,0,0,No,0,2,0,1,0,0,SMALL_CITIES,SMALL_CITIES,SHEPPARTON,NORTH EASTERN REGION,2017,7,July,MOOROOPNA
145.34321942010308,-37.75588452871944,3458194,27/6/2017,17.30.00,No,No collision and no object struck,Monday,OTHER ACCIDENTS-OFF STRAIGHT NOT INCLUDED IN DCAs 170-175,Dark Street lights on,145.34322,-37.75588,YARRA RANGES,METROPOLITAN SOUTH EAST REGION,1,1,0,1,0,0,1,0,1,0,0,0,0,0,0,0,0,0,0,0,No,0,1,0,0,0,0,MELB_URBAN,MELB_URBAN,YARRA RANGES,METROPOLITAN SOUTH EAST REGION,2017,6,June,LILYDALE
145.09573511907155,-37.6006357111612,3458216,9/7/2017,18.00.00,No,Collision with vehicle,,REAR END(VEHICLES IN SAME LANE),Dark Street lights on,145.09573999999998,-37.600640000000006,WHITTLESEA,METROPOLITAN NORTH WEST REGION,2,1,0,0,1,1,2,0,1,0,1,0,0,0,0,0,0,0,0,0,No,0,2,0,1,0,0,MELB_URBAN,MELB_URBAN,WHITTLESEA,METROPOLITAN NORTH WEST REGION,2017,7,July,MERNDA
144.94273583296683,-37.83623394227124,3458235,27/6/2017,18.50.00,Yes,Collision with vehicle,Monday,RIGHT THROUGH,Dark Street lights on,144.94274,-37.83623,PORT PHILLIP,METROPOLITAN NORTH WEST REGION,2,1,0,0,1,1,2,0,1,0,1,0,0,0,0,0,0,0,0,0,No,0,2,0,1,0,0,MELB_URBAN,MELB_URBAN,PORT PHILLIP,METROPOLITAN NORTH WEST REGION,2017,6,June,PORT MELBOURNE
145.10997464845914,-38.153913077773225,3458289,28/6/2017,09.15.00,No,Collision with vehicle,Wednesday,LANE CHANGE LEFT (NOT OVERTAKING),Day,145.10997,-38.153909999999996,FRANKSTON,METROPOLITAN SOUTH EAST REGION,2,1,0,0,1,1,1,1,1,0,1,0,0,0,0,0,0,0,0,0,No,0,2,0,1,0,0,MELB_URBAN,MELB_URBAN,FRANKSTON,METROPOLITAN SOUTH EAST REGION,2017,6,June,FRANKSTON SOUTH
144.96177055022304,-37.76912005929678,3458311,4/7/2017,15.20.00,No,Collision with vehicle,Tuesday,VEHICLE STRIKES DOOR OF PARKED/STATIONARY VEHICLE,Day,144.96177,-37.76912,MORELAND,METROPOLITAN NORTH WEST REGION,2,1,0,0,1,1,2,0,1,0,1,0,0,0,0,0,0,0,0,0,No,0,2,0,1,0,0,MELB_URBAN,MELB_URBAN,MORELAND,METROPOLITAN NORTH WEST REGION,2017,7,July,BRUNSWICK
144.97268801304196,-37.78465727992077,3458314,5/7/2017,18.30.00,Yes,Collision with vehicle,Tuesday,CROSS TRAFFIC(INTERSECTIONS ONLY),Dark Street lights on,144.97269,-37.784659999999995,YARRA,METROPOLITAN NORTH WEST REGION,2,1,0,1,0,1,2,0,1,0,1,0,0,0,0,0,0,0,0,0,No,0,2,0,1,0,0,MELB_URBAN,MELB_URBAN,YARRA,METROPOLITAN NORTH WEST REGION,2017,7,July,CARLTON NORTH
144.89356819155986,-37.80689846175533,3458349,24/6/2017,10.30.00,No,Collision with vehicle,Saturday,LEFT TURN SIDESWIPE,Day,144.89356999999998,-37.8069,MARIBYRNONG,METROPOLITAN NORTH WEST REGION,2,1,0,0,1,1,2,0,1,0,1,0,0,0,0,0,1,0,0,0,No,0,2,0,1,0,0,MELB_URBAN,MELB_URBAN,MARIBYRNONG,METROPOLITAN NORTH WEST REGION,2017,6,June,SEDDON
145.00633493776238,-37.83213384375907,3458358,4/7/2017,12.15.00,No,Collision with vehicle,Tuesday,LANE SIDE SWIPE (VEHICLES IN PARALLEL LANES),Day,145.00633,-37.83213,STONNINGTON,METROPOLITAN SOUTH EAST REGION,2,1,0,0,1,1,2,0,1,0,1,0,0,0,0,0,0,0,0,0,No,0,2,1,0,0,0,MELB_URBAN,MELB_URBAN,STONNINGTON,METROPOLITAN SOUTH EAST REGION,2017,7,July,SOUTH YARRA
144.97672312167725,-37.8394692767676,3458360,5/7/2017,08.32.00,No,Collision with vehicle,Wednesday,VEHICLE STRIKES DOOR OF PARKED/STATIONARY VEHICLE,Day,144.97672,-37.83947,MELBOURNE,METROPOLITAN NORTH WEST REGION,2,1,0,0,1,1,2,0,1,0,1,0,0,0,0,0,0,0,0,0,No,0,2,0,1,0,0,MELB_URBAN,MELB_URBAN,"PORT PHILLIP,MELBOURNE",METROPOLITAN NORTH WEST REGION,2017,7,July,MELBOURNE
144.9737269459423,-37.82158643215906,3458369,11/7/2017,17.45.00,No,Collision with vehicle,Tuesday,OTHER ADJACENT (INTERSECTIONS ONLY),Dark Street lights on,144.97373000000002,-37.82159,MELBOURNE,METROPOLITAN NORTH WEST REGION,6,1,0,0,1,5,1,5,1,4,1,0,0,0,0,0,0,0,0,0,No,0,2,0,1,0,0,MELB_URBAN,MELB_URBAN,MELBOURNE,METROPOLITAN NORTH WEST REGION,2017,7,July,MELBOURNE
145.00166038620296,-37.75968767653144,3458385,22/6/2017,11.00.00,No,Collision with vehicle,Thursday,CUTTING IN (OVERTAKING),Day,145.00166000000002,-37.75969,DAREBIN,METROPOLITAN NORTH WEST REGION,2,1,0,0,1,1,0,1,1,0,0,0,0,0,1,0,0,0,0,0,No,0,2,0,0,0,0,MELB_URBAN,MELB_URBAN,DAREBIN,METROPOLITAN NORTH WEST REGION,2017,6,June,THORNBURY
144.97537489372516,-37.86850211905092,3458394,10/6/2017,09.50.00,No,Struck Pedestrian,Friday,PED NEAR SIDE. PED HIT BY VEHICLE FROM THE RIGHT.,Day,144.97537,-37.8685,PORT PHILLIP,METROPOLITAN NORTH WEST REGION,2,2,0,0,2,0,1,0,1,0,0,1,0,0,0,0,0,0,0,0,No,0,1,0,0,0,0,MELB_URBAN,MELB_URBAN,PORT PHILLIP,METROPOLITAN NORTH WEST REGION,2017,6,June,ST KILDA
144.97161376571466,-37.781982563401534,3458402,25/6/2017,18.30.00,Yes,Collision with vehicle,Sunday,CROSS TRAFFIC(INTERSECTIONS ONLY),Unk.,144.97161,-37.78198,YARRA,METROPOLITAN NORTH WEST REGION,2,1,0,0,1,1,0,2,1,0,1,0,0,0,0,0,0,0,0,0,No,0,2,0,1,0,0,MELB_URBAN,MELB_URBAN,YARRA,METROPOLITAN NORTH WEST REGION,2017,6,June,CARLTON NORTH
144.9721870666582,-37.813836009112684,3458421,27/6/2017,11.00.00,No,Collision with vehicle,Tuesday,VEHICLE STRIKES DOOR OF PARKED/STATIONARY VEHICLE,Unk.,144.97218999999998,-37.81384,MELBOURNE,METROPOLITAN NORTH WEST REGION,2,1,0,1,0,1,1,0,1,0,0,0,0,0,1,0,0,0,0,0,No,0,2,0,0,0,0,MELBOURNE_CBD,MELBOURNE_CBD,MELBOURNE,METROPOLITAN NORTH WEST REGION,2017,6,June,MELBOURNE
145.14047737944756,-37.73221154158009,3458433,21/6/2017,14.20.00,No,Collision with vehicle,Wednesday,REVERSING IN STREAM OF TRAFFIC,Day,145.14048,-37.732209999999995,NILLUMBIK,METROPOLITAN NORTH WEST REGION,2,1,0,1,0,1,2,0,1,0,1,0,0,0,0,0,0,0,0,0,No,0,2,0,1,0,0,MELB_URBAN,MELB_URBAN,NILLUMBIK,METROPOLITAN NORTH WEST REGION,2017,6,June,ELTHAM
144.89019820390604,-37.86324347335688,3458437,22/6/2017,08.35.00,No,Collision with vehicle,Thursday,REAR END(VEHICLES IN SAME LANE),Day,144.8902,-37.863240000000005,HOBSONS BAY,METROPOLITAN NORTH WEST REGION,2,1,0,0,1,1,1,0,1,0,1,0,0,0,0,0,1,0,0,0,No,0,2,0,1,0,0,MELB_URBAN,MELB_URBAN,HOBSONS BAY,METROPOLITAN NORTH WEST REGION,2017,6,June,WILLIAMSTOWN
142.45546400958867,-38.37809621267528,3458440,22/6/2017,17.50.00,No,Collision with vehicle,Thursday,VEHICLE OFF FOOTPATH STRIKES VEH ON CARRIAGEWAY,Dark Street lights on,142.45546000000002,-38.3781,WARRNAMBOOL,SOUTH WESTERN REGION,2,1,0,1,0,1,2,0,1,0,1,0,0,0,0,0,1,0,0,0,No,0,2,0,1,0,0,SMALL_CITIES,SMALL_CITIES,WARRNAMBOOL,SOUTH WESTERN REGION,2017,6,June,WARRNAMBOOL
146.88876072888806,-36.12367022117157,3458457,5/7/2017,14.45.00,No,Collision with vehicle,Wednesday,VEHICLE OFF FOOTPATH STRIKES VEH ON CARRIAGEWAY,Day,146.88876000000002,-36.123670000000004,WODONGA,NORTH EASTERN REGION,2,1,0,1,0,1,2,0,1,0,1,0,0,0,0,0,1,0,0,0,No,0,2,0,1,0,0,SMALL_CITIES,SMALL_CITIES,WODONGA,NORTH EASTERN REGION,2017,7,July,WODONGA
144.9833395174993,-37.80880301460055,3458458,5/7/2017,15.10.00,No,Collision with vehicle,Wednesday,VEHICLE STRIKES DOOR OF PARKED/STATIONARY VEHICLE,Day,144.98334,-37.8088,YARRA,METROPOLITAN NORTH WEST REGION,2,1,0,1,0,1,2,0,1,0,1,0,0,0,0,0,0,0,0,0,No,0,2,0,1,0,0,MELB_URBAN,MELB_URBAN,YARRA,METROPOLITAN NORTH WEST REGION,2017,7,July,COLLINGWOOD
145.07767753868663,-38.00154177283583,3458459,5/7/2017,15.54.00,No,Collision with vehicle,Tuesday,LANE SIDE SWIPE (VEHICLES IN PARALLEL LANES),Day,145.07768000000002,-38.001540000000006,KINGSTON,METROPOLITAN SOUTH EAST REGION,2,1,0,0,1,1,2,0,1,0,1,0,0,0,0,0,0,0,0,0,No,0,2,0,1,0,0,MELB_URBAN,MELB_URBAN,KINGSTON,METROPOLITAN SOUTH EAST REGION,2017,7,July,PARKDALE