X,Y,OBJECTID,ACCIDENT_DATE,ACCIDENT_TIME,ALCOHOLTIME,ACCIDENT_TYPE,DAY_OF_WEEK,DCA_CODE,LIGHT_CONDITION,LONGITUDE,LATITUDE,LGA_NAME,REGION_NAME,TOTAL_PERSONS,INJ_OR_FATAL,FATALITY,SERIOUSINJURY,OTHERINJURY,NONINJURED,MALES,FEMALES,BICYCLIST,PASSENGER,DRIVER,PEDESTRIAN,PILLION,MOTORIST,UNKNOWN,PED_CYCLIST_5_12,PED_CYCLIST_13_18,OLD_PEDESTRIAN,OLD_DRIVER,YOUNG_DRIVER,ALCOHOL_RELATED,UNLICENCSED,NO_OF_VEHICLES,HEAVYVEHICLE,PASSENGERVEHICLE,MOTORCYCLE,PUBLICVEHICLE,DEG_URBAN_NAME,DEG_URBAN_ALL,LGA_NAME_ALL,REGION_NAME_ALL,Year,Month,Month_name,Suburb
144.97479063136817,-37.86760978079671,3462353,21/12/2017,17.20.00,No,Collision with vehicle,Wednesday,LEFT TURN SIDESWIPE,Day,144.97478999999998,-37.86761,PORT PHILLIP,METROPOLITAN NORTH WEST REGION,2,1,0,0,1,1,2,0,1,0,1,0,0,0,0,0,0,0,0,0,No,0,2,0,1,0,0,MELB_URBAN,MELB_URBAN,PORT PHILLIP,METROPOLITAN NORTH WEST REGION,2017,12,December,ST KILDA
145.0261959698375,-37.82258410973041,3462355,19/12/2017,18.30.00,Yes,Collision with vehicle,Tuesday,LEFT NEAR (INTERSECTIONS ONLY),Day,145.0262,-37.82258,BOROONDARA,METROPOLITAN SOUTH EAST REGION,2,1,0,0,1,1,1,1,1,0,1,0,0,0,0,0,0,0,0,0,No,0,2,0,1,0,0,MELB_URBAN,MELB_URBAN,BOROONDARA,METROPOLITAN SOUTH EAST REGION,2017,12,December,HAWTHORN
145.03927399516374,-37.978173438080795,3462357,15/12/2017,09.25.00,No,Collision with vehicle,Friday,LEFT TURN SIDESWIPE,Day,145.03927,-37.97817,BAYSIDE,METROPOLITAN SOUTH EAST REGION,2,1,0,0,1,1,2,0,1,0,1,0,0,0,0,0,0,0,0,0,No,0,2,0,1,0,0,MELB_URBAN,MELB_URBAN,BAYSIDE,METROPOLITAN SOUTH EAST REGION,2017,12,December,BEAUMARIS
144.99375601582696,-37.84923960133303,3462365,28/12/2017,23.15.00,Yes,Collision with vehicle,Thursday,LEAVING PARKING,Dark Street lights on,144.99376,-37.84924,STONNINGTON,METROPOLITAN SOUTH EAST REGION,3,1,0,0,1,2,3,0,1,0,2,0,0,0,0,0,0,0,0,0,No,0,3,0,2,0,0,MELB_URBAN,MELB_URBAN,STONNINGTON,METROPOLITAN SOUTH EAST REGION,2017,12,December,PRAHRAN
145.18348837858997,-37.70268752909785,3462370,5/1/2018,08.15.00,No,collision with some other object,Friday,LOAD OR MISSILE STRUCK VEHICLE,Day,145.18348999999998,-37.702690000000004,NILLUMBIK,METROPOLITAN NORTH WEST REGION,3,1,0,0,1,2,2,1,1,1,1,0,0,0,0,0,0,0,0,0,No,0,2,0,1,0,0,MELB_URBAN,MELB_URBAN,NILLUMBIK,METROPOLITAN NORTH WEST REGION,2018,1,January,RESEARCH
144.83085928871878,-38.37106465727327,3462385,16/12/2017,08.40.00,No,Collision with vehicle,Saturday,RIGHT THROUGH,Day,144.83086,-38.37106,MORNINGTON PENINSULA,METROPOLITAN SOUTH EAST REGION,2,1,0,0,1,1,1,1,1,0,1,0,0,0,0,0,0,0,1,0,No,0,2,0,1,0,0,MELB_URBAN,MELB_URBAN,MORNINGTON PENINSULA,METROPOLITAN SOUTH EAST REGION,2017,12,December,RYE
144.26172005484898,-36.72093991489317,3462386,8/12/2017,15.20.00,No,Collision with vehicle,Thursday,VEHICLE COLLIDES WITH VEHICLE PARKED ON LEFT OF ROAD,Day,144.26172,-36.72094,BENDIGO,NORTHERN REGION,3,1,0,0,1,2,2,0,1,0,1,0,0,0,1,0,1,0,0,0,No,0,3,0,1,0,0,LARGE_PROVINCIAL_CITIES,LARGE_PROVINCIAL_CITIES,BENDIGO,NORTHERN REGION,2017,12,December,EAGLEHAWK
145.85543808922023,-38.138086544975536,3462391,16/12/2017,07.00.00,Yes,Collision with vehicle,Saturday,LEFT TURN SIDESWIPE,Day,145.85544,-38.138090000000005,BAW BAW,EASTERN REGION,2,1,0,0,1,1,1,1,1,0,1,0,0,0,0,0,0,0,0,0,No,0,2,0,1,0,0,TOWNS,TOWNS,BAW BAW,"EASTERN REGION,EASTERN REGION",2017,12,December,DROUIN
145.02572275115307,-37.77560421301184,3462394,15/12/2017,10.10.00,No,Collision with vehicle,Friday,CROSS TRAFFIC(INTERSECTIONS ONLY),Day,145.02572,-37.7756,DAREBIN,METROPOLITAN NORTH WEST REGION,2,1,0,0,1,1,2,0,1,0,1,0,0,0,0,0,0,0,0,0,No,0,2,0,1,0,0,MELB_URBAN,MELB_URBAN,DAREBIN,METROPOLITAN NORTH WEST REGION,2017,12,December,FAIRFIELD
145.01555629626986,-37.974901613990724,3462409,24/12/2017,08.15.00,Yes,Collision with vehicle,Sunday,REAR END(VEHICLES IN SAME LANE),Day,145.01556000000002,-37.9749,BAYSIDE,METROPOLITAN SOUTH EAST REGION,2,1,0,0,1,1,1,0,2,0,0,0,0,0,0,0,0,0,0,0,No,0,2,0,0,0,0,MELB_URBAN,MELB_URBAN,BAYSIDE,METROPOLITAN SOUTH EAST REGION,2017,12,December,BLACK ROCK
145.08715802972634,-38.00754948569847,3462411,29/12/2017,09.55.00,No,No collision and no object struck,Thursday,OUT OF CONTROL ON CARRIAGEWAY (ON STRAIGHT),Day,145.08716,-38.00755,KINGSTON,METROPOLITAN SOUTH EAST REGION,2,1,0,0,1,1,2,0,1,0,1,0,0,0,0,0,0,0,0,0,No,0,2,0,1,0,0,MELB_URBAN,MELB_URBAN,KINGSTON,METROPOLITAN SOUTH EAST REGION,2017,12,December,MORDIALLOC
145.23723999337534,-38.45615602808699,3462419,29/12/2017,12.08.00,No,Collision with vehicle,Friday,VEHICLE STRIKES DOOR OF PARKED/STATIONARY VEHICLE,Day,145.23723999999999,-38.45616,BASS COAST,EASTERN REGION,2,1,0,0,1,1,2,0,1,0,1,0,0,0,0,0,0,0,0,0,No,0,2,0,1,0,0,TOWNS,TOWNS,BASS COAST,"EASTERN REGION,EASTERN REGION",2017,12,December,COWES
142.51189902054216,-38.396934757065026,3462422,6/1/2018,08.00.00,Yes,Collision with vehicle,Saturday,LEAVING PARKING,Day,142.5119,-38.39693,WARRNAMBOOL,SOUTH WESTERN REGION,2,1,0,1,0,1,2,0,1,0,1,0,0,0,0,0,0,0,0,0,No,0,2,0,1,0,0,SMALL_CITIES,SMALL_CITIES,WARRNAMBOOL,SOUTH WESTERN REGION,2018,1,January,WARRNAMBOOL
145.0882000027097,-37.893089999612435,3462430,6/1/2018,12.15.00,No,Collision with vehicle,Saturday,REAR END(VEHICLES IN SAME LANE),Day,145.0882,-37.89309,MONASH,METROPOLITAN SOUTH EAST REGION,2,1,0,0,1,1,2,0,1,0,1,0,0,0,0,0,0,0,0,0,No,0,2,0,1,0,0,MELB_URBAN,MELB_URBAN,MONASH,METROPOLITAN SOUTH EAST REGION,2018,1,January,HUGHESDALE
144.9628352837771,-37.77995020118021,3462432,31/12/2017,13.30.00,No,Collision with vehicle,Sunday,VEHICLE OFF FOOTPATH STRIKES VEH ON CARRIAGEWAY,Day,144.96284,-37.77995,MELBOURNE,METROPOLITAN NORTH WEST REGION,3,1,0,1,0,2,1,1,1,1,1,0,0,0,0,0,0,0,0,0,No,0,2,0,1,0,0,MELB_URBAN,MELB_URBAN,"YARRA,MELBOURNE",METROPOLITAN NORTH WEST REGION,2017,12,December,PRINCES HILL
146.00545610040385,-36.01849400801808,3462446,15/12/2017,20.15.00,Yes,Collision with vehicle,Friday,CROSS TRAFFIC(INTERSECTIONS ONLY),Dusk/Dawn,146.00546,-36.01849,MOIRA,NORTH EASTERN REGION,2,1,0,1,0,1,1,1,1,0,1,0,0,0,0,0,0,0,0,0,No,0,2,0,1,0,0,TOWNS,TOWNS,MOIRA,NORTH EASTERN REGION,2017,12,December,YARRAWONGA
145.0448021158511,-37.82373442829756,3462451,22/12/2017,09.30.00,No,Collision with vehicle,Friday,RIGHT THROUGH,Day,145.0448,-37.82373,BOROONDARA,METROPOLITAN SOUTH EAST REGION,2,1,0,0,1,1,1,1,1,0,1,0,0,0,0,0,0,0,0,0,No,0,2,0,1,0,0,MELB_URBAN,MELB_URBAN,BOROONDARA,METROPOLITAN SOUTH EAST REGION,2017,12,December,HAWTHORN
144.82605280934843,-37.749970289913506,3462455,20/12/2017,16.40.00,No,Collision with vehicle,Wednesday,RIGHT TURN SIDESWIPE,Day,144.82605,-37.749970000000005,BRIMBANK,METROPOLITAN NORTH WEST REGION,2,1,0,0,1,1,0,1,1,0,0,0,0,0,1,1,0,0,0,0,No,0,2,0,0,0,0,MELB_URBAN,MELB_URBAN,BRIMBANK,METROPOLITAN NORTH WEST REGION,2017,12,December,ST ALBANS
145.04956919031446,-37.93495401023935,3462478,30/12/2017,20.00.00,Yes,Collision with vehicle,Saturday,LEFT TURN SIDESWIPE,Unk.,145.04957,-37.93495,KINGSTON,METROPOLITAN SOUTH EAST REGION,2,1,0,0,1,1,1,0,1,0,0,0,0,0,1,0,0,0,0,0,No,0,2,0,0,0,0,MELB_URBAN,MELB_URBAN,KINGSTON,METROPOLITAN SOUTH EAST REGION,2017,12,December,MOORABBIN
147.06399421382,-38.106123873239774,3462481,6/1/2018,23.00.00,Yes,Collision with vehicle,Saturday,RIGHT TURN SIDESWIPE,Dark Street lights on,147.06399,-38.106120000000004,WELLINGTON,EASTERN REGION,2,1,0,0,1,1,0,2,1,0,1,0,0,0,0,0,0,0,0,0,No,0,2,0,1,0,0,SMALL_CITIES,SMALL_CITIES,WELLINGTON,"EASTERN REGION,EASTERN REGION",2018,1,January,SALE
144.9621237564477,-37.81198891594122,3462487,16/12/2017,12.35.00,No,Collision with vehicle,Friday,VEHICLE STRIKES DOOR OF PARKED/STATIONARY VEHICLE,Day,144.96212,-37.81199,MELBOURNE,METROPOLITAN NORTH WEST REGION,1,1,0,0,1,0,1,0,1,0,0,0,0,0,0,0,0,0,0,0,No,0,2,0,1,0,0,MELBOURNE_CBD,MELBOURNE_CBD,MELBOURNE,METROPOLITAN NORTH WEST REGION,2017,12,December,MELBOURNE
145.40374101036232,-36.37956196221312,3462499,16/12/2017,05.30.00,Yes,Collision with vehicle,Friday,CROSS TRAFFIC(INTERSECTIONS ONLY),Dark Street lights on,145.40374,-36.37956,SHEPPARTON,NORTH EASTERN REGION,2,1,0,0,1,1,2,0,1,0,1,0,0,0,0,0,0,0,0,0,No,0,2,0,1,0,0,SMALL_CITIES,SMALL_CITIES,SHEPPARTON,NORTH EASTERN REGION,2017,12,December,SHEPPARTON
144.31225041697098,-36.84198924111757,3462504,22/12/2017,10.15.00,No,Collision with vehicle,Friday,REAR END(VEHICLES IN SAME LANE),Day,144.31225,-36.84199,BENDIGO,NORTHERN REGION,2,1,1,0,0,1,1,1,1,0,1,0,0,0,0,0,0,0,0,1,No,0,2,0,1,0,0,RURAL_VICTORIA,RURAL_VICTORIA,BENDIGO,NORTHERN REGION,2017,12,December,MANDURANG
144.41397486946354,-38.02410106942049,3462536,7/1/2018,08.25.00,No,Collision with vehicle,,CROSS TRAFFIC(INTERSECTIONS ONLY),Day,144.41397,-38.0241,GEELONG,SOUTH WESTERN REGION,2,1,0,0,1,1,2,0,1,0,1,0,0,0,0,0,0,0,0,0,No,0,2,0,1,0,0,SMALL_CITIES,"SMALL_CITIES,RURAL_VICTORIA",GEELONG,SOUTH WESTERN REGION,2018,1,January,LARA
144.9713488681147,-37.792578888320506,3462547,17/12/2017,07.10.00,No,Collision with vehicle,,REAR END(VEHICLES IN SAME LANE),Day,144.97135,-37.79258,MELBOURNE,METROPOLITAN NORTH WEST REGION,2,1,0,0,1,1,2,0,1,0,1,0,0,0,0,0,0,0,0,1,No,0,2,0,1,0,0,MELB_URBAN,MELB_URBAN,"YARRA,MELBOURNE",METROPOLITAN NORTH WEST REGION,2017,12,December,CARLTON
145.12088075173926,-38.034561389637204,3462551,17/12/2017,10.20.00,No,Collision with vehicle,,REAR END(VEHICLES IN SAME LANE),Day,145.12088,-38.03456,KINGSTON,METROPOLITAN SOUTH EAST REGION,2,1,0,0,1,1,1,1,1,0,1,0,0,0,0,0,0,0,1,0,No,1,2,0,1,0,0,MELB_URBAN,MELB_URBAN,KINGSTON,METROPOLITAN SOUTH EAST REGION,2017,12,December,EDITHVALE
144.98668325777643,-37.77999166578208,3462559,21/12/2017,15.30.00,No,Collision with vehicle,Thursday,VEHICLE COLLIDES WITH VEHICLE PARKED ON LEFT OF ROAD,Day,144.98668,-37.779990000000005,YARRA,METROPOLITAN NORTH WEST REGION,1,1,0,0,1,0,1,0,1,0,0,0,0,0,0,0,0,0,0,0,No,0,2,0,0,0,0,MELB_URBAN,MELB_URBAN,YARRA,METROPOLITAN NORTH WEST REGION,2017,12,December,FITZROY NORTH
142.4833818199487,-38.38827807002751,3462566,29/12/2017,09.40.00,No,Collision with vehicle,Friday,CROSS TRAFFIC(INTERSECTIONS ONLY),Day,142.48338,-38.38828,WARRNAMBOOL,SOUTH WESTERN REGION,2,1,0,0,1,1,1,1,1,0,1,0,0,0,0,0,0,0,1,0,No,0,2,0,1,0,0,SMALL_CITIES,SMALL_CITIES,WARRNAMBOOL,SOUTH WESTERN REGION,2017,12,December,WARRNAMBOOL
144.94118507772788,-37.83984655327165,3462568,22/12/2017,21.30.00,Yes,Collision with vehicle,Friday,LEFT TURN SIDESWIPE,Dark Street lights on,144.94118999999998,-37.83985,PORT PHILLIP,METROPOLITAN NORTH WEST REGION,2,1,0,0,1,1,1,1,1,0,1,0,0,0,0,0,0,0,0,0,No,0,2,0,1,0,0,MELB_URBAN,MELB_URBAN,PORT PHILLIP,METROPOLITAN NORTH WEST REGION,2017,12,December,PORT MELBOURNE
144.9818113383501,-37.785665930644896,3462578,11/12/2017,19.00.00,Yes,Collision with vehicle,Sunday,CROSS TRAFFIC(INTERSECTIONS ONLY),Day,144.98181,-37.78567,YARRA,METROPOLITAN NORTH WEST REGION,2,1,0,0,1,1,0,2,1,0,1,0,0,0,0,0,0,0,0,0,No,0,2,0,1,0,0,MELB_URBAN,MELB_URBAN,YARRA,METROPOLITAN NORTH WEST REGION,2017,12,December,FITZROY NORTH
144.95832269479197,-37.691726650471885,3462588,11/12/2017,16.30.00,No,Collision with vehicle,Monday,REAR END(VEHICLES IN SAME LANE),Day,144.95832,-37.69173,HUME,METROPOLITAN NORTH WEST REGION,11,4,0,2,2,7,7,4,1,3,7,0,0,0,0,0,0,0,0,0,No,0,8,1,6,0,0,MELB_URBAN,MELB_URBAN,HUME,METROPOLITAN NORTH WEST REGION,2017,12,December,FAWKNER
144.96838973810972,-37.79226017781697,3462596,17/12/2017,01.30.00,Yes,Collision with vehicle,Sunday,LANE SIDE SWIPE (VEHICLES IN PARALLEL LANES),Dark Street lights on,144.96839,-37.79226,MELBOURNE,METROPOLITAN NORTH WEST REGION,2,1,0,1,0,1,2,0,1,0,1,0,0,0,0,0,0,0,0,0,No,0,2,0,1,0,0,MELB_URBAN,MELB_URBAN,"YARRA,MELBOURNE",METROPOLITAN NORTH WEST REGION,2017,12,December,CARLTON NORTH
144.97777546788,-37.80233664535718,3462607,23/12/2017,15.30.00,Yes,Collision with vehicle,Saturday,RIGHT THROUGH,Day,144.97778,-37.80234,YARRA,METROPOLITAN NORTH WEST REGION,2,1,0,0,1,1,1,1,1,0,1,0,0,0,0,0,0,0,1,0,No,0,2,0,1,0,0,MELB_URBAN,MELB_URBAN,YARRA,METROPOLITAN NORTH WEST REGION,2017,12,December,FITZROY
144.96090916845043,-37.77425774948122,3462634,11/12/2017,17.30.00,Yes,Collision with vehicle,Sunday,RIGHT THROUGH,Day,144.96091,-37.77426,MORELAND,METROPOLITAN NORTH WEST REGION,2,1,0,0,1,1,1,1,1,0,1,0,0,0,0,0,0,0,0,0,No,0,2,0,1,0,0,MELB_URBAN,MELB_URBAN,MORELAND,METROPOLITAN NORTH WEST REGION,2017,12,December,BRUNSWICK
145.2429500441304,-37.98809976086002,3462650,18/12/2017,07.30.00,No,Collision with vehicle,Monday,HEAD ON (NOT OVERTAKING),Day,145.24295,-37.9881,CASEY,METROPOLITAN SOUTH EAST REGION,2,1,0,1,0,1,1,1,1,0,1,0,0,0,0,0,0,0,0,0,No,0,2,0,1,0,0,MELB_URBAN,MELB_URBAN,CASEY,METROPOLITAN SOUTH EAST REGION,2017,12,December,DOVETON
144.97057014886386,-37.779030022168435,3462661,23/12/2017,12.05.00,No,Collision with vehicle,Saturday,VEHICLE OFF FOOTPATH STRIKES VEH ON CARRIAGEWAY,Day,144.97057,-37.77903,MORELAND,METROPOLITAN NORTH WEST REGION,2,1,0,0,1,1,1,1,1,0,1,0,0,0,0,0,0,0,0,0,No,0,2,0,1,0,0,MELB_URBAN,MELB_URBAN,MORELAND,METROPOLITAN NORTH WEST REGION,2017,12,December,BRUNSWICK EAST
144.98801135983845,-37.919139910764244,3462665,24/12/2017,08.57.00,Yes,Collision with vehicle,Sunday,LANE CHANGE RIGHT (NOT OVERTAKING),Day,144.98801,-37.919140000000006,BAYSIDE,METROPOLITAN SOUTH EAST REGION,2,1,0,1,0,1,2,0,1,0,1,0,0,0,0,0,0,0,0,0,No,0,2,0,1,0,0,MELB_URBAN,MELB_URBAN,BAYSIDE,METROPOLITAN SOUTH EAST REGION,2017,12,December,BRIGHTON
145.1179414508763,-38.05506557412919,3462668,24/12/2017,09.25.00,Yes,Collision with vehicle,Sunday,LEFT TURN SIDESWIPE,Day,145.11794,-38.05507,KINGSTON,METROPOLITAN SOUTH EAST REGION,2,1,0,0,1,1,0,2,1,0,1,0,0,0,0,0,0,0,0,0,No,0,2,0,1,0,0,MELB_URBAN,MELB_URBAN,KINGSTON,METROPOLITAN SOUTH EAST REGION,2017,12,December,CHELSEA
145.61559249923303,-38.67275240657517,3462678,31/12/2017,08.30.00,Yes,No collision and no object struck,Sunday,OUT OF CONTROL ON CARRIAGEWAY (ON STRAIGHT),Day,145.61559,-38.67275,BASS COAST,EASTERN REGION,2,1,0,1,0,1,0,2,1,0,1,0,0,0,0,0,0,0,0,1,No,0,2,0,1,0,0,SMALL_TOWNS,SMALL_TOWNS,BASS COAST,"EASTERN REGION,EASTERN REGION",2017,12,December,CAPE PATERSON
145.1340621151225,-37.57986256582904,3462687,12/12/2017,08.30.00,No,Collision with vehicle,Tuesday,VEHICLE STRIKES ANOTHER VEH WHILE EMERGING FROM DRIVEWAY,Day,145.13406,-37.57986,WHITTLESEA,METROPOLITAN NORTH WEST REGION,2,2,0,0,2,0,1,0,1,0,1,0,0,0,0,1,0,0,0,1,No,0,2,0,1,0,0,MELB_URBAN,MELB_URBAN,WHITTLESEA,METROPOLITAN NORTH WEST REGION,2017,12,December,DOREEN
145.07048219555563,-37.79261071902772,3462691,12/12/2017,11.15.00,No,Collision with vehicle,Tuesday,LEFT TURN SIDESWIPE,Day,145.07048,-37.792609999999996,BOROONDARA,METROPOLITAN SOUTH EAST REGION,2,1,0,0,1,1,2,0,1,0,1,0,0,0,0,0,0,0,0,0,No,0,2,0,1,0,0,MELB_URBAN,MELB_URBAN,BOROONDARA,METROPOLITAN SOUTH EAST REGION,2017,12,December,BALWYN NORTH
145.28656004552667,-37.823535096378926,3462713,20/12/2017,16.36.00,No,Collision with vehicle,Wednesday,LEFT NEAR (INTERSECTIONS ONLY),Dusk/Dawn,145.28656,-37.82354,MAROONDAH,METROPOLITAN SOUTH EAST REGION,2,1,0,0,1,1,2,0,1,0,1,0,0,0,0,0,0,0,0,0,No,0,2,0,1,0,0,MELB_URBAN,MELB_URBAN,MAROONDAH,METROPOLITAN SOUTH EAST REGION,2017,12,December,BAYSWATER NORTH
144.96258846818304,-37.80995669959536,3462728,30/12/2017,23.50.00,Yes,Collision with vehicle,Saturday,ENTERING PARKING,Dark Street lights on,144.96258999999998,-37.80996,MELBOURNE,METROPOLITAN NORTH WEST REGION,2,1,0,0,1,1,2,0,1,0,1,0,0,0,0,0,0,0,0,0,No,0,2,0,1,0,0,MELBOURNE_CBD,"MELBOURNE_CBD,MELB_URBAN",MELBOURNE,METROPOLITAN NORTH WEST REGION,2017,12,December,MELBOURNE
144.99282958338853,-37.854703917736366,3462743,4/10/2017,18.15.00,Yes,Collision with vehicle,Wednesday,LEFT TURN SIDESWIPE,Unk.,144.99283,-37.8547,STONNINGTON,METROPOLITAN SOUTH EAST REGION,2,1,0,0,1,1,1,1,1,0,1,0,0,0,0,0,0,0,0,0,No,0,2,0,1,0,0,MELB_URBAN,MELB_URBAN,STONNINGTON,METROPOLITAN SOUTH EAST REGION,2017,10,October,WINDSOR
144.9785756695063,-37.84385105554848,3465766,7/4/2018,19.30.00,Yes,No collision and no object struck,Saturday,OUT OF CONTROL ON CARRIAGEWAY (ON STRAIGHT),Dark Street lights on,144.97858,-37.84385,MELBOURNE,METROPOLITAN NORTH WEST REGION,2,1,0,0,1,1,1,0,1,0,0,0,0,0,1,0,0,0,0,0,No,0,2,0,0,0,0,MELB_URBAN,MELB_URBAN,MELBOURNE,METROPOLITAN NORTH WEST REGION,2018,4,April,MELBOURNE
144.97661601824646,-37.78826952969046,3465768,17/3/2018,14.39.00,Yes,Collision with vehicle,Saturday,REAR END(VEHICLES IN SAME LANE),Day,144.97662,-37.788270000000004,YARRA,METROPOLITAN NORTH WEST REGION,2,1,0,1,0,1,1,0,1,0,0,0,0,0,1,0,0,0,0,0,No,0,2,0,0,0,0,MELB_URBAN,MELB_URBAN,YARRA,METROPOLITAN NORTH WEST REGION,2018,3,March,FITZROY NORTH
144.91772837759027,-37.70433845688976,3465779,27/3/2018,17.00.00,No,Collision with vehicle,Tuesday,RIGHT THROUGH,Day,144.91773,-37.70434,MORELAND,METROPOLITAN NORTH WEST REGION,2,2,0,0,2,0,2,0,1,0,1,0,0,0,0,0,0,0,0,0,No,0,2,0,1,0,0,MELB_URBAN,MELB_URBAN,MORELAND,METROPOLITAN NORTH WEST REGION,2018,3,March,GLENROY
144.74836086018684,-37.710793137244345,3465806,9/4/2018,06.00.00,Yes,Collision with vehicle,Monday,RIGHT NEAR (INTERSECTIONS ONLY),Dark Street lights on,144.74836000000002,-37.71079,MELTON,METROPOLITAN NORTH WEST REGION,2,1,0,0,1,1,2,0,1,0,1,0,0,0,0,0,0,0,0,0,No,0,2,0,1,0,0,MELB_URBAN,MELB_URBAN,MELTON,METROPOLITAN NORTH WEST REGION,2018,4,April,TAYLORS HILL
144.94487938145411,-37.65309584012316,3465811,10/3/2018,11.20.00,No,Collision with vehicle,Friday,VEHICLE COLLIDES WITH VEHICLE PARKED ON LEFT OF ROAD,Day,144.94488,-37.6531,HUME,METROPOLITAN NORTH WEST REGION,1,1,0,1,0,0,1,0,1,0,0,0,0,0,0,0,0,0,0,0,No,0,2,0,1,0,0,MELB_URBAN,MELB_URBAN,HUME,METROPOLITAN NORTH WEST REGION,2018,3,March,CAMPBELLFIELD
144.9712064240997,-37.78449546247375,3465825,28/3/2018,07.40.00,No,Collision with vehicle,Wednesday,CROSS TRAFFIC(INTERSECTIONS ONLY),Day,144.97121,-37.7845,YARRA,METROPOLITAN NORTH WEST REGION,2,1,0,0,1,1,1,1,1,0,1,0,0,0,0,0,0,0,0,0,No,0,2,0,1,0,0,MELB_URBAN,MELB_URBAN,YARRA,METROPOLITAN NORTH WEST REGION,2018,3,March,CARLTON NORTH
144.32052009933344,-36.759737514678136,3465835,20/12/2017,08.30.00,No,Collision with vehicle,Tuesday,LEFT NEAR (INTERSECTIONS ONLY),Day,144.32052,-36.75974,BENDIGO,NORTHERN REGION,2,1,0,0,1,1,2,0,1,0,1,0,0,0,0,0,0,0,0,0,No,0,2,0,1,0,0,LARGE_PROVINCIAL_CITIES,LARGE_PROVINCIAL_CITIES,BENDIGO,NORTHERN REGION,2017,12,December,STRATHDALE
144.99832071324053,-37.73740546120803,3465839,24/1/2018,17.30.00,No,Collision with vehicle,Tuesday,RIGHT THROUGH,Day,144.99832,-37.73741,DAREBIN,METROPOLITAN NORTH WEST REGION,2,2,0,0,2,0,0,2,1,0,1,0,0,0,0,0,0,0,0,0,No,0,2,0,1,0,0,MELB_URBAN,MELB_URBAN,DAREBIN,METROPOLITAN NORTH WEST REGION,2018,1,January,PRESTON
144.97506940563932,-37.78491732692669,3465844,3/4/2018,19.05.00,Yes,Collision with vehicle,Monday,CROSS TRAFFIC(INTERSECTIONS ONLY),Dark Street lights on,144.97507,-37.78492,YARRA,METROPOLITAN NORTH WEST REGION,2,1,0,1,0,1,2,0,1,0,1,0,0,0,0,0,0,0,0,0,No,0,2,0,1,0,0,MELB_URBAN,MELB_URBAN,YARRA,METROPOLITAN NORTH WEST REGION,2018,4,April,CARLTON NORTH
144.99338920312877,-37.825175793761844,3465845,3/4/2018,16.18.00,No,Collision with vehicle,Tuesday,RIGHT THROUGH,Day,144.99338999999998,-37.825179999999996,YARRA,METROPOLITAN NORTH WEST REGION,2,1,0,1,0,1,1,0,1,0,1,0,0,0,0,0,0,0,0,0,No,0,2,0,1,0,0,MELB_URBAN,MELB_URBAN,YARRA,METROPOLITAN NORTH WEST REGION,2018,4,April,CREMORNE
144.98607573733142,-37.80659423004953,3465861,22/3/2018,17.40.00,No,Collision with vehicle,Thursday,LEFT TURN SIDESWIPE,Day,144.98608000000002,-37.80659,YARRA,METROPOLITAN NORTH WEST REGION,2,1,0,0,1,1,2,0,1,0,1,0,0,0,0,0,0,0,0,0,No,0,2,0,1,0,0,MELB_URBAN,MELB_URBAN,YARRA,METROPOLITAN NORTH WEST REGION,2018,3,March,COLLINGWOOD
145.05523974058076,-37.71441798036637,3465864,23/3/2018,08.15.00,No,Collision with vehicle,Friday,LEFT NEAR (INTERSECTIONS ONLY),Day,145.05524,-37.714420000000004,DAREBIN,METROPOLITAN NORTH WEST REGION,2,1,0,0,1,1,2,0,1,0,1,0,0,0,0,0,0,0,0,0,No,0,2,0,1,0,0,MELB_URBAN,MELB_URBAN,DAREBIN,METROPOLITAN NORTH WEST REGION,2018,3,March,BUNDOORA
147.20320036337338,-36.75817060104645,3465873,29/3/2017,12.58.00,No,Collision with vehicle,Wednesday,HEAD ON (NOT OVERTAKING),Day,147.2032,-36.75817,ALPINE,NORTH EASTERN REGION,2,1,0,1,0,1,0,1,1,0,0,0,0,0,1,0,0,0,0,0,No,0,2,0,0,0,0,RURAL_VICTORIA,RURAL_VICTORIA,ALPINE,NORTH EASTERN REGION,2017,3,March,MOUNT BEAUTY
144.96070364879293,-37.7755103779189,3465875,20/3/2018,08.15.00,No,Collision with vehicle,Tuesday,LANE CHANGE LEFT (NOT OVERTAKING),Day,144.9607,-37.77551,MORELAND,METROPOLITAN NORTH WEST REGION,2,1,0,0,1,1,1,1,1,0,1,0,0,0,0,0,0,0,0,0,No,0,2,0,0,0,0,MELB_URBAN,MELB_URBAN,MORELAND,METROPOLITAN NORTH WEST REGION,2018,3,March,BRUNSWICK
144.98517347393576,-37.79371974117928,3465879,28/3/2018,09.02.00,No,Collision with vehicle,Wednesday,VEHICLE OFF FOOTPATH STRIKES VEH ON CARRIAGEWAY,Day,144.98516999999998,-37.79372,YARRA,METROPOLITAN NORTH WEST REGION,2,1,0,0,1,1,1,1,1,0,1,0,0,0,0,0,0,0,0,0,No,0,2,0,1,0,0,MELB_URBAN,MELB_URBAN,YARRA,METROPOLITAN NORTH WEST REGION,2018,3,March,FITZROY NORTH