X,Y,OBJECTID,ACCIDENT_DATE,ACCIDENT_TIME,ALCOHOLTIME,ACCIDENT_TYPE,DAY_OF_WEEK,DCA_CODE,LIGHT_CONDITION,LONGITUDE,LATITUDE,LGA_NAME,REGION_NAME,TOTAL_PERSONS,INJ_OR_FATAL,FATALITY,SERIOUSINJURY,OTHERINJURY,NONINJURED,MALES,FEMALES,BICYCLIST,PASSENGER,DRIVER,PEDESTRIAN,PILLION,MOTORIST,UNKNOWN,PED_CYCLIST_5_12,PED_CYCLIST_13_18,OLD_PEDESTRIAN,OLD_DRIVER,YOUNG_DRIVER,ALCOHOL_RELATED,UNLICENCSED,NO_OF_VEHICLES,HEAVYVEHICLE,PASSENGERVEHICLE,MOTORCYCLE,PUBLICVEHICLE,DEG_URBAN_NAME,DEG_URBAN_ALL,LGA_NAME_ALL,REGION_NAME_ALL,Year,Month,Month_name,Suburb
144.9361020893118,-37.78361915877502,3463448,20/11/2017,08.15.00,Yes,Collision with vehicle,Sunday,RIGHT THROUGH,Day,144.9361,-37.78362,MOONEE VALLEY,METROPOLITAN NORTH WEST REGION,2,1,0,0,1,1,1,1,1,0,1,0,0,0,0,0,0,0,0,0,No,0,2,0,1,0,0,MELB_URBAN,MELB_URBAN,MOONEE VALLEY,METROPOLITAN NORTH WEST REGION,2017,11,November,FLEMINGTON
143.86932547062887,-37.54820205780161,3463449,20/11/2017,08.30.00,No,Collision with vehicle,Monday,RIGHT THROUGH,Day,143.86933,-37.5482,BALLARAT,WESTERN REGION,2,1,0,0,1,1,2,0,1,0,1,0,0,0,0,1,0,0,0,0,No,0,2,0,1,0,0,LARGE_PROVINCIAL_CITIES,LARGE_PROVINCIAL_CITIES,BALLARAT,WESTERN REGION,2017,11,November,BLACK HILL
145.40120291695655,-36.39295583661799,3463460,24/11/2017,22.38.00,Yes,Collision with vehicle,Thursday,RIGHT THROUGH,Dark Street lights on,145.4012,-36.392959999999995,SHEPPARTON,NORTH EASTERN REGION,2,1,0,1,0,1,2,0,1,0,1,0,0,0,0,0,1,0,0,0,No,0,2,0,0,0,0,SMALL_CITIES,SMALL_CITIES,SHEPPARTON,NORTH EASTERN REGION,2017,11,November,SHEPPARTON
144.99899280419942,-37.8718247699824,3463463,25/11/2017,08.50.00,No,Collision with vehicle,Friday,RIGHT THROUGH,Day,144.99899,-37.87182,GLEN EIRA,METROPOLITAN NORTH WEST REGION,2,1,0,0,1,1,0,2,1,0,1,0,0,0,0,0,0,0,1,0,No,0,2,0,1,0,0,MELB_URBAN,MELB_URBAN,"PORT PHILLIP,GLEN EIRA","METROPOLITAN NORTH WEST REGION,METROPOLITAN SOUTH EAST REGION",2017,11,November,BALACLAVA
144.33275103665397,-38.19584511217989,3463481,6/12/2017,12.30.00,No,Collision with vehicle,Wednesday,REAR END(VEHICLES IN SAME LANE),Day,144.33275,-38.19585,GEELONG,SOUTH WESTERN REGION,2,1,0,0,1,1,1,0,1,0,0,0,0,0,1,0,0,0,0,0,No,0,2,0,0,0,0,LARGE_PROVINCIAL_CITIES,LARGE_PROVINCIAL_CITIES,GEELONG,SOUTH WESTERN REGION,2017,12,December,GROVEDALE
144.96838973810972,-37.79226017781697,3463517,1/12/2017,05.00.00,Yes,Collision with vehicle,Friday,RIGHT THROUGH,Dark Street lights on,144.96839,-37.79226,MELBOURNE,METROPOLITAN NORTH WEST REGION,2,1,0,0,1,1,1,1,1,0,1,0,0,0,0,0,0,0,0,0,No,0,2,0,1,0,0,MELB_URBAN,MELB_URBAN,"YARRA,MELBOURNE",METROPOLITAN NORTH WEST REGION,2017,12,December,CARLTON NORTH
144.97075283301027,-37.796050306602005,3463529,6/12/2017,19.50.00,Yes,Collision with vehicle,Wednesday,VEHICLE STRIKES DOOR OF PARKED/STATIONARY VEHICLE,Dusk/Dawn,144.97075,-37.79605,MELBOURNE,METROPOLITAN NORTH WEST REGION,2,1,0,0,1,1,2,0,1,0,1,0,0,0,0,0,0,0,0,0,No,0,2,0,1,0,0,MELB_URBAN,MELB_URBAN,MELBOURNE,METROPOLITAN NORTH WEST REGION,2017,12,December,CARLTON
144.93270680325605,-37.781373131828715,3463538,7/12/2017,08.31.00,No,Collision with vehicle,Thursday,LEFT TURN SIDESWIPE,Day,144.93271000000001,-37.78137,MOONEE VALLEY,METROPOLITAN NORTH WEST REGION,2,1,0,0,1,1,1,1,1,0,1,0,0,0,0,0,0,0,0,0,No,0,2,0,1,0,0,MELB_URBAN,MELB_URBAN,MOONEE VALLEY,METROPOLITAN NORTH WEST REGION,2017,12,December,TRAVANCORE
145.1553904074348,-37.84073764426715,3463547,20/11/2017,15.09.00,No,Collision with vehicle,Monday,OTHER SAME DIRECTION-MANOUEVRES NOT INCLUDED IN DCAs 130-137,Day,145.15538999999998,-37.840740000000004,WHITEHORSE,METROPOLITAN SOUTH EAST REGION,2,1,0,0,1,1,1,1,1,0,1,0,0,0,0,0,0,0,0,0,No,0,2,0,1,0,0,MELB_URBAN,MELB_URBAN,WHITEHORSE,METROPOLITAN SOUTH EAST REGION,2017,11,November,BLACKBURN SOUTH
144.97907549391397,-37.82627341674559,3463549,20/11/2017,18.55.00,Yes,Collision with vehicle,Monday,ENTERING PARKING,Day,144.97908,-37.82627,MELBOURNE,METROPOLITAN NORTH WEST REGION,3,1,0,1,0,2,2,1,1,1,1,0,0,0,0,0,0,0,0,1,No,0,2,0,1,0,0,MELB_URBAN,MELB_URBAN,MELBOURNE,METROPOLITAN NORTH WEST REGION,2017,11,November,MELBOURNE
144.27407562079387,-36.75524586970368,3463554,20/11/2017,19.10.00,Yes,Collision with vehicle,Monday,RIGHT THROUGH,Day,144.27408,-36.75525,BENDIGO,NORTHERN REGION,2,1,0,1,0,1,2,0,1,0,1,0,0,0,0,0,0,0,0,0,No,0,2,0,1,0,0,LARGE_PROVINCIAL_CITIES,LARGE_PROVINCIAL_CITIES,BENDIGO,NORTHERN REGION,2017,11,November,BENDIGO
144.94451307112817,-37.79145767306852,3463555,22/11/2017,17.15.00,No,Collision with vehicle,Wednesday,VEHICLE STRIKES DOOR OF PARKED/STATIONARY VEHICLE,Day,144.94451,-37.79146,MELBOURNE,METROPOLITAN NORTH WEST REGION,2,1,0,0,1,1,0,1,1,0,1,0,0,0,0,0,0,0,0,0,No,0,2,0,1,0,0,MELB_URBAN,MELB_URBAN,MELBOURNE,METROPOLITAN NORTH WEST REGION,2017,11,November,NORTH MELBOURNE
144.97976106792018,-37.78543825815241,3463571,1/12/2017,11.38.00,No,Collision with vehicle,Friday,CROSS TRAFFIC(INTERSECTIONS ONLY),Day,144.97976,-37.78544,YARRA,METROPOLITAN NORTH WEST REGION,2,2,0,0,2,0,1,1,1,0,1,0,0,0,0,0,0,0,0,0,No,0,2,0,1,0,0,MELB_URBAN,MELB_URBAN,YARRA,METROPOLITAN NORTH WEST REGION,2017,12,December,FITZROY NORTH
142.03669994670798,-37.73467017410034,3463581,7/12/2017,07.55.00,No,Collision with vehicle,Wednesday,RIGHT NEAR (INTERSECTIONS ONLY),Day,142.0367,-37.73467,SOUTHERN GRAMPIANS,SOUTH WESTERN REGION,2,1,0,1,0,1,1,1,1,0,1,0,0,0,0,0,0,0,0,0,No,0,2,0,1,0,0,TOWNS,TOWNS,SOUTHERN GRAMPIANS,SOUTH WESTERN REGION,2017,12,December,HAMILTON
145.162809451341,-37.87923126418931,3463584,7/12/2017,11.56.00,No,Collision with vehicle,Wednesday,LEAVING PARKING,Day,145.16281,-37.87923,MONASH,METROPOLITAN SOUTH EAST REGION,3,1,0,1,0,2,1,2,1,1,1,0,0,0,0,0,0,0,1,0,No,0,2,0,1,0,0,MELB_URBAN,MELB_URBAN,MONASH,METROPOLITAN SOUTH EAST REGION,2017,12,December,GLEN WAVERLEY
145.00226959579902,-37.810732563699176,3463585,7/12/2017,09.40.00,No,Collision with vehicle,Thursday,ENTERING PARKING,Day,145.00226999999998,-37.81073,YARRA,METROPOLITAN NORTH WEST REGION,2,1,0,0,1,1,1,1,1,0,1,0,0,0,0,0,0,0,0,0,No,0,2,0,1,0,0,MELB_URBAN,MELB_URBAN,YARRA,METROPOLITAN NORTH WEST REGION,2017,12,December,ABBOTSFORD
145.15600056398173,-37.67383898478004,3463590,7/12/2017,14.45.00,No,Collision with vehicle,Thursday,VEHICLE OFF FOOTPATH STRIKES VEH ON CARRIAGEWAY,Day,145.156,-37.673840000000006,NILLUMBIK,METROPOLITAN NORTH WEST REGION,2,1,0,0,1,1,0,1,1,0,1,0,0,0,0,0,1,0,0,0,No,0,2,0,1,0,0,MELB_URBAN,MELB_URBAN,NILLUMBIK,METROPOLITAN NORTH WEST REGION,2017,12,December,DIAMOND CREEK
145.0016523482036,-37.75229049900821,3463602,21/11/2017,08.00.00,No,Collision with vehicle,Tuesday,LANE SIDE SWIPE (VEHICLES IN PARALLEL LANES),Day,145.00165,-37.75229,DAREBIN,METROPOLITAN NORTH WEST REGION,2,1,0,0,1,1,1,1,1,0,1,0,0,0,0,0,0,0,0,0,No,0,2,0,1,0,0,MELB_URBAN,MELB_URBAN,DAREBIN,METROPOLITAN NORTH WEST REGION,2017,11,November,THORNBURY
145.051939292097,-37.920233396913055,3463606,21/11/2017,08.40.00,No,collision with some other object,Tuesday,STRUCK OBJECT ON CARRIAGEWAY,Day,145.05194,-37.92023,GLEN EIRA,METROPOLITAN SOUTH EAST REGION,1,1,0,0,1,0,0,1,1,0,0,0,0,0,0,0,0,0,0,0,No,0,1,0,0,0,0,MELB_URBAN,MELB_URBAN,GLEN EIRA,METROPOLITAN SOUTH EAST REGION,2017,11,November,BENTLEIGH EAST
144.97137522311908,-37.82298804140985,3463607,25/11/2017,09.58.00,No,Collision with vehicle,Saturday,LEFT TURN SIDESWIPE,Day,144.97138,-37.822990000000004,MELBOURNE,METROPOLITAN NORTH WEST REGION,2,1,0,1,0,1,1,1,1,0,1,0,0,0,0,0,0,0,0,0,No,0,2,0,1,0,0,MELB_URBAN,MELB_URBAN,MELBOURNE,METROPOLITAN NORTH WEST REGION,2017,11,November,MELBOURNE
144.99926470457547,-37.939118284308364,3463616,24/11/2017,15.15.00,No,Collision with vehicle,Friday,LANE SIDE SWIPE (VEHICLES IN PARALLEL LANES),Day,144.99926000000002,-37.93912,BAYSIDE,METROPOLITAN SOUTH EAST REGION,2,1,0,0,1,1,1,0,1,0,0,0,0,0,1,0,0,0,0,0,No,0,2,0,0,0,0,MELB_URBAN,MELB_URBAN,BAYSIDE,METROPOLITAN SOUTH EAST REGION,2017,11,November,HAMPTON
144.985111727136,-37.79407828218445,3463620,1/12/2017,14.00.00,No,Collision with vehicle,Friday,LEFT TURN SIDESWIPE,Day,144.98511000000002,-37.79408,YARRA,METROPOLITAN NORTH WEST REGION,3,2,0,0,2,1,3,0,2,0,1,0,0,0,0,0,2,0,0,0,No,0,3,1,0,0,0,MELB_URBAN,MELB_URBAN,YARRA,METROPOLITAN NORTH WEST REGION,2017,12,December,FITZROY
144.9946068995038,-37.785657961987866,3463623,30/11/2017,19.45.00,Yes,Collision with vehicle,Wednesday,OTHER MANOEUVRING NOT INCLUDED IN DCAs 140-148,Day,144.99461000000002,-37.78566,YARRA,METROPOLITAN NORTH WEST REGION,2,1,0,0,1,1,2,0,1,0,1,0,0,0,0,0,0,0,0,0,No,0,2,0,1,0,0,MELB_URBAN,MELB_URBAN,YARRA,METROPOLITAN NORTH WEST REGION,2017,11,November,FITZROY NORTH
144.95617883424603,-37.825518753246854,3463650,18/11/2017,02.20.00,Yes,Collision with vehicle,Friday,VEHICLE STRIKES ANOTHER VEH WHILE EMERGING FROM DRIVEWAY,Unk.,144.95618000000002,-37.825520000000004,MELBOURNE,METROPOLITAN NORTH WEST REGION,2,1,0,0,1,1,1,0,1,0,1,0,0,0,0,0,0,0,0,0,No,0,2,0,1,0,0,MELB_URBAN,MELB_URBAN,MELBOURNE,METROPOLITAN NORTH WEST REGION,2017,11,November,SOUTHBANK
145.06511090344426,-37.7932640331858,3463676,30/11/2017,17.00.00,No,Collision with vehicle,Thursday,LEAVING PARKING,Day,145.06511,-37.79326,BOROONDARA,METROPOLITAN SOUTH EAST REGION,2,1,0,0,1,1,2,0,1,0,1,0,0,0,0,0,1,0,0,0,No,0,2,0,1,0,0,MELB_URBAN,MELB_URBAN,BOROONDARA,METROPOLITAN SOUTH EAST REGION,2017,11,November,BALWYN NORTH
144.6872928899316,-37.84073374248554,3463693,8/12/2017,09.53.00,No,Collision with vehicle,Friday,CROSS TRAFFIC(INTERSECTIONS ONLY),Day,144.68729,-37.84073,WYNDHAM,METROPOLITAN NORTH WEST REGION,2,1,0,1,0,1,2,0,1,0,1,0,0,0,0,0,0,0,0,0,No,0,2,0,1,0,0,MELB_URBAN,MELB_URBAN,WYNDHAM,METROPOLITAN NORTH WEST REGION,2017,12,December,TARNEIT
144.9885649349446,-37.79191948447926,3463694,29/11/2017,14.30.00,No,Collision with vehicle,Wednesday,VEHICLE STRIKES DOOR OF PARKED/STATIONARY VEHICLE,Day,144.98856,-37.791920000000005,YARRA,METROPOLITAN NORTH WEST REGION,2,1,0,1,0,1,1,1,1,0,1,0,0,0,0,0,0,0,0,0,No,0,2,0,1,0,0,MELB_URBAN,MELB_URBAN,YARRA,METROPOLITAN NORTH WEST REGION,2017,11,November,CLIFTON HILL
144.97065382397042,-37.843890582836316,3463698,21/11/2017,16.55.00,No,Collision with vehicle,Tuesday,ACCIDENT OR BROKEN DOWN,Day,144.97065,-37.84389,PORT PHILLIP,METROPOLITAN NORTH WEST REGION,2,1,0,1,0,1,1,1,1,0,1,0,0,0,0,0,0,0,0,0,No,0,2,0,1,0,0,MELB_URBAN,MELB_URBAN,PORT PHILLIP,METROPOLITAN NORTH WEST REGION,2017,11,November,ALBERT PARK
144.95903935148868,-37.8296829748089,3463700,21/11/2017,18.25.00,Yes,Collision with vehicle,Tuesday,CROSS TRAFFIC(INTERSECTIONS ONLY),Day,144.95904,-37.829679999999996,PORT PHILLIP,METROPOLITAN NORTH WEST REGION,2,1,0,0,1,1,1,1,1,0,1,0,0,0,0,0,0,0,0,0,No,0,2,0,1,0,0,MELB_URBAN,MELB_URBAN,PORT PHILLIP,METROPOLITAN NORTH WEST REGION,2017,11,November,SOUTHBANK
145.02586990910763,-37.86966045866979,3463703,21/11/2017,19.12.00,Yes,Collision with vehicle,Tuesday,VEHICLE STRIKES DOOR OF PARKED/STATIONARY VEHICLE,Day,145.02587,-37.869659999999996,GLEN EIRA,METROPOLITAN SOUTH EAST REGION,3,1,0,1,0,2,1,2,1,0,2,0,0,0,0,0,0,0,0,1,No,0,3,0,2,0,0,MELB_URBAN,MELB_URBAN,GLEN EIRA,METROPOLITAN SOUTH EAST REGION,2017,11,November,CAULFIELD NORTH
144.31909851011312,-36.713785426527295,3463704,21/11/2017,16.40.00,No,Collision with vehicle,Tuesday,TWO RIGHT TURNING (INTERSECTIONS ONLY),Day,144.3191,-36.71379,BENDIGO,NORTHERN REGION,2,1,0,0,1,1,2,0,1,0,1,0,0,0,0,0,0,0,0,1,No,0,2,0,1,0,0,LARGE_PROVINCIAL_CITIES,LARGE_PROVINCIAL_CITIES,BENDIGO,NORTHERN REGION,2017,11,November,EPSOM
144.86470063765668,-37.85214632984322,3463715,26/11/2017,20.30.00,Yes,Collision with vehicle,Sunday,VEHICLE COLLIDES WITH VEHICLE PARKED ON LEFT OF ROAD,Dark Street lights on,144.8647,-37.85215,HOBSONS BAY,METROPOLITAN NORTH WEST REGION,1,1,0,1,0,0,1,0,1,0,0,0,0,0,0,0,0,0,0,0,No,0,2,0,1,0,0,MELB_URBAN,MELB_URBAN,HOBSONS BAY,METROPOLITAN NORTH WEST REGION,2017,11,November,WILLIAMSTOWN NORTH
144.98818145453285,-37.81442277134494,3463722,27/11/2017,08.22.00,No,Collision with vehicle,Monday,CROSS TRAFFIC(INTERSECTIONS ONLY),Day,144.98818,-37.81442,MELBOURNE,METROPOLITAN NORTH WEST REGION,2,1,0,1,0,1,2,0,1,0,1,0,0,0,0,0,1,0,0,0,No,0,2,1,0,0,0,MELB_URBAN,MELB_URBAN,MELBOURNE,METROPOLITAN NORTH WEST REGION,2017,11,November,EAST MELBOURNE
144.9916019026977,-37.861463649718814,3464754,25/1/2018,10.50.00,No,Collision with vehicle,Thursday,RIGHT THROUGH,Day,144.9916,-37.86146,PORT PHILLIP,METROPOLITAN NORTH WEST REGION,2,2,0,0,2,0,1,1,1,0,0,0,0,0,1,0,0,0,0,0,No,0,2,0,0,0,0,MELB_URBAN,MELB_URBAN,PORT PHILLIP,METROPOLITAN NORTH WEST REGION,2018,1,January,ST KILDA
145.01738369960418,-37.78339885221405,3464755,25/1/2018,07.30.00,No,Collision with vehicle,Wednesday,RIGHT TURN SIDESWIPE,Day,145.01738,-37.7834,DAREBIN,METROPOLITAN NORTH WEST REGION,2,1,0,0,1,1,0,2,1,0,1,0,0,0,0,0,0,0,0,1,No,0,2,0,1,0,0,MELB_URBAN,MELB_URBAN,"YARRA,DAREBIN",METROPOLITAN NORTH WEST REGION,2018,1,January,FAIRFIELD
145.0034410786868,-37.80941835580002,3464760,23/1/2018,07.30.00,No,Collision with vehicle,Tuesday,RIGHT TURN SIDESWIPE,Day,145.00343999999998,-37.80942,YARRA,METROPOLITAN NORTH WEST REGION,2,1,0,0,1,1,1,1,1,0,1,0,0,0,0,0,0,0,0,0,No,0,2,0,1,0,0,MELB_URBAN,MELB_URBAN,YARRA,METROPOLITAN NORTH WEST REGION,2018,1,January,ABBOTSFORD
144.96035626676692,-37.835581093278996,3464765,1/2/2018,09.00.00,No,Collision with vehicle,Thursday,VEHICLE STRIKES DOOR OF PARKED/STATIONARY VEHICLE,Day,144.96036,-37.83558,PORT PHILLIP,METROPOLITAN NORTH WEST REGION,2,2,0,0,2,0,1,1,1,1,0,0,0,0,0,0,0,0,0,0,No,0,2,0,1,0,0,MELB_URBAN,MELB_URBAN,PORT PHILLIP,METROPOLITAN NORTH WEST REGION,2018,2,February,SOUTH MELBOURNE
145.15402429369516,-37.81843051977308,3464771,1/2/2018,08.15.00,No,Collision with vehicle,Thursday,RIGHT THROUGH,Day,145.15402,-37.81843,WHITEHORSE,METROPOLITAN SOUTH EAST REGION,2,1,0,0,1,1,2,0,1,0,1,0,0,0,0,0,0,0,0,0,No,0,2,0,1,0,0,MELB_URBAN,MELB_URBAN,WHITEHORSE,METROPOLITAN SOUTH EAST REGION,2018,2,February,BLACKBURN
145.0048096367849,-37.89750182922226,3464776,27/11/2017,19.00.00,Yes,Collision with vehicle,Monday,VEHICLE STRIKES DOOR OF PARKED/STATIONARY VEHICLE,Day,145.00481000000002,-37.8975,BAYSIDE,METROPOLITAN SOUTH EAST REGION,2,1,0,1,0,1,0,1,1,0,0,0,0,0,1,0,0,0,0,0,No,0,2,0,0,0,0,MELB_URBAN,MELB_URBAN,BAYSIDE,METROPOLITAN SOUTH EAST REGION,2017,11,November,BRIGHTON
144.94058572316203,-37.83441383961553,3464797,19/1/2018,09.00.00,No,Collision with vehicle,Thursday,OTHER SAME DIRECTION-MANOUEVRES NOT INCLUDED IN DCAs 130-137,Day,144.94059,-37.83441,PORT PHILLIP,METROPOLITAN NORTH WEST REGION,2,1,0,0,1,1,2,0,1,0,1,0,0,0,0,0,0,0,0,0,No,0,2,0,1,0,0,MELB_URBAN,MELB_URBAN,PORT PHILLIP,METROPOLITAN NORTH WEST REGION,2018,1,January,PORT MELBOURNE
143.8679569427262,-37.5823577865578,3464805,25/1/2018,16.43.00,No,Collision with vehicle,Thursday,CROSS TRAFFIC(INTERSECTIONS ONLY),Day,143.86796,-37.582359999999994,BALLARAT,WESTERN REGION,2,1,0,1,0,1,1,1,1,0,1,0,0,0,0,0,0,0,0,0,No,0,2,0,1,0,0,LARGE_PROVINCIAL_CITIES,LARGE_PROVINCIAL_CITIES,BALLARAT,WESTERN REGION,2018,1,January,CANADIAN
144.9867940400147,-37.80235542948347,3464819,1/2/2018,16.15.00,No,Collision with vehicle,Thursday,RIGHT THROUGH,Day,144.98678999999998,-37.80236,YARRA,METROPOLITAN NORTH WEST REGION,2,1,0,0,1,1,2,0,1,0,1,0,0,0,0,0,0,0,0,0,No,0,2,0,1,0,0,MELB_URBAN,MELB_URBAN,YARRA,METROPOLITAN NORTH WEST REGION,2018,2,February,COLLINGWOOD
144.29989489976853,-36.765853481130684,3464820,1/2/2018,19.30.00,Yes,Collision with vehicle,Thursday,RIGHT NEAR (INTERSECTIONS ONLY),Dusk/Dawn,144.29989,-36.76585,BENDIGO,NORTHERN REGION,2,1,0,0,1,1,1,0,1,0,1,0,0,0,0,0,0,0,0,0,No,0,2,0,1,0,0,LARGE_PROVINCIAL_CITIES,LARGE_PROVINCIAL_CITIES,BENDIGO,NORTHERN REGION,2018,2,February,KENNINGTON
144.89754685161836,-37.80323963295425,3464828,28/1/2018,19.23.00,Yes,Collision with vehicle,Sunday,VEHICLE COLLIDES WITH VEHICLE PARKED ON LEFT OF ROAD,Day,144.89755,-37.80324,MARIBYRNONG,METROPOLITAN NORTH WEST REGION,1,1,0,0,1,0,1,0,1,0,0,0,0,0,0,0,0,0,0,0,No,0,2,0,1,0,0,MELB_URBAN,MELB_URBAN,MARIBYRNONG,METROPOLITAN NORTH WEST REGION,2018,1,January,FOOTSCRAY
144.98179339840704,-37.806310371017815,3464848,19/1/2018,18.40.00,Yes,Collision with vehicle,Friday,REAR END(VEHICLES IN SAME LANE),Day,144.98179,-37.806309999999996,YARRA,METROPOLITAN NORTH WEST REGION,2,1,0,0,1,1,1,1,1,0,1,0,0,0,0,0,0,0,0,0,No,0,2,0,1,0,0,MELB_URBAN,MELB_URBAN,YARRA,METROPOLITAN NORTH WEST REGION,2018,1,January,FITZROY
144.9521502688897,-37.79582022984268,3464863,26/1/2018,07.30.00,No,Collision with vehicle,Friday,HEAD ON (NOT OVERTAKING),Day,144.95215,-37.79582,MELBOURNE,METROPOLITAN NORTH WEST REGION,2,1,0,0,1,1,1,1,1,0,1,0,0,0,0,0,0,0,0,0,No,0,2,0,1,0,0,MELB_URBAN,MELB_URBAN,MELBOURNE,METROPOLITAN NORTH WEST REGION,2018,1,January,PARKVILLE
144.9635885908761,-37.75853447070882,3464876,2/2/2018,10.06.00,No,Collision with vehicle,Friday,LEFT TURN SIDESWIPE,Day,144.96358999999998,-37.75853,MORELAND,METROPOLITAN NORTH WEST REGION,2,1,0,0,1,1,1,1,1,0,1,0,0,0,0,0,0,0,0,0,No,0,2,0,1,0,0,MELB_URBAN,MELB_URBAN,MORELAND,METROPOLITAN NORTH WEST REGION,2018,2,February,BRUNSWICK
144.92743950812016,-38.348950369291,3464879,1/2/2018,09.56.00,No,Collision with vehicle,Thursday,RIGHT THROUGH,Day,144.92744,-38.34895,MORNINGTON PENINSULA,METROPOLITAN SOUTH EAST REGION,2,1,0,0,1,1,2,0,1,0,1,0,0,0,0,0,1,0,1,0,No,0,2,0,1,0,0,MELB_URBAN,MELB_URBAN,MORNINGTON PENINSULA,METROPOLITAN SOUTH EAST REGION,2018,2,February,MCCRAE
145.28177061344232,-37.8622166172105,3464887,13/1/2018,11.45.00,No,Collision with vehicle,Saturday,VEHICLE STRIKES ANOTHER VEH WHILE EMERGING FROM DRIVEWAY,Day,145.28177,-37.86222,KNOX,METROPOLITAN SOUTH EAST REGION,2,1,0,0,1,1,1,1,1,0,1,0,0,0,0,0,0,0,0,0,No,0,2,0,1,0,0,MELB_URBAN,MELB_URBAN,KNOX,METROPOLITAN SOUTH EAST REGION,2018,1,January,BORONIA
144.00942301769553,-38.4991114362049,3464899,20/1/2018,08.30.00,No,Vehicle overturned (no collision),Saturday,OUT OF CONTROL ON CARRIAGEWAY (ON BEND),Day,144.00942,-38.499109999999995,SURF COAST,SOUTH WESTERN REGION,1,1,0,1,0,0,1,0,1,0,0,0,0,0,0,0,0,0,0,0,No,0,1,0,0,0,0,RURAL_VICTORIA,RURAL_VICTORIA,SURF COAST,SOUTH WESTERN REGION,2018,1,January,LORNE
145.0258838034986,-37.82434353465136,3464900,20/1/2018,09.55.00,No,Collision with vehicle,Saturday,RIGHT THROUGH,Day,145.02588,-37.82434,BOROONDARA,METROPOLITAN SOUTH EAST REGION,2,1,0,0,1,1,2,0,1,0,1,0,0,0,0,0,0,0,0,1,No,0,2,0,1,0,0,MELB_URBAN,MELB_URBAN,BOROONDARA,METROPOLITAN SOUTH EAST REGION,2018,1,January,HAWTHORN
146.31704868294875,-36.36545275929456,3464947,20/1/2018,11.45.00,No,Collision with vehicle,Saturday,OTHER SAME DIRECTION-MANOUEVRES NOT INCLUDED IN DCAs 130-137,Day,146.31705,-36.36545,WANGARATTA,NORTH EASTERN REGION,2,1,0,1,0,1,1,1,1,0,1,0,0,0,0,0,0,0,0,0,No,0,2,0,0,0,0,SMALL_CITIES,SMALL_CITIES,WANGARATTA,NORTH EASTERN REGION,2018,1,January,WANGARATTA
144.98718000397372,-37.92559000043171,3464954,20/1/2018,10.45.00,No,Collision with vehicle,Saturday,RIGHT THROUGH,Day,144.98718,-37.92559,BAYSIDE,METROPOLITAN SOUTH EAST REGION,2,1,0,0,1,1,2,0,1,0,1,0,0,0,0,0,0,0,0,0,No,0,2,0,1,0,0,MELB_URBAN,MELB_URBAN,BAYSIDE,METROPOLITAN SOUTH EAST REGION,2018,1,January,BRIGHTON
147.62896237127674,-37.82511396471997,3465001,20/1/2018,18.44.00,Yes,Collision with vehicle,Saturday,REAR END(VEHICLES IN SAME LANE),Day,147.62896,-37.825109999999995,EAST GIPPSLAND,EASTERN REGION,2,1,0,0,1,1,1,0,1,0,0,0,0,0,1,0,0,0,0,0,No,0,2,0,0,0,0,SMALL_CITIES,SMALL_CITIES,EAST GIPPSLAND,"EASTERN REGION,EASTERN REGION",2018,1,January,BAIRNSDALE
144.95421292897683,-37.8192091544402,3465003,20/1/2018,21.30.00,Yes,No collision and no object struck,Saturday,OFF CARRIAGEWAY TO LEFT,Dark Street lights on,144.95421000000002,-37.81921,MELBOURNE,METROPOLITAN NORTH WEST REGION,1,1,0,0,1,0,1,0,1,0,0,0,0,0,0,0,0,0,0,0,No,0,1,0,0,0,0,MELBOURNE_CBD,"MELBOURNE_CBD,MELB_URBAN",MELBOURNE,METROPOLITAN NORTH WEST REGION,2018,1,January,DOCKLANDS
146.54011836570987,-38.196407715275356,3465004,20/1/2018,20.00.00,Yes,Collision with vehicle,Saturday,VEHICLE OFF FOOTPATH STRIKES VEH ON CARRIAGEWAY,Dusk/Dawn,146.54012,-38.19641,LATROBE,EASTERN REGION,3,1,0,0,1,2,2,1,1,0,1,0,0,0,1,0,1,0,0,0,No,0,3,0,2,0,0,SMALL_CITIES,SMALL_CITIES,LATROBE,"EASTERN REGION,EASTERN REGION",2018,1,January,TRARALGON
144.98709036175762,-37.91530995257268,3465016,27/1/2018,09.10.00,No,Collision with vehicle,Saturday,LANE SIDE SWIPE (VEHICLES IN PARALLEL LANES),Day,144.98709,-37.91531,BAYSIDE,METROPOLITAN SOUTH EAST REGION,2,1,0,0,1,1,2,0,1,0,1,0,0,0,0,0,0,0,0,0,No,1,2,0,1,0,0,MELB_URBAN,MELB_URBAN,BAYSIDE,METROPOLITAN SOUTH EAST REGION,2018,1,January,BRIGHTON
144.9764348450948,-37.8720459418254,3465019,26/1/2018,09.00.00,No,Collision with vehicle,Friday,REAR END(VEHICLES IN SAME LANE),Day,144.97643,-37.87205,PORT PHILLIP,METROPOLITAN NORTH WEST REGION,2,1,0,1,0,1,1,0,2,0,0,0,0,0,0,0,0,0,0,0,No,0,2,0,0,0,0,MELB_URBAN,MELB_URBAN,PORT PHILLIP,METROPOLITAN NORTH WEST REGION,2018,1,January,ST KILDA