X,Y,OBJECTID,ACCIDENT_DATE,ACCIDENT_TIME,ALCOHOLTIME,ACCIDENT_TYPE,DAY_OF_WEEK,DCA_CODE,LIGHT_CONDITION,LONGITUDE,LATITUDE,LGA_NAME,REGION_NAME,TOTAL_PERSONS,INJ_OR_FATAL,FATALITY,SERIOUSINJURY,OTHERINJURY,NONINJURED,MALES,FEMALES,BICYCLIST,PASSENGER,DRIVER,PEDESTRIAN,PILLION,MOTORIST,UNKNOWN,PED_CYCLIST_5_12,PED_CYCLIST_13_18,OLD_PEDESTRIAN,OLD_DRIVER,YOUNG_DRIVER,ALCOHOL_RELATED,UNLICENCSED,NO_OF_VEHICLES,HEAVYVEHICLE,PASSENGERVEHICLE,MOTORCYCLE,PUBLICVEHICLE,DEG_URBAN_NAME,DEG_URBAN_ALL,LGA_NAME_ALL,REGION_NAME_ALL,Year,Month,Month_name,Suburb
144.14087975731644,-37.35092991685995,3465041,14/1/2018,08.55.00,Yes,Collision with vehicle,Sunday,LANE SIDE SWIPE (VEHICLES IN PARALLEL LANES),Day,144.14088,-37.35093,HEPBURN,WESTERN REGION,3,1,0,1,0,2,1,2,1,1,1,0,0,0,0,0,0,0,0,0,No,0,2,0,1,0,0,TOWNS,TOWNS,HEPBURN,WESTERN REGION,2018,1,January,DAYLESFORD
145.31479066937382,-37.8548292955036,3465047,14/1/2018,12.00.00,No,Collision with vehicle,Sunday,PULLING OUT (OVERTAKING),Day,145.31479,-37.85483,KNOX,METROPOLITAN SOUTH EAST REGION,2,1,0,0,1,1,2,0,1,0,1,0,0,0,0,0,0,0,0,0,No,0,2,0,1,0,0,MELB_URBAN,MELB_URBAN,KNOX,METROPOLITAN SOUTH EAST REGION,2018,1,January,THE BASIN
144.72904150592038,-36.13531324265424,3465051,20/1/2018,18.50.00,Yes,collision with some other object,Saturday,TEMPORARY ROADWORKS,Day,144.72904,-36.13531,CAMPASPE,NORTHERN REGION,1,1,0,0,1,0,1,0,1,0,0,0,0,0,0,0,0,0,0,0,No,0,1,0,0,0,0,SMALL_CITIES,SMALL_CITIES,CAMPASPE,NORTHERN REGION,2018,1,January,ECHUCA
145.04120002827725,-37.858181049290174,3465060,18/12/2017,16.30.00,No,No collision and no object struck,Monday,OUT OF CONTROL ON CARRIAGEWAY (ON STRAIGHT),Day,145.0412,-37.85818,STONNINGTON,METROPOLITAN SOUTH EAST REGION,5,1,0,1,0,4,3,2,1,3,1,0,0,0,0,0,0,0,0,0,No,0,2,0,1,0,0,MELB_URBAN,MELB_URBAN,STONNINGTON,METROPOLITAN SOUTH EAST REGION,2017,12,December,GLEN IRIS
144.7696033705313,-37.86382944970925,3465062,20/1/2018,10.45.00,No,Collision with vehicle,Saturday,OTHER ADJACENT (INTERSECTIONS ONLY),Day,144.7696,-37.86383,HOBSONS BAY,METROPOLITAN NORTH WEST REGION,2,1,0,0,1,1,1,1,1,0,1,0,0,0,0,0,0,0,1,0,No,0,2,0,1,0,0,MELB_URBAN,MELB_URBAN,HOBSONS BAY,METROPOLITAN NORTH WEST REGION,2018,1,January,LAVERTON
144.99896407939457,-37.80745808102416,3465084,8/1/2018,08.05.00,No,Collision with vehicle,Monday,LANE CHANGE LEFT (NOT OVERTAKING),Day,144.99896,-37.80746,YARRA,METROPOLITAN NORTH WEST REGION,3,1,0,0,1,2,3,0,1,1,1,0,0,0,0,0,0,0,0,1,No,0,2,0,1,0,0,MELB_URBAN,MELB_URBAN,YARRA,METROPOLITAN NORTH WEST REGION,2018,1,January,ABBOTSFORD
143.8638061592154,-38.66547934383236,3465090,14/1/2018,15.00.00,No,Collision with vehicle,Sunday,LANE SIDE SWIPE (VEHICLES IN PARALLEL LANES),Day,143.86381,-38.66548,COLAC OTWAY,SOUTH WESTERN REGION,6,1,0,0,1,5,5,1,1,4,1,0,0,0,0,0,0,0,0,0,No,0,2,0,1,0,0,RURAL_VICTORIA,RURAL_VICTORIA,COLAC OTWAY,SOUTH WESTERN REGION,2018,1,January,KENNETT RIVER
144.98468309806248,-37.796567569312955,3465094,14/1/2018,17.40.00,No,Collision with vehicle,,RIGHT THROUGH,Day,144.98468,-37.79657,YARRA,METROPOLITAN NORTH WEST REGION,2,1,0,0,1,1,2,0,1,0,1,0,0,0,0,0,0,0,0,0,No,0,2,0,1,0,0,MELB_URBAN,MELB_URBAN,YARRA,METROPOLITAN NORTH WEST REGION,2018,1,January,FITZROY
144.9591914293984,-37.818783100562506,3465098,14/1/2018,19.10.00,Yes,Collision with vehicle,Sunday,VEHICLE STRIKES DOOR OF PARKED/STATIONARY VEHICLE,Day,144.95918999999998,-37.81878,MELBOURNE,METROPOLITAN NORTH WEST REGION,3,1,0,0,1,2,1,0,1,1,1,0,0,0,0,0,0,0,0,0,No,0,2,0,1,0,0,MELBOURNE_CBD,MELBOURNE_CBD,MELBOURNE,METROPOLITAN NORTH WEST REGION,2018,1,January,MELBOURNE
145.02263719117184,-37.88345966011156,3465104,20/1/2018,19.45.00,Yes,Collision with vehicle,Saturday,VEHICLE STRIKES DOOR OF PARKED/STATIONARY VEHICLE,Dusk/Dawn,145.02264,-37.88346,GLEN EIRA,METROPOLITAN SOUTH EAST REGION,2,1,0,0,1,1,1,1,1,0,1,0,0,0,0,0,0,0,0,1,No,0,2,0,1,0,0,MELB_URBAN,MELB_URBAN,GLEN EIRA,METROPOLITAN SOUTH EAST REGION,2018,1,January,CAULFIELD
145.00966211470885,-37.75892109455313,3465108,20/1/2018,22.30.00,Yes,Collision with vehicle,Friday,CROSS TRAFFIC(INTERSECTIONS ONLY),Dark No street lights,145.00966,-37.75892,DAREBIN,METROPOLITAN NORTH WEST REGION,2,1,0,0,1,1,2,0,1,0,1,0,0,0,0,0,0,0,1,0,No,0,2,0,1,0,0,MELB_URBAN,MELB_URBAN,DAREBIN,METROPOLITAN NORTH WEST REGION,2018,1,January,THORNBURY
144.3408940394343,-38.302848451283175,3465110,20/1/2018,08.15.00,No,Collision with vehicle,Saturday,LEFT NEAR (INTERSECTIONS ONLY),Day,144.34089,-38.30285,SURF COAST,SOUTH WESTERN REGION,2,1,0,0,1,1,2,0,1,0,1,0,0,0,0,0,0,0,0,0,No,0,2,0,1,0,0,RURAL_VICTORIA,RURAL_VICTORIA,SURF COAST,SOUTH WESTERN REGION,2018,1,January,TORQUAY
144.71486298280794,-38.320247191110404,3465121,28/1/2018,07.50.00,Yes,Collision with vehicle,Sunday,RIGHT THROUGH,Day,144.71486000000002,-38.32025,MORNINGTON PENINSULA,METROPOLITAN SOUTH EAST REGION,2,1,0,0,1,1,1,1,1,0,1,0,0,0,0,0,0,0,0,0,No,0,2,0,1,0,0,MELB_URBAN,MELB_URBAN,MORNINGTON PENINSULA,METROPOLITAN SOUTH EAST REGION,2018,1,January,PORTSEA
145.03628374832374,-38.21599105566898,3465125,28/1/2018,10.15.00,No,Collision with vehicle,Sunday,CROSS TRAFFIC(INTERSECTIONS ONLY),Day,145.03628,-38.215990000000005,MORNINGTON PENINSULA,METROPOLITAN SOUTH EAST REGION,2,1,0,0,1,1,1,1,1,0,1,0,0,0,0,0,0,0,0,0,No,0,2,0,1,0,0,MELB_URBAN,MELB_URBAN,MORNINGTON PENINSULA,METROPOLITAN SOUTH EAST REGION,2018,1,January,MORNINGTON
145.30797846376282,-37.801999824863984,3465133,9/1/2018,06.18.00,No,Collision with vehicle,Tuesday,RIGHT THROUGH,Day,145.30798000000001,-37.802,MAROONDAH,METROPOLITAN SOUTH EAST REGION,2,1,0,0,1,1,2,0,1,0,1,0,0,0,0,0,0,0,0,0,No,0,2,0,1,0,0,MELB_URBAN,MELB_URBAN,"YARRA RANGES,MAROONDAH",METROPOLITAN SOUTH EAST REGION,2018,1,January,KILSYTH
145.01590921401612,-37.97549254845436,3465134,17/12/2017,05.35.00,Yes,Collision with vehicle,Sunday,LEFT THROUGH,Unk.,145.01591000000002,-37.97549,BAYSIDE,METROPOLITAN SOUTH EAST REGION,2,1,0,0,1,1,1,1,1,0,1,0,0,0,0,0,0,0,0,0,No,0,2,0,1,0,0,MELB_URBAN,MELB_URBAN,BAYSIDE,METROPOLITAN SOUTH EAST REGION,2017,12,December,BLACK ROCK
144.9784668872104,-37.798337334606956,3465141,1/12/2017,01.45.00,Yes,Collision with vehicle,Thursday,RIGHT THROUGH,Dark Street lights on,144.97847,-37.79834,YARRA,METROPOLITAN NORTH WEST REGION,2,1,0,0,1,1,1,0,1,0,1,0,0,0,0,0,0,0,0,0,No,0,2,0,1,0,0,MELB_URBAN,MELB_URBAN,YARRA,METROPOLITAN NORTH WEST REGION,2017,12,December,FITZROY
144.97268801304196,-37.78465727992077,3465159,21/1/2018,13.15.00,No,Collision with vehicle,Sunday,LEFT TURN SIDESWIPE,Day,144.97269,-37.784659999999995,YARRA,METROPOLITAN NORTH WEST REGION,3,1,0,0,1,2,1,2,1,1,1,0,0,0,0,0,0,0,0,1,No,0,2,0,1,0,0,MELB_URBAN,MELB_URBAN,YARRA,METROPOLITAN NORTH WEST REGION,2018,1,January,CARLTON NORTH
144.80539762438502,-37.73405483504226,3465161,22/1/2018,07.55.00,No,Collision with vehicle,Monday,CROSS TRAFFIC(INTERSECTIONS ONLY),Day,144.8054,-37.73405,BRIMBANK,METROPOLITAN NORTH WEST REGION,2,1,0,1,0,1,2,0,1,0,1,0,0,0,0,0,0,0,0,0,No,0,2,0,1,0,0,MELB_URBAN,MELB_URBAN,BRIMBANK,METROPOLITAN NORTH WEST REGION,2018,1,January,ST ALBANS
144.96060417752628,-37.77611653255999,3465167,22/1/2018,13.30.00,No,Collision with vehicle,Monday,LEFT TURN SIDESWIPE,Day,144.9606,-37.77612,MORELAND,METROPOLITAN NORTH WEST REGION,2,1,0,0,1,1,2,0,1,0,1,0,0,0,0,0,0,0,0,0,No,0,2,0,1,0,0,MELB_URBAN,MELB_URBAN,MORELAND,METROPOLITAN NORTH WEST REGION,2018,1,January,BRUNSWICK
144.97395252584028,-37.81331563371368,3465170,28/1/2018,14.14.00,No,Collision with vehicle,,LEFT REAR,Day,144.97395,-37.813320000000004,MELBOURNE,METROPOLITAN NORTH WEST REGION,2,1,0,0,1,1,1,1,1,0,1,0,0,0,0,0,0,0,0,0,No,0,2,0,1,0,0,MELBOURNE_CBD,"MELBOURNE_CBD,MELB_URBAN",MELBOURNE,METROPOLITAN NORTH WEST REGION,2018,1,January,MELBOURNE
144.9646183929937,-37.79684011131317,3465184,9/1/2018,10.55.00,No,Collision with vehicle,Tuesday,RIGHT TURN SIDESWIPE,Day,144.96462,-37.79684,MELBOURNE,METROPOLITAN NORTH WEST REGION,2,1,0,1,0,1,1,1,1,0,1,0,0,0,0,0,0,0,0,0,No,0,2,0,1,0,0,MELB_URBAN,MELB_URBAN,MELBOURNE,METROPOLITAN NORTH WEST REGION,2018,1,January,CARLTON
145.3612746891003,-36.39244858207349,3465195,14/1/2018,19.00.00,Yes,Collision with vehicle,Sunday,UNKNOWN-NO DETAILS ON MANOEUVRES OF ROAD-USERS IN ACCIDENT,Day,145.36127,-36.39245,SHEPPARTON,NORTH EASTERN REGION,2,1,0,0,1,1,1,0,1,0,0,0,0,0,1,0,0,0,0,0,No,0,2,0,0,0,0,SMALL_CITIES,SMALL_CITIES,SHEPPARTON,NORTH EASTERN REGION,2018,1,January,MOOROOPNA
144.8363633271741,-37.62960520597886,3465207,16/1/2018,06.55.00,No,Collision with vehicle,Tuesday,CROSS TRAFFIC(INTERSECTIONS ONLY),Day,144.83636,-37.62961,HUME,METROPOLITAN NORTH WEST REGION,2,1,0,0,1,1,2,0,1,0,1,0,0,0,0,0,0,0,0,0,No,0,2,0,1,0,0,RURAL_VICTORIA,RURAL_VICTORIA,HUME,METROPOLITAN NORTH WEST REGION,2018,1,January,BULLA
144.95187348199258,-37.80941492582213,3465210,19/1/2018,07.00.00,No,Collision with vehicle,Friday,TWO LEFT TURNING (INTERSECTIONS ONLY),Day,144.95186999999999,-37.80941,MELBOURNE,METROPOLITAN NORTH WEST REGION,2,1,0,1,0,1,1,1,1,0,1,0,0,0,0,0,0,0,0,0,No,0,2,0,1,0,0,MELB_URBAN,MELB_URBAN,MELBOURNE,METROPOLITAN NORTH WEST REGION,2018,1,January,WEST MELBOURNE
144.82363189637096,-37.774536478630644,3465230,29/1/2018,07.20.00,No,Vehicle overturned (no collision),Monday,OUT OF CONTROL ON CARRIAGEWAY (ON STRAIGHT),Day,144.82363,-37.77454,BRIMBANK,METROPOLITAN NORTH WEST REGION,1,1,0,0,1,0,1,0,1,0,0,0,0,0,0,0,0,0,0,0,No,0,1,0,0,0,0,MELB_URBAN,MELB_URBAN,BRIMBANK,METROPOLITAN NORTH WEST REGION,2018,1,January,SUNSHINE NORTH
144.9620388837301,-37.81011760881999,3465249,16/1/2018,09.30.00,No,Collision with vehicle,Tuesday,LEFT TURN SIDESWIPE,Day,144.96204,-37.81012,MELBOURNE,METROPOLITAN NORTH WEST REGION,2,1,0,0,1,1,1,1,1,0,1,0,0,0,0,0,0,0,0,0,No,0,2,0,1,0,0,MELBOURNE_CBD,"MELBOURNE_CBD,MELB_URBAN",MELBOURNE,METROPOLITAN NORTH WEST REGION,2018,1,January,MELBOURNE
144.962156666924,-37.81206095267501,3465260,22/1/2018,18.00.00,Yes,Collision with vehicle,Monday,LEFT TURN SIDESWIPE,Day,144.96216,-37.812059999999995,MELBOURNE,METROPOLITAN NORTH WEST REGION,2,1,0,0,1,1,1,1,1,0,1,0,0,0,0,0,0,0,0,0,No,0,2,0,1,0,0,MELBOURNE_CBD,MELBOURNE_CBD,MELBOURNE,METROPOLITAN NORTH WEST REGION,2018,1,January,MELBOURNE
144.9867577215511,-37.80256975741892,3465269,17/1/2018,21.30.00,Yes,Collision with vehicle,Wednesday,LEAVING PARKING,Unk.,144.98676,-37.80257,YARRA,METROPOLITAN NORTH WEST REGION,2,1,0,0,1,1,1,1,1,0,1,0,0,0,0,0,0,0,0,1,No,0,2,0,1,0,0,MELB_URBAN,MELB_URBAN,YARRA,METROPOLITAN NORTH WEST REGION,2018,1,January,COLLINGWOOD
143.8705745433203,-37.56994637109298,3465271,23/1/2018,07.30.00,No,Collision with vehicle,Tuesday,LEFT NEAR (INTERSECTIONS ONLY),Day,143.87057,-37.56995,BALLARAT,WESTERN REGION,2,1,0,0,1,1,2,0,1,0,1,0,0,0,0,0,0,0,0,0,No,0,2,0,1,0,0,LARGE_PROVINCIAL_CITIES,LARGE_PROVINCIAL_CITIES,BALLARAT,WESTERN REGION,2018,1,January,GOLDEN POINT
144.93596309186663,-37.80957229277261,3465289,10/1/2018,10.15.00,No,Collision with vehicle,Wednesday,VEHICLE OFF FOOTPATH STRIKES VEH ON CARRIAGEWAY,Day,144.93596000000002,-37.80957,MELBOURNE,METROPOLITAN NORTH WEST REGION,2,1,0,1,0,1,1,1,1,0,1,0,0,0,0,0,0,0,0,1,No,0,2,0,1,0,0,MELB_URBAN,MELB_URBAN,MELBOURNE,METROPOLITAN NORTH WEST REGION,2018,1,January,DOCKLANDS
144.98550826640786,-37.86361230731855,3465308,16/1/2018,19.40.00,Yes,Collision with vehicle,Tuesday,LEFT TURN SIDESWIPE,Day,144.98551,-37.863609999999994,PORT PHILLIP,METROPOLITAN NORTH WEST REGION,2,2,0,0,2,0,2,0,1,0,0,0,0,1,0,0,0,0,0,0,No,0,2,0,0,1,0,MELB_URBAN,MELB_URBAN,PORT PHILLIP,METROPOLITAN NORTH WEST REGION,2018,1,January,ST KILDA
144.92797341833196,-37.76286915161533,3465310,12/1/2018,18.20.00,Yes,Collision with vehicle,Friday,CROSS TRAFFIC(INTERSECTIONS ONLY),Unk.,144.92797,-37.76287,MOONEE VALLEY,METROPOLITAN NORTH WEST REGION,2,2,0,0,2,0,1,1,1,0,1,0,0,0,0,0,0,0,0,0,No,0,2,0,1,0,0,MELB_URBAN,MELB_URBAN,MOONEE VALLEY,METROPOLITAN NORTH WEST REGION,2018,1,January,MOONEE PONDS
145.23898458163902,-38.4650400029854,3465313,1/6/2017,13.00.00,No,No collision and no object struck,Thursday,OUT OF CONTROL ON CARRIAGEWAY (ON STRAIGHT),Day,145.23898,-38.46504,BASS COAST,EASTERN REGION,1,1,0,0,1,0,1,0,1,0,0,0,0,0,0,0,0,0,0,0,No,0,1,0,0,0,0,RURAL_VICTORIA,RURAL_VICTORIA,BASS COAST,"EASTERN REGION,EASTERN REGION",2017,6,June,COWES
145.0167784000843,-37.82584098440434,3465315,23/1/2018,10.00.00,No,No collision and no object struck,Tuesday,OUT OF CONTROL ON CARRIAGEWAY (ON STRAIGHT),Day,145.01678,-37.82584,YARRA,METROPOLITAN NORTH WEST REGION,2,1,0,0,1,1,2,0,1,0,1,0,0,0,0,0,0,0,0,0,No,0,2,0,1,0,0,MELB_URBAN,MELB_URBAN,YARRA,METROPOLITAN NORTH WEST REGION,2018,1,January,BURNLEY
144.31682009071974,-38.33087613985556,3465316,23/1/2018,10.00.00,No,Collision with vehicle,Tuesday,U TURN,Day,144.31682,-38.33088,SURF COAST,SOUTH WESTERN REGION,2,1,0,1,0,1,1,1,1,0,1,0,0,0,0,0,0,0,0,0,No,0,2,0,1,0,0,SMALL_CITIES,SMALL_CITIES,SURF COAST,SOUTH WESTERN REGION,2018,1,January,TORQUAY
145.12045466102987,-37.836299374650345,3465329,29/1/2018,23.45.00,Yes,Collision with vehicle,Monday,VEHICLE COLLIDES WITH VEHICLE PARKED ON LEFT OF ROAD,Dark Street lights on,145.12045,-37.8363,WHITEHORSE,METROPOLITAN SOUTH EAST REGION,1,1,0,1,0,0,1,0,1,0,0,0,0,0,0,0,0,0,0,0,No,0,2,0,0,0,0,MELB_URBAN,MELB_URBAN,WHITEHORSE,METROPOLITAN SOUTH EAST REGION,2018,1,January,BOX HILL SOUTH
144.9830751470873,-37.79883086265044,3465349,10/1/2018,15.55.00,No,Collision with vehicle,Wednesday,CROSS TRAFFIC(INTERSECTIONS ONLY),Day,144.98308,-37.79883,YARRA,METROPOLITAN NORTH WEST REGION,2,1,0,0,1,1,1,1,1,0,1,0,0,0,0,0,0,0,0,0,No,0,2,0,0,0,0,MELB_URBAN,MELB_URBAN,YARRA,METROPOLITAN NORTH WEST REGION,2018,1,January,FITZROY
144.9734898568424,-37.81720012953584,3465358,11/1/2018,17.10.00,No,Collision with vehicle,Thursday,VEHICLE COLLIDES WITH VEHICLE PARKED ON LEFT OF ROAD,Day,144.97349,-37.8172,MELBOURNE,METROPOLITAN NORTH WEST REGION,1,1,0,0,1,0,1,0,1,0,0,0,0,0,0,0,0,0,0,0,No,0,2,0,1,0,0,MELB_URBAN,MELB_URBAN,MELBOURNE,METROPOLITAN NORTH WEST REGION,2018,1,January,MELBOURNE
144.9939419234459,-37.848050185458845,3465378,27/1/2018,15.00.00,Yes,Collision with vehicle,Saturday,VEHICLE STRIKES DOOR OF PARKED/STATIONARY VEHICLE,Unk.,144.99393999999998,-37.84805,STONNINGTON,METROPOLITAN SOUTH EAST REGION,3,1,0,0,1,2,3,0,1,1,1,0,0,0,0,0,0,0,0,0,No,0,2,0,1,0,0,MELB_URBAN,MELB_URBAN,STONNINGTON,METROPOLITAN SOUTH EAST REGION,2018,1,January,PRAHRAN
144.98420145152897,-37.850667181790534,3465397,11/1/2018,07.15.00,No,Collision with vehicle,Thursday,RIGHT THROUGH,Day,144.9842,-37.85067,STONNINGTON,METROPOLITAN NORTH WEST REGION,2,1,0,0,1,1,1,1,1,0,1,0,0,0,0,0,0,0,0,0,No,0,2,0,1,0,0,MELB_URBAN,MELB_URBAN,"STONNINGTON,MELBOURNE,PORT PHILLIP","METROPOLITAN NORTH WEST REGION,METROPOLITAN SOUTH EAST REGION",2018,1,January,WINDSOR
144.99665526304275,-37.83343790549658,3465398,14/12/2017,08.29.00,No,Collision with vehicle,Thursday,LEFT NEAR (INTERSECTIONS ONLY),Unk.,144.99666000000002,-37.83344,YARRA,METROPOLITAN NORTH WEST REGION,2,1,0,0,1,1,2,0,1,0,1,0,0,0,0,0,0,0,0,0,No,0,2,0,1,0,0,MELB_URBAN,MELB_URBAN,YARRA,METROPOLITAN NORTH WEST REGION,2017,12,December,RICHMOND
145.08419390750348,-37.65398295283227,3465400,11/1/2018,06.30.00,No,Collision with vehicle,Thursday,LEFT TURN SIDESWIPE,Day,145.08418999999998,-37.65398,WHITTLESEA,METROPOLITAN NORTH WEST REGION,2,2,0,0,2,0,1,1,1,0,1,0,0,0,0,0,0,0,0,0,No,0,2,0,1,0,0,MELB_URBAN,MELB_URBAN,WHITTLESEA,METROPOLITAN NORTH WEST REGION,2018,1,January,SOUTH MORANG
144.97583109801712,-37.79243012680993,3465405,16/1/2018,21.30.00,Yes,Collision with vehicle,Tuesday,LEFT TURN SIDESWIPE,Unk.,144.97583,-37.792429999999996,YARRA,METROPOLITAN NORTH WEST REGION,2,1,0,0,1,1,1,1,1,0,1,0,0,0,0,0,0,0,0,0,No,0,2,0,1,0,0,MELB_URBAN,MELB_URBAN,YARRA,METROPOLITAN NORTH WEST REGION,2018,1,January,CARLTON NORTH
144.7912730639214,-37.874630078709046,3465406,17/1/2018,08.15.00,No,Collision with vehicle,Wednesday,RIGHT NEAR (INTERSECTIONS ONLY),Day,144.79127,-37.874629999999996,HOBSONS BAY,METROPOLITAN NORTH WEST REGION,2,1,0,0,1,1,1,1,1,0,1,0,0,0,0,0,0,0,0,0,No,0,2,0,1,0,0,MELB_URBAN,MELB_URBAN,HOBSONS BAY,METROPOLITAN NORTH WEST REGION,2018,1,January,ALTONA MEADOWS
145.00296977192733,-37.82624130838924,3465410,17/1/2018,08.10.00,No,Collision with vehicle,Wednesday,LEFT TURN SIDESWIPE,Day,145.00297,-37.826240000000006,YARRA,METROPOLITAN NORTH WEST REGION,2,1,0,0,1,1,1,1,1,0,1,0,0,0,0,0,0,0,0,0,No,0,2,0,1,0,0,MELB_URBAN,MELB_URBAN,YARRA,METROPOLITAN NORTH WEST REGION,2018,1,January,RICHMOND
145.0063907853704,-37.75283234381289,3465425,24/1/2018,07.04.00,No,Collision with vehicle,Wednesday,CROSS TRAFFIC(INTERSECTIONS ONLY),Day,145.00638999999998,-37.752829999999996,DAREBIN,METROPOLITAN NORTH WEST REGION,2,2,0,0,2,0,2,0,1,0,1,0,0,0,0,0,0,0,0,0,No,0,2,0,1,0,0,MELB_URBAN,MELB_URBAN,DAREBIN,METROPOLITAN NORTH WEST REGION,2018,1,January,PRESTON
144.95685588833987,-37.824941196143264,3465434,29/1/2018,15.05.00,No,Collision with vehicle,Monday,OTHER SAME DIRECTION-MANOUEVRES NOT INCLUDED IN DCAs 130-137,Day,144.95686,-37.824940000000005,MELBOURNE,METROPOLITAN NORTH WEST REGION,2,1,0,0,1,1,1,0,1,0,0,0,0,0,1,0,0,0,0,0,No,0,2,0,0,0,0,MELB_URBAN,MELB_URBAN,MELBOURNE,METROPOLITAN NORTH WEST REGION,2018,1,January,SOUTHBANK
144.9874782104351,-37.87421071362832,3465440,31/1/2018,08.10.00,No,Collision with vehicle,Wednesday,RIGHT THROUGH,Day,144.98748,-37.87421,PORT PHILLIP,METROPOLITAN NORTH WEST REGION,3,1,0,0,1,2,2,1,1,0,2,0,0,0,0,0,0,0,0,0,No,0,3,0,2,0,0,MELB_URBAN,MELB_URBAN,PORT PHILLIP,METROPOLITAN NORTH WEST REGION,2018,1,January,ELWOOD
145.40230964619812,-36.37939197105366,3465447,11/1/2018,12.30.00,No,Collision with vehicle,Wednesday,VEHICLE STRIKES DOOR OF PARKED/STATIONARY VEHICLE,Day,145.40231,-36.37939,SHEPPARTON,NORTH EASTERN REGION,2,1,0,0,1,1,2,0,1,0,1,0,0,0,0,0,0,0,0,0,No,0,2,0,1,0,0,SMALL_CITIES,SMALL_CITIES,SHEPPARTON,NORTH EASTERN REGION,2018,1,January,SHEPPARTON
144.96477790857668,-37.811660605170495,3465455,17/1/2018,14.46.00,No,Collision with vehicle,Wednesday,LANE CHANGE RIGHT (NOT OVERTAKING),Day,144.96478000000002,-37.811659999999996,MELBOURNE,METROPOLITAN NORTH WEST REGION,3,1,0,0,1,2,3,0,1,0,1,0,0,0,1,0,0,0,0,0,No,0,3,0,0,0,1,MELBOURNE_CBD,MELBOURNE_CBD,MELBOURNE,METROPOLITAN NORTH WEST REGION,2018,1,January,MELBOURNE
145.0350756838187,-37.82409597496823,3465470,24/1/2018,08.05.00,No,Collision with vehicle,Wednesday,CROSS TRAFFIC(INTERSECTIONS ONLY),Day,145.03508,-37.8241,BOROONDARA,METROPOLITAN SOUTH EAST REGION,2,1,0,0,1,1,1,1,1,0,1,0,0,0,0,0,0,0,0,0,No,0,2,0,1,0,0,MELB_URBAN,MELB_URBAN,BOROONDARA,METROPOLITAN SOUTH EAST REGION,2018,1,January,HAWTHORN
144.9274904063983,-37.78794407221513,3465473,23/1/2018,18.00.00,Yes,Collision with vehicle,Monday,LEFT TURN SIDESWIPE,Day,144.92748999999998,-37.78794,MELBOURNE,METROPOLITAN NORTH WEST REGION,2,1,0,0,1,1,1,1,1,0,1,0,0,0,0,0,0,0,0,0,No,0,2,0,1,0,0,MELB_URBAN,MELB_URBAN,"MOONEE VALLEY,MELBOURNE",METROPOLITAN NORTH WEST REGION,2018,1,January,FLEMINGTON
144.98818145453285,-37.81442277134494,3465486,31/1/2018,11.02.00,No,Collision with vehicle,Wednesday,CROSS TRAFFIC(INTERSECTIONS ONLY),Day,144.98818,-37.81442,MELBOURNE,METROPOLITAN NORTH WEST REGION,2,1,0,0,1,1,2,0,1,0,1,0,0,0,0,0,0,0,0,0,No,0,2,0,1,0,0,MELB_URBAN,MELB_URBAN,MELBOURNE,METROPOLITAN NORTH WEST REGION,2018,1,January,EAST MELBOURNE
144.97787169205475,-37.842619612496186,3465489,31/1/2018,08.36.00,No,Collision with vehicle,Wednesday,ENTERING PARKING,Day,144.97787,-37.842620000000004,MELBOURNE,METROPOLITAN NORTH WEST REGION,2,1,0,0,1,1,2,0,1,0,1,0,0,0,0,0,0,0,0,0,No,0,3,0,1,0,0,MELB_URBAN,MELB_URBAN,"PORT PHILLIP,MELBOURNE",METROPOLITAN NORTH WEST REGION,2018,1,January,MELBOURNE
144.3480370064808,-38.1421584939193,3465496,11/1/2018,18.30.00,Yes,Collision with vehicle,Thursday,LEFT TURN SIDESWIPE,Day,144.34804,-38.14216,GEELONG,SOUTH WESTERN REGION,3,1,0,0,1,2,2,1,1,1,1,0,0,0,0,0,0,0,0,1,No,0,2,0,1,0,0,LARGE_PROVINCIAL_CITIES,LARGE_PROVINCIAL_CITIES,GEELONG,SOUTH WESTERN REGION,2018,1,January,GEELONG WEST
144.97483296501895,-37.81178989772298,3465514,18/1/2018,07.30.00,No,Collision with vehicle,Wednesday,LANE SIDE SWIPE (VEHICLES IN PARALLEL LANES),Day,144.97483,-37.81179,MELBOURNE,METROPOLITAN NORTH WEST REGION,2,1,0,0,1,1,2,0,1,0,1,0,0,0,0,0,0,0,0,0,No,0,2,0,1,0,0,MELB_URBAN,MELB_URBAN,MELBOURNE,METROPOLITAN NORTH WEST REGION,2018,1,January,EAST MELBOURNE
144.96041183377972,-37.810593967392975,3465521,29/12/2017,15.45.00,No,Collision with vehicle,Friday,LEFT TURN SIDESWIPE,Day,144.96041,-37.810590000000005,MELBOURNE,METROPOLITAN NORTH WEST REGION,2,1,0,0,1,1,1,1,1,0,1,0,0,0,0,0,0,0,0,1,No,0,2,0,1,0,0,MELBOURNE_CBD,"MELBOURNE_CBD,MELB_URBAN",MELBOURNE,METROPOLITAN NORTH WEST REGION,2017,12,December,MELBOURNE