X,Y,OBJECTID,ACCIDENT_DATE,ACCIDENT_TIME,ALCOHOLTIME,ACCIDENT_TYPE,DAY_OF_WEEK,DCA_CODE,LIGHT_CONDITION,LONGITUDE,LATITUDE,LGA_NAME,REGION_NAME,TOTAL_PERSONS,INJ_OR_FATAL,FATALITY,SERIOUSINJURY,OTHERINJURY,NONINJURED,MALES,FEMALES,BICYCLIST,PASSENGER,DRIVER,PEDESTRIAN,PILLION,MOTORIST,UNKNOWN,PED_CYCLIST_5_12,PED_CYCLIST_13_18,OLD_PEDESTRIAN,OLD_DRIVER,YOUNG_DRIVER,ALCOHOL_RELATED,UNLICENCSED,NO_OF_VEHICLES,HEAVYVEHICLE,PASSENGERVEHICLE,MOTORCYCLE,PUBLICVEHICLE,DEG_URBAN_NAME,DEG_URBAN_ALL,LGA_NAME_ALL,REGION_NAME_ALL,Year,Month,Month_name,Suburb
145.00675053693735,-37.88504727836074,3465533,30/1/2018,15.20.00,No,Collision with vehicle,Tuesday,VEHICLE STRIKES DOOR OF PARKED/STATIONARY VEHICLE,Day,145.00675,-37.88505,GLEN EIRA,METROPOLITAN SOUTH EAST REGION,2,1,0,1,0,1,1,1,1,0,1,0,0,0,0,0,1,0,0,0,No,0,2,0,1,0,0,MELB_URBAN,MELB_URBAN,GLEN EIRA,METROPOLITAN SOUTH EAST REGION,2018,1,January,ELSTERNWICK
144.96978115745932,-37.823098132262274,3465548,29/12/2017,11.45.00,No,Collision with vehicle,Friday,VEHICLE STRIKES DOOR OF PARKED/STATIONARY VEHICLE,Day,144.96978000000001,-37.8231,MELBOURNE,METROPOLITAN NORTH WEST REGION,2,1,0,0,1,1,1,1,1,0,1,0,0,0,0,0,0,0,0,0,No,0,2,0,1,0,0,MELB_URBAN,MELB_URBAN,MELBOURNE,METROPOLITAN NORTH WEST REGION,2017,12,December,SOUTHBANK
144.99235222929343,-37.846634096292014,3465553,12/1/2018,08.30.00,No,Collision with vehicle,Friday,RIGHT THROUGH,Day,144.99235,-37.84663,STONNINGTON,METROPOLITAN SOUTH EAST REGION,2,1,0,1,0,1,2,0,1,0,1,0,0,0,0,0,0,0,1,0,No,0,2,0,1,0,0,MELB_URBAN,MELB_URBAN,STONNINGTON,METROPOLITAN SOUTH EAST REGION,2018,1,January,SOUTH YARRA
144.9616100758759,-37.80782016766637,3465581,1/4/2018,08.30.00,Yes,Collision with vehicle,Sunday,PULLING OUT (OVERTAKING),Day,144.96161,-37.80782,MELBOURNE,METROPOLITAN NORTH WEST REGION,2,1,0,0,1,1,2,0,1,0,1,0,0,0,0,0,0,0,0,0,No,0,2,0,0,0,0,MELB_URBAN,MELB_URBAN,MELBOURNE,METROPOLITAN NORTH WEST REGION,2018,4,April,MELBOURNE
146.31075269065147,-36.35045549456909,3465584,31/3/2018,15.30.00,Yes,No collision and no object struck,Saturday,OUT OF CONTROL ON CARRIAGEWAY (ON STRAIGHT),Day,146.31075,-36.35046,WANGARATTA,NORTH EASTERN REGION,2,1,0,0,1,1,2,0,1,0,1,0,0,0,0,0,0,0,0,1,No,0,2,0,1,0,0,SMALL_CITIES,SMALL_CITIES,WANGARATTA,NORTH EASTERN REGION,2018,3,March,WANGARATTA
145.2870241725881,-37.86271836954902,3465588,7/4/2018,16.12.00,Yes,Collision with vehicle,Saturday,RIGHT THROUGH,Day,145.28701999999998,-37.86272,KNOX,METROPOLITAN SOUTH EAST REGION,2,1,0,0,1,1,2,0,1,0,1,0,0,0,0,0,0,0,1,0,No,0,2,0,1,0,0,MELB_URBAN,MELB_URBAN,KNOX,METROPOLITAN SOUTH EAST REGION,2018,4,April,BORONIA
144.7414658186663,-37.88550515152534,3465593,7/4/2018,09.25.00,No,Collision with vehicle,Saturday,LEFT NEAR (INTERSECTIONS ONLY),Day,144.74147,-37.88551,WYNDHAM,METROPOLITAN NORTH WEST REGION,2,1,0,0,1,1,2,0,1,0,1,0,0,0,0,0,0,0,0,0,No,0,2,0,1,0,0,MELB_URBAN,MELB_URBAN,WYNDHAM,METROPOLITAN NORTH WEST REGION,2018,4,April,POINT COOK
144.99581498941947,-37.81139968868006,3465596,6/4/2018,18.21.00,Yes,Collision with vehicle,Friday,RIGHT THROUGH,Dark Street lights on,144.99581,-37.8114,YARRA,METROPOLITAN NORTH WEST REGION,2,1,0,0,1,1,2,0,1,0,1,0,0,0,0,0,0,0,0,0,No,0,2,0,1,0,0,MELB_URBAN,MELB_URBAN,YARRA,METROPOLITAN NORTH WEST REGION,2018,4,April,RICHMOND
145.0408525727935,-37.876797756159284,3465598,14/4/2018,09.15.00,No,Collision with vehicle,Friday,LEAVING PARKING,Day,145.04085,-37.8768,GLEN EIRA,METROPOLITAN SOUTH EAST REGION,2,1,0,0,1,1,2,0,1,0,1,0,0,0,0,0,0,0,0,0,No,0,2,0,1,0,0,MELB_URBAN,MELB_URBAN,GLEN EIRA,METROPOLITAN SOUTH EAST REGION,2018,4,April,CAULFIELD EAST
145.00532299608912,-37.66432015632081,3465638,7/4/2018,20.40.00,Yes,Collision with vehicle,Saturday,CROSS TRAFFIC(INTERSECTIONS ONLY),Dark Street lights on,145.00531999999998,-37.664320000000004,WHITTLESEA,METROPOLITAN NORTH WEST REGION,5,1,0,0,1,4,1,0,1,3,1,0,0,0,0,0,0,0,0,0,No,0,2,0,1,0,0,MELB_URBAN,MELB_URBAN,WHITTLESEA,METROPOLITAN NORTH WEST REGION,2018,4,April,LALOR
144.83903734029084,-37.865397444746826,3465640,7/4/2018,07.55.00,Yes,Collision with vehicle,Saturday,LEFT NEAR (INTERSECTIONS ONLY),Day,144.83903999999998,-37.8654,HOBSONS BAY,METROPOLITAN NORTH WEST REGION,2,1,0,0,1,1,0,2,1,0,1,0,0,0,0,0,0,0,1,0,No,0,2,0,1,0,0,MELB_URBAN,MELB_URBAN,HOBSONS BAY,METROPOLITAN NORTH WEST REGION,2018,4,April,SEAHOLME
145.0140321700221,-37.97298491527648,3465648,8/4/2018,11.50.00,No,Collision with vehicle,Sunday,VEHICLE COLLIDES WITH VEHICLE PARKED ON LEFT OF ROAD,Day,145.01403,-37.97298,BAYSIDE,METROPOLITAN SOUTH EAST REGION,1,1,0,0,1,0,1,0,1,0,0,0,0,0,0,0,0,0,0,0,No,0,2,0,1,0,0,MELB_URBAN,MELB_URBAN,BAYSIDE,METROPOLITAN SOUTH EAST REGION,2018,4,April,BLACK ROCK
145.35150812508658,-38.029552227729454,3465669,27/3/2018,05.30.00,Yes,No collision and no object struck,Tuesday,OUT OF CONTROL ON CARRIAGEWAY (ON STRAIGHT),Dark Street lights on,145.35151000000002,-38.02955,CASEY,METROPOLITAN SOUTH EAST REGION,2,1,0,1,0,1,1,0,1,0,0,0,0,0,1,0,0,0,0,0,No,0,2,0,0,0,0,MELB_URBAN,MELB_URBAN,CASEY,METROPOLITAN SOUTH EAST REGION,2018,3,March,BERWICK
145.40673010871163,-36.38893320434693,3465673,25/3/2018,10.00.00,Yes,Collision with vehicle,Sunday,CROSS TRAFFIC(INTERSECTIONS ONLY),Day,145.40673,-36.38893,SHEPPARTON,NORTH EASTERN REGION,2,1,0,0,1,1,1,1,1,0,1,0,0,0,0,0,0,0,1,0,No,0,2,0,1,0,0,SMALL_CITIES,SMALL_CITIES,SHEPPARTON,NORTH EASTERN REGION,2018,3,March,SHEPPARTON
144.9989582619749,-37.938591268324814,3465681,2/4/2018,08.00.00,Yes,Collision with vehicle,Sunday,VEHICLE COLLIDES WITH VEHICLE PARKED ON LEFT OF ROAD,Day,144.99896,-37.938590000000005,BAYSIDE,METROPOLITAN SOUTH EAST REGION,1,1,0,0,1,0,0,1,1,0,0,0,0,0,0,0,0,0,0,0,No,0,2,0,1,0,0,MELB_URBAN,MELB_URBAN,BAYSIDE,METROPOLITAN SOUTH EAST REGION,2018,4,April,HAMPTON
144.95991965437437,-37.807191423946335,3465690,7/4/2018,22.50.00,Yes,Collision with vehicle,Saturday,VEHICLE STRIKES DOOR OF PARKED/STATIONARY VEHICLE,Dark Street lights on,144.95991999999998,-37.807190000000006,MELBOURNE,METROPOLITAN NORTH WEST REGION,4,1,0,0,1,3,2,2,1,1,2,0,0,0,0,0,0,0,0,0,No,0,3,0,2,0,0,MELB_URBAN,MELB_URBAN,MELBOURNE,METROPOLITAN NORTH WEST REGION,2018,4,April,MELBOURNE
144.94867619922843,-37.82065598714525,3465707,14/4/2018,20.30.00,Yes,Collision with vehicle,Saturday,CROSS TRAFFIC(INTERSECTIONS ONLY),Dark Street lights on,144.94868,-37.82066,MELBOURNE,METROPOLITAN NORTH WEST REGION,2,1,0,0,1,1,2,0,1,0,1,0,0,0,0,0,0,0,0,0,No,0,2,0,1,0,0,MELB_URBAN,MELB_URBAN,MELBOURNE,METROPOLITAN NORTH WEST REGION,2018,4,April,DOCKLANDS
143.84824215520516,-37.55648863958752,3465715,22/3/2018,11.50.00,No,Collision with vehicle,Wednesday,RIGHT THROUGH,Day,143.84824,-37.556490000000004,BALLARAT,WESTERN REGION,2,1,0,0,1,1,2,0,1,0,1,0,0,0,0,0,0,0,1,0,No,0,2,0,1,0,0,LARGE_PROVINCIAL_CITIES,LARGE_PROVINCIAL_CITIES,BALLARAT,WESTERN REGION,2018,3,March,LAKE WENDOUREE
144.97794519844498,-37.84340776991704,3465716,16/2/2018,08.10.00,No,Collision with vehicle,Thursday,RIGHT THROUGH,Unk.,144.97795,-37.84341,PORT PHILLIP,METROPOLITAN NORTH WEST REGION,2,1,0,0,1,1,2,0,1,0,1,0,0,0,0,0,0,0,0,0,No,0,2,0,1,0,0,MELB_URBAN,MELB_URBAN,PORT PHILLIP,METROPOLITAN NORTH WEST REGION,2018,2,February,MELBOURNE
144.90991644439086,-37.74439608478501,3465721,27/3/2018,11.58.00,No,Collision with vehicle,Tuesday,LEFT TURN SIDESWIPE,Day,144.90992,-37.7444,MOONEE VALLEY,METROPOLITAN NORTH WEST REGION,2,2,0,0,2,0,2,0,1,0,1,0,0,0,0,0,0,0,0,0,No,0,2,0,1,0,0,MELB_URBAN,MELB_URBAN,MOONEE VALLEY,METROPOLITAN NORTH WEST REGION,2018,3,March,ESSENDON NORTH
145.03157595707012,-37.99307265878551,3465726,27/3/2018,16.30.00,No,Collision with vehicle,Monday,LEFT NEAR (INTERSECTIONS ONLY),Day,145.03158,-37.99307,BAYSIDE,METROPOLITAN SOUTH EAST REGION,2,1,0,0,1,1,1,1,1,0,1,0,0,0,0,0,0,0,0,0,No,0,2,0,1,0,0,MELB_URBAN,MELB_URBAN,BAYSIDE,METROPOLITAN SOUTH EAST REGION,2018,3,March,BEAUMARIS
143.6193079613389,-36.93728759158328,3465736,2/4/2018,12.00.00,No,Collision with vehicle,Sunday,REAR END(VEHICLES IN SAME LANE),Day,143.61931,-36.937290000000004,CENTRAL GOLDFIELDS,WESTERN REGION,3,1,0,0,1,2,3,0,1,1,1,0,0,0,0,0,0,0,1,0,No,0,2,0,1,0,0,RURAL_VICTORIA,RURAL_VICTORIA,CENTRAL GOLDFIELDS,WESTERN REGION,2018,4,April,WAREEK
144.97506940563932,-37.78491732692669,3468745,26/4/2018,12.28.00,No,Collision with vehicle,Thursday,CROSS TRAFFIC(INTERSECTIONS ONLY),Day,144.97507,-37.78492,YARRA,METROPOLITAN NORTH WEST REGION,2,1,0,0,1,1,1,1,1,0,1,0,0,0,0,0,0,0,0,0,No,0,2,0,1,0,0,MELB_URBAN,MELB_URBAN,YARRA,METROPOLITAN NORTH WEST REGION,2018,4,April,CARLTON NORTH
145.03295314392847,-37.83583034982431,3468760,3/5/2018,09.12.00,No,Vehicle overturned (no collision),Thursday,OUT OF CONTROL ON CARRIAGEWAY (ON STRAIGHT),Day,145.03295,-37.83583,BOROONDARA,METROPOLITAN SOUTH EAST REGION,1,1,0,1,0,0,0,1,1,0,0,0,0,0,0,0,0,0,0,0,No,0,1,0,0,0,0,MELB_URBAN,MELB_URBAN,BOROONDARA,METROPOLITAN SOUTH EAST REGION,2018,5,May,HAWTHORN
144.8985360334361,-37.79392229397335,3468770,8/5/2018,16.43.00,No,Collision with vehicle,Monday,LANE SIDE SWIPE (VEHICLES IN PARALLEL LANES),Day,144.89854,-37.79392,MARIBYRNONG,METROPOLITAN NORTH WEST REGION,2,1,0,0,1,1,2,0,1,0,1,0,0,0,0,0,0,0,0,0,No,0,2,0,1,0,0,MELB_URBAN,MELB_URBAN,MARIBYRNONG,METROPOLITAN NORTH WEST REGION,2018,5,May,FOOTSCRAY
145.21525017313775,-38.03206916309196,3468773,9/5/2018,00.34.00,Yes,Collision with vehicle,Wednesday,VEHICLE COLLIDES WITH VEHICLE PARKED ON LEFT OF ROAD,Dark Street lights off,145.21525,-38.032070000000004,DANDENONG,METROPOLITAN SOUTH EAST REGION,1,1,0,1,0,0,1,0,1,0,0,0,0,0,0,0,0,0,0,0,No,0,2,0,0,0,0,MELB_URBAN,MELB_URBAN,DANDENONG,METROPOLITAN SOUTH EAST REGION,2018,5,May,DANDENONG SOUTH
144.90998304532155,-38.35437760399776,3468780,20/4/2018,09.35.00,No,Struck Pedestrian,Friday,FAR SIDE. PED HIT BY VEHICLE FROM THE LEFT,Day,144.90998000000002,-38.35438,MORNINGTON PENINSULA,METROPOLITAN SOUTH EAST REGION,2,2,0,1,1,0,0,0,1,0,0,1,0,0,0,0,0,1,0,0,No,0,2,0,1,0,0,MELB_URBAN,MELB_URBAN,MORNINGTON PENINSULA,METROPOLITAN SOUTH EAST REGION,2018,4,April,ROSEBUD
145.1249824460173,-37.981125894196026,3468793,25/4/2018,15.55.00,No,Collision with vehicle,Wednesday,LEFT FAR (INTERSECTIONS ONLY),Day,145.12498,-37.98113,KINGSTON,METROPOLITAN SOUTH EAST REGION,2,1,0,0,1,1,2,0,1,0,1,0,0,0,0,0,0,0,0,0,No,0,2,0,1,0,0,MELB_URBAN,MELB_URBAN,KINGSTON,METROPOLITAN SOUTH EAST REGION,2018,4,April,DINGLEY VILLAGE
145.00514854783955,-37.73138220636577,3468806,3/5/2018,10.15.00,No,Collision with vehicle,Thursday,RIGHT THROUGH,Day,145.00515,-37.73138,DAREBIN,METROPOLITAN NORTH WEST REGION,2,1,0,1,0,1,2,0,1,0,1,0,0,0,0,0,0,0,0,0,No,0,2,0,1,0,0,MELB_URBAN,MELB_URBAN,DAREBIN,METROPOLITAN NORTH WEST REGION,2018,5,May,PRESTON
145.0532102368882,-37.830968696259625,3468816,9/5/2018,08.00.00,No,No collision and no object struck,Wednesday,OUT OF CONTROL ON CARRIAGEWAY (ON STRAIGHT),Unk.,145.05321,-37.83097,BOROONDARA,METROPOLITAN SOUTH EAST REGION,1,1,0,0,1,0,0,1,1,0,0,0,0,0,0,0,0,0,0,0,No,0,1,0,0,0,0,MELB_URBAN,MELB_URBAN,BOROONDARA,METROPOLITAN SOUTH EAST REGION,2018,5,May,HAWTHORN EAST
144.81771660169042,-38.373313601086494,3468820,9/5/2018,11.45.00,No,Collision with vehicle,Wednesday,RIGHT THROUGH,Day,144.81772,-38.37331,MORNINGTON PENINSULA,METROPOLITAN SOUTH EAST REGION,2,1,0,1,0,1,2,0,1,0,1,0,0,0,0,0,0,0,1,0,No,0,2,0,1,0,0,MELB_URBAN,MELB_URBAN,MORNINGTON PENINSULA,METROPOLITAN SOUTH EAST REGION,2018,5,May,RYE
144.9743201471895,-37.83465603769578,3468840,26/4/2018,20.15.00,Yes,Collision with vehicle,Thursday,LANE SIDE SWIPE (VEHICLES IN PARALLEL LANES),Dark Street lights on,144.97432,-37.83466,PORT PHILLIP,METROPOLITAN NORTH WEST REGION,2,1,0,0,1,1,1,1,1,0,1,0,0,0,0,0,0,0,0,0,No,0,2,0,0,0,1,MELB_URBAN,MELB_URBAN,PORT PHILLIP,METROPOLITAN NORTH WEST REGION,2018,4,April,MELBOURNE
144.30271888365948,-36.77743445093455,3468848,27/4/2018,08.10.00,No,Collision with vehicle,Friday,RIGHT FAR (INTERSECTIONS ONLY),Day,144.30272,-36.777429999999995,BENDIGO,NORTHERN REGION,2,1,0,0,1,1,1,1,1,0,1,0,0,0,0,0,0,0,0,1,No,0,2,0,1,0,0,LARGE_PROVINCIAL_CITIES,LARGE_PROVINCIAL_CITIES,BENDIGO,NORTHERN REGION,2018,4,April,KENNINGTON
142.19972913521994,-36.717838211818325,3468851,27/4/2018,09.20.00,No,Collision with vehicle,Friday,CROSS TRAFFIC(INTERSECTIONS ONLY),Day,142.19973000000002,-36.71784,HORSHAM,WESTERN REGION,2,1,0,0,1,1,0,2,1,0,1,0,0,0,0,0,0,0,0,0,No,0,2,0,1,0,0,SMALL_CITIES,SMALL_CITIES,HORSHAM,WESTERN REGION,2018,4,April,HORSHAM
144.9645781092025,-37.81160591840847,3468866,20/7/2018,16.15.00,Yes,Collision with vehicle,Friday,LANE CHANGE LEFT (NOT OVERTAKING),Unk.,144.96458,-37.811609999999995,MELBOURNE,METROPOLITAN NORTH WEST REGION,2,1,0,0,1,1,1,1,1,0,1,0,0,0,0,0,0,0,0,0,No,0,2,0,1,0,0,MELBOURNE_CBD,MELBOURNE_CBD,MELBOURNE,METROPOLITAN NORTH WEST REGION,2018,7,July,MELBOURNE
144.8500709829344,-37.83881069242636,3468879,13/7/2018,08.00.00,No,Collision with vehicle,Friday,CROSS TRAFFIC(INTERSECTIONS ONLY),Dusk/Dawn,144.85007,-37.838809999999995,HOBSONS BAY,METROPOLITAN NORTH WEST REGION,2,1,0,0,1,1,0,2,1,0,1,0,0,0,0,0,0,0,0,0,No,0,2,0,1,0,0,MELB_URBAN,MELB_URBAN,HOBSONS BAY,METROPOLITAN NORTH WEST REGION,2018,7,July,ALTONA NORTH
145.05722669854657,-37.88840716362198,3468904,9/7/2018,06.55.00,No,Collision with vehicle,Monday,LANE SIDE SWIPE (VEHICLES IN PARALLEL LANES),Dark Street lights on,145.05723,-37.88841,GLEN EIRA,METROPOLITAN SOUTH EAST REGION,3,1,0,1,0,2,1,0,1,0,0,0,0,0,2,0,0,0,0,0,No,0,2,0,0,0,0,MELB_URBAN,MELB_URBAN,GLEN EIRA,METROPOLITAN SOUTH EAST REGION,2018,7,July,CARNEGIE
145.30807258044484,-37.820602079975735,3468922,21/7/2018,10.20.00,No,Collision with vehicle,Saturday,LEFT TURN SIDESWIPE,Day,145.30807,-37.8206,MAROONDAH,METROPOLITAN SOUTH EAST REGION,2,1,0,0,1,1,2,0,1,0,1,0,0,0,0,0,0,0,0,0,No,0,2,0,1,0,0,MELB_URBAN,MELB_URBAN,MAROONDAH,METROPOLITAN SOUTH EAST REGION,2018,7,July,KILSYTH SOUTH
144.9849006803431,-37.77427642347104,3468960,15/7/2018,17.51.00,No,Collision with vehicle,,U TURN,Dark No street lights,144.9849,-37.77428,MORELAND,METROPOLITAN NORTH WEST REGION,2,1,0,0,1,1,1,1,1,0,1,0,0,0,0,0,1,0,0,0,No,0,2,0,1,0,0,MELB_URBAN,MELB_URBAN,MORELAND,METROPOLITAN NORTH WEST REGION,2018,7,July,FITZROY NORTH
145.06031169357928,-37.787019545699074,3468967,16/7/2018,08.40.00,No,Vehicle overturned (no collision),Monday,OUT OF CONTROL ON CARRIAGEWAY (ON BEND),Day,145.06031000000002,-37.78702,BOROONDARA,METROPOLITAN SOUTH EAST REGION,1,1,0,0,1,0,1,0,1,0,0,0,0,0,0,0,1,0,0,0,No,0,1,0,0,0,0,MELB_URBAN,MELB_URBAN,BOROONDARA,METROPOLITAN SOUTH EAST REGION,2018,7,July,KEW EAST
142.4826135018426,-38.39245027724839,3468972,22/7/2018,10.05.00,No,Collision with vehicle,,LEFT TURN SIDESWIPE,Day,142.48261000000002,-38.39245,WARRNAMBOOL,SOUTH WESTERN REGION,2,1,0,0,1,1,2,0,1,0,1,0,0,0,0,0,0,0,0,0,No,0,2,0,1,0,0,SMALL_CITIES,SMALL_CITIES,WARRNAMBOOL,SOUTH WESTERN REGION,2018,7,July,WARRNAMBOOL
145.09406138504897,-37.61064585241398,3468988,29/7/2018,08.50.00,No,Collision with vehicle,,LANE SIDE SWIPE (VEHICLES IN PARALLEL LANES),Day,145.09406,-37.61065,WHITTLESEA,METROPOLITAN NORTH WEST REGION,4,3,0,0,3,1,4,0,4,0,0,0,0,0,0,0,0,0,0,0,No,0,4,0,0,0,0,MELB_URBAN,MELB_URBAN,WHITTLESEA,METROPOLITAN NORTH WEST REGION,2018,7,July,MERNDA
144.99479709774235,-37.78547512743216,3469032,23/7/2018,06.30.00,No,Collision with vehicle,Monday,RIGHT NEAR (INTERSECTIONS ONLY),Unk.,144.9948,-37.78548,YARRA,METROPOLITAN NORTH WEST REGION,2,1,0,1,0,1,2,0,1,0,1,0,0,0,0,0,0,0,0,0,No,0,2,0,1,0,0,MELB_URBAN,MELB_URBAN,YARRA,METROPOLITAN NORTH WEST REGION,2018,7,July,FITZROY NORTH
145.03872983372062,-37.73755159006832,3469039,29/7/2018,20.15.00,Yes,Collision with vehicle,Sunday,CROSS TRAFFIC(INTERSECTIONS ONLY),Dark Street lights on,145.03873000000002,-37.73755,BANYULE,METROPOLITAN NORTH WEST REGION,2,1,0,1,0,1,1,1,1,0,1,0,0,0,0,0,0,0,0,0,No,0,2,0,1,0,0,MELB_URBAN,MELB_URBAN,BANYULE,METROPOLITAN NORTH WEST REGION,2018,7,July,HEIDELBERG WEST
144.98079932945603,-37.80854402817815,3469063,10/7/2018,16.30.00,No,Collision with vehicle,Tuesday,LANE SIDE SWIPE (VEHICLES IN PARALLEL LANES),Day,144.9808,-37.80854,YARRA,METROPOLITAN NORTH WEST REGION,2,1,0,0,1,1,1,0,1,0,0,0,0,0,1,0,0,0,0,0,No,0,2,0,0,0,0,MELB_URBAN,MELB_URBAN,YARRA,METROPOLITAN NORTH WEST REGION,2018,7,July,FITZROY
145.06549412064786,-37.83236120499193,3469070,17/7/2018,04.00.00,Yes,No collision and no object struck,Tuesday,OTHER ACCIDENTS-OFF STRAIGHT NOT INCLUDED IN DCAs 170-175,Dark Street lights on,145.06548999999998,-37.832359999999994,BOROONDARA,METROPOLITAN SOUTH EAST REGION,1,1,0,1,0,0,1,0,1,0,0,0,0,0,0,0,0,0,0,0,No,0,1,0,0,0,0,MELB_URBAN,MELB_URBAN,BOROONDARA,METROPOLITAN SOUTH EAST REGION,2018,7,July,CAMBERWELL
144.97834212823062,-37.799058958146354,3469074,10/7/2018,18.10.00,Yes,Collision with vehicle,Tuesday,RIGHT THROUGH,Dark Street lights on,144.97834,-37.79906,YARRA,METROPOLITAN NORTH WEST REGION,2,1,0,0,1,1,0,2,1,0,1,0,0,0,0,0,0,0,0,0,No,0,2,0,1,0,0,MELB_URBAN,MELB_URBAN,YARRA,METROPOLITAN NORTH WEST REGION,2018,7,July,FITZROY
144.96135881146827,-37.810316721263774,3469086,23/7/2018,14.45.00,No,Collision with vehicle,Monday,LANE CHANGE LEFT (NOT OVERTAKING),Day,144.96136,-37.810320000000004,MELBOURNE,METROPOLITAN NORTH WEST REGION,2,1,0,0,1,1,1,0,1,0,0,0,0,1,0,0,0,0,0,0,No,0,2,0,0,1,0,MELBOURNE_CBD,"MELBOURNE_CBD,MELB_URBAN",MELBOURNE,METROPOLITAN NORTH WEST REGION,2018,7,July,MELBOURNE
144.96951206952582,-37.80981742579976,3469096,24/7/2018,18.45.00,Yes,Collision with vehicle,Tuesday,OTHER ACCIDENTS-OFF STRAIGHT NOT INCLUDED IN DCAs 170-175,Dark Street lights on,144.96951,-37.80982,MELBOURNE,METROPOLITAN NORTH WEST REGION,2,1,0,0,1,1,1,1,1,0,1,0,0,0,0,0,0,0,0,0,No,0,2,0,1,0,0,MELBOURNE_CBD,MELBOURNE_CBD,MELBOURNE,METROPOLITAN NORTH WEST REGION,2018,7,July,MELBOURNE
145.26863400400708,-37.82777962341358,3469104,10/7/2018,16.18.00,No,Collision with vehicle,Tuesday,OUT OF CONTROL (OVERTAKING),Day,145.26863,-37.82778,MAROONDAH,METROPOLITAN SOUTH EAST REGION,2,1,0,1,0,1,2,0,1,0,1,0,0,0,0,0,0,0,0,0,No,0,2,0,1,0,0,MELB_URBAN,MELB_URBAN,MAROONDAH,METROPOLITAN SOUTH EAST REGION,2018,7,July,BAYSWATER NORTH
144.9659952593354,-37.755681107497246,3469112,10/7/2018,19.00.00,Yes,Collision with vehicle,Tuesday,VEHICLE STRIKES DOOR OF PARKED/STATIONARY VEHICLE,Dark Street lights on,144.966,-37.75568,MORELAND,METROPOLITAN NORTH WEST REGION,2,1,0,0,1,1,1,1,1,0,1,0,0,0,0,0,0,0,0,0,No,0,2,0,1,0,0,MELB_URBAN,MELB_URBAN,MORELAND,METROPOLITAN NORTH WEST REGION,2018,7,July,COBURG
145.3070169658161,-37.849985992520736,3469114,17/7/2018,10.32.00,No,Collision with vehicle,Tuesday,CROSS TRAFFIC(INTERSECTIONS ONLY),Day,145.30702,-37.849990000000005,KNOX,METROPOLITAN SOUTH EAST REGION,2,1,0,0,1,1,1,1,1,0,1,0,0,0,0,0,0,0,0,0,No,0,2,0,1,0,0,MELB_URBAN,MELB_URBAN,KNOX,METROPOLITAN SOUTH EAST REGION,2018,7,July,THE BASIN
144.9941142789166,-37.75609973409315,3469115,17/7/2018,07.40.00,No,Collision with vehicle,Monday,VEHICLE OFF FOOTPATH STRIKES VEH ON CARRIAGEWAY,Dusk/Dawn,144.99411,-37.7561,DAREBIN,METROPOLITAN NORTH WEST REGION,2,1,0,0,1,1,2,0,1,0,0,0,0,1,0,0,0,0,0,0,No,0,2,0,0,1,0,MELB_URBAN,MELB_URBAN,DAREBIN,METROPOLITAN NORTH WEST REGION,2018,7,July,THORNBURY
145.04506796786788,-37.88914928459924,3469117,17/7/2018,08.45.00,No,Collision with vehicle,Tuesday,VEHICLE STRIKES DOOR OF PARKED/STATIONARY VEHICLE,Day,145.04506999999998,-37.88915,GLEN EIRA,METROPOLITAN SOUTH EAST REGION,2,1,0,1,0,1,1,1,1,0,1,0,0,0,0,0,1,0,0,0,No,0,2,0,1,0,0,MELB_URBAN,MELB_URBAN,GLEN EIRA,METROPOLITAN SOUTH EAST REGION,2018,7,July,CARNEGIE
144.9780114173177,-37.74294829527549,3469123,17/7/2018,07.30.00,No,Collision with vehicle,Tuesday,VEHICLE STRIKES ANOTHER VEH WHILE EMERGING FROM DRIVEWAY,Day,144.97801,-37.74295,MORELAND,METROPOLITAN NORTH WEST REGION,3,1,0,0,1,2,1,2,1,1,1,0,0,0,0,0,0,0,0,0,No,0,2,0,1,0,0,MELB_URBAN,MELB_URBAN,MORELAND,METROPOLITAN NORTH WEST REGION,2018,7,July,COBURG
144.94778102398638,-37.82611944168211,3469127,23/7/2018,18.00.00,Yes,Collision with vehicle,Sunday,LANE CHANGE LEFT (NOT OVERTAKING),Day,144.94778,-37.82612,MELBOURNE,METROPOLITAN NORTH WEST REGION,2,1,0,0,1,1,1,1,1,0,1,0,0,0,0,0,0,0,0,0,No,0,2,0,1,0,0,MELB_URBAN,MELB_URBAN,MELBOURNE,METROPOLITAN NORTH WEST REGION,2018,7,July,DOCKLANDS
144.9940716562762,-37.84722016252267,3469158,11/7/2018,07.45.00,No,Collision with vehicle,Wednesday,VEHICLE STRIKES DOOR OF PARKED/STATIONARY VEHICLE,Unk.,144.99407,-37.84722,STONNINGTON,METROPOLITAN SOUTH EAST REGION,2,1,0,1,0,1,0,2,1,0,1,0,0,0,0,0,0,0,0,0,No,0,2,0,1,0,0,MELB_URBAN,MELB_URBAN,STONNINGTON,METROPOLITAN SOUTH EAST REGION,2018,7,July,PRAHRAN
145.0611495549625,-37.86994022595933,3469161,11/7/2018,08.23.00,No,Collision with vehicle,Wednesday,RIGHT THROUGH,Day,145.06115,-37.86994,STONNINGTON,METROPOLITAN SOUTH EAST REGION,2,1,0,1,0,1,2,0,1,0,1,0,0,0,0,0,0,0,0,0,No,0,2,0,1,0,0,MELB_URBAN,MELB_URBAN,STONNINGTON,METROPOLITAN SOUTH EAST REGION,2018,7,July,MALVERN EAST