X,Y,OBJECTID,ACCIDENT_DATE,ACCIDENT_TIME,ALCOHOLTIME,ACCIDENT_TYPE,DAY_OF_WEEK,DCA_CODE,LIGHT_CONDITION,LONGITUDE,LATITUDE,LGA_NAME,REGION_NAME,TOTAL_PERSONS,INJ_OR_FATAL,FATALITY,SERIOUSINJURY,OTHERINJURY,NONINJURED,MALES,FEMALES,BICYCLIST,PASSENGER,DRIVER,PEDESTRIAN,PILLION,MOTORIST,UNKNOWN,PED_CYCLIST_5_12,PED_CYCLIST_13_18,OLD_PEDESTRIAN,OLD_DRIVER,YOUNG_DRIVER,ALCOHOL_RELATED,UNLICENCSED,NO_OF_VEHICLES,HEAVYVEHICLE,PASSENGERVEHICLE,MOTORCYCLE,PUBLICVEHICLE,DEG_URBAN_NAME,DEG_URBAN_ALL,LGA_NAME_ALL,REGION_NAME_ALL,Year,Month,Month_name,Suburb
144.8892887617468,-37.76864804766928,3464246,15/2/2018,07.25.00,No,Collision with vehicle,Thursday,RIGHT THROUGH,Day,144.88929,-37.76865,MARIBYRNONG,METROPOLITAN NORTH WEST REGION,2,1,0,0,1,1,1,1,1,0,1,0,0,0,0,0,0,0,0,0,No,0,2,0,1,0,0,MELB_URBAN,MELB_URBAN,MARIBYRNONG,METROPOLITAN NORTH WEST REGION,2018,2,February,MARIBYRNONG
144.96270816759673,-37.81326853495773,3464254,15/2/2018,23.45.00,Yes,Vehicle overturned (no collision),Thursday,OUT OF CONTROL ON CARRIAGEWAY (ON STRAIGHT),Dark Street lights on,144.96271000000002,-37.81327,MELBOURNE,METROPOLITAN NORTH WEST REGION,1,1,0,1,0,0,1,0,1,0,0,0,0,0,0,0,0,0,0,0,No,0,1,0,0,0,0,MELBOURNE_CBD,MELBOURNE_CBD,MELBOURNE,METROPOLITAN NORTH WEST REGION,2018,2,February,MELBOURNE
144.95540351830172,-37.80950897621271,3464265,22/2/2018,08.30.00,No,Collision with vehicle,Thursday,LEFT TURN SIDESWIPE,Day,144.9554,-37.809509999999996,MELBOURNE,METROPOLITAN NORTH WEST REGION,2,1,0,0,1,1,2,0,1,0,1,0,0,0,0,0,0,0,0,0,No,0,2,0,1,0,0,MELB_URBAN,MELB_URBAN,MELBOURNE,METROPOLITAN NORTH WEST REGION,2018,2,February,WEST MELBOURNE
145.39811407475418,-36.38689057270194,3464267,22/2/2018,08.44.00,No,Collision with vehicle,Wednesday,VEHICLE STRIKES ANOTHER VEH WHILE EMERGING FROM DRIVEWAY,Day,145.39811,-36.38689,SHEPPARTON,NORTH EASTERN REGION,2,1,0,0,1,1,1,0,1,0,0,0,0,0,1,0,1,0,0,0,No,0,2,0,0,0,0,SMALL_CITIES,SMALL_CITIES,SHEPPARTON,NORTH EASTERN REGION,2018,2,February,SHEPPARTON
145.00718864473308,-37.94134080767478,3464287,9/2/2018,16.10.00,Yes,Collision with vehicle,Friday,CROSS TRAFFIC(INTERSECTIONS ONLY),Day,145.00718999999998,-37.941340000000004,BAYSIDE,METROPOLITAN SOUTH EAST REGION,4,1,0,0,1,3,2,2,1,2,1,0,0,0,0,0,1,0,0,0,No,0,2,0,1,0,0,MELB_URBAN,MELB_URBAN,BAYSIDE,METROPOLITAN SOUTH EAST REGION,2018,2,February,HAMPTON
144.98288282571275,-37.880719455961646,3464310,22/2/2018,06.27.00,No,Collision with vehicle,Thursday,CROSS TRAFFIC(INTERSECTIONS ONLY),Dusk/Dawn,144.98288,-37.880720000000004,PORT PHILLIP,METROPOLITAN NORTH WEST REGION,2,1,0,0,1,1,1,1,1,0,1,0,0,0,0,0,0,0,0,0,No,0,2,0,1,0,0,MELB_URBAN,MELB_URBAN,PORT PHILLIP,METROPOLITAN NORTH WEST REGION,2018,2,February,ELWOOD
145.41164754480252,-36.36247906527153,3464332,4/2/2018,10.55.00,No,Collision with vehicle,Sunday,RIGHT NEAR (INTERSECTIONS ONLY),Day,145.41165,-36.36248,SHEPPARTON,NORTH EASTERN REGION,4,1,0,0,1,3,1,3,2,1,1,0,0,0,0,0,0,0,1,0,No,0,3,0,1,0,0,SMALL_CITIES,SMALL_CITIES,SHEPPARTON,NORTH EASTERN REGION,2018,2,February,SHEPPARTON
144.70050087351643,-37.89751576296006,3464334,4/2/2018,09.25.00,No,Collision with vehicle,,LEFT NEAR (INTERSECTIONS ONLY),Day,144.7005,-37.89752,WYNDHAM,METROPOLITAN NORTH WEST REGION,2,1,0,0,1,1,1,1,1,0,1,0,0,0,0,0,0,0,0,0,No,0,2,0,1,0,0,MELB_URBAN,MELB_URBAN,WYNDHAM,METROPOLITAN NORTH WEST REGION,2018,2,February,WERRIBEE
145.01962999208558,-37.678989672107306,3464346,8/2/2018,06.00.00,Yes,Collision with vehicle,Thursday,REAR END(VEHICLES IN SAME LANE),Unk.,145.01963,-37.67899,WHITTLESEA,METROPOLITAN NORTH WEST REGION,2,1,0,1,0,1,1,0,1,0,0,0,0,0,1,0,0,0,0,0,No,0,2,0,0,0,0,MELB_URBAN,MELB_URBAN,WHITTLESEA,METROPOLITAN NORTH WEST REGION,2018,2,February,THOMASTOWN
144.93396270860293,-37.78255061139525,3464361,13/2/2018,08.00.00,No,Collision with vehicle,Tuesday,LEFT TURN SIDESWIPE,Day,144.93396,-37.78255,MOONEE VALLEY,METROPOLITAN NORTH WEST REGION,2,1,0,0,1,1,2,0,1,0,1,0,0,0,0,0,0,0,0,0,No,0,2,0,1,0,0,MELB_URBAN,MELB_URBAN,MOONEE VALLEY,METROPOLITAN NORTH WEST REGION,2018,2,February,FLEMINGTON
144.9862979995084,-37.80528266824012,3464363,19/2/2018,18.30.00,Yes,Collision with vehicle,Monday,RIGHT THROUGH,Day,144.9863,-37.805279999999996,YARRA,METROPOLITAN NORTH WEST REGION,2,1,0,0,1,1,2,0,1,0,1,0,0,0,0,0,0,0,0,0,No,0,2,0,1,0,0,MELB_URBAN,MELB_URBAN,YARRA,METROPOLITAN NORTH WEST REGION,2018,2,February,COLLINGWOOD
144.8627309826115,-37.76823829532381,3464367,22/2/2018,17.25.00,No,Collision with vehicle,Thursday,CROSS TRAFFIC(INTERSECTIONS ONLY),Day,144.86273,-37.768240000000006,MOONEE VALLEY,METROPOLITAN NORTH WEST REGION,2,1,0,0,1,1,2,0,1,0,1,0,0,0,0,0,0,0,1,0,No,0,2,0,1,0,0,MELB_URBAN,MELB_URBAN,MOONEE VALLEY,METROPOLITAN NORTH WEST REGION,2018,2,February,AVONDALE HEIGHTS
144.92825305935511,-37.74349076138528,3464377,4/2/2018,09.15.00,Yes,Collision with vehicle,Sunday,RIGHT TURN SIDESWIPE,Day,144.92825,-37.74349,MOONEE VALLEY,METROPOLITAN NORTH WEST REGION,3,1,0,0,1,2,2,1,2,0,1,0,0,0,0,0,0,0,0,0,No,0,3,0,1,0,0,MELB_URBAN,MELB_URBAN,MOONEE VALLEY,METROPOLITAN NORTH WEST REGION,2018,2,February,ESSENDON
144.97726417380545,-38.328455760968815,3464379,4/2/2018,08.59.00,Yes,Collision with vehicle,Sunday,RIGHT THROUGH,Day,144.97726,-38.32846,MORNINGTON PENINSULA,METROPOLITAN SOUTH EAST REGION,2,1,0,0,1,1,1,1,1,0,1,0,0,0,0,0,0,0,0,0,No,0,2,0,1,0,0,MELB_URBAN,MELB_URBAN,MORNINGTON PENINSULA,METROPOLITAN SOUTH EAST REGION,2018,2,February,SAFETY BEACH
144.8755372591559,-37.738713493690035,3464381,4/2/2018,12.15.00,No,Collision with vehicle,,U TURN,Day,144.87554,-37.73871,MOONEE VALLEY,METROPOLITAN NORTH WEST REGION,2,1,0,0,1,1,2,0,1,0,1,0,0,0,0,0,0,0,0,0,No,0,2,0,1,0,0,MELB_URBAN,MELB_URBAN,MOONEE VALLEY,METROPOLITAN NORTH WEST REGION,2018,2,February,KEILOR EAST
145.0370601125496,-37.8847399416533,3464419,23/2/2018,09.18.00,No,Collision with vehicle,Friday,VEHICLE STRIKES DOOR OF PARKED/STATIONARY VEHICLE,Day,145.03706,-37.88474,GLEN EIRA,METROPOLITAN SOUTH EAST REGION,2,1,0,1,0,1,1,1,1,0,1,0,0,0,0,0,0,0,0,0,No,0,2,0,1,0,0,MELB_URBAN,MELB_URBAN,GLEN EIRA,METROPOLITAN SOUTH EAST REGION,2018,2,February,CAULFIELD EAST
144.97896841011783,-37.79536394391372,3464427,24/1/2018,17.15.00,No,Collision with vehicle,Wednesday,RIGHT NEAR (INTERSECTIONS ONLY),Dusk/Dawn,144.97897,-37.795359999999995,YARRA,METROPOLITAN NORTH WEST REGION,2,1,0,0,1,1,2,0,1,0,1,0,0,0,0,0,0,0,0,0,No,0,2,0,1,0,0,MELB_URBAN,MELB_URBAN,YARRA,METROPOLITAN NORTH WEST REGION,2018,1,January,FITZROY
144.95109953467585,-37.80321699800466,3464430,4/2/2018,18.40.00,No,Collision with vehicle,,CROSS TRAFFIC(INTERSECTIONS ONLY),Day,144.9511,-37.80322,MELBOURNE,METROPOLITAN NORTH WEST REGION,2,1,0,0,1,1,2,0,1,0,1,0,0,0,0,0,0,0,0,0,No,0,2,0,1,0,0,MELB_URBAN,MELB_URBAN,MELBOURNE,METROPOLITAN NORTH WEST REGION,2018,2,February,NORTH MELBOURNE
145.04359982423887,-37.823590882157305,3464433,4/2/2018,16.55.00,Yes,Collision with vehicle,Sunday,VEHICLE STRIKES DOOR OF PARKED/STATIONARY VEHICLE,Day,145.0436,-37.82359,BOROONDARA,METROPOLITAN SOUTH EAST REGION,2,1,0,0,1,1,1,1,1,0,1,0,0,0,0,0,0,0,0,0,No,0,2,0,1,0,0,MELB_URBAN,MELB_URBAN,BOROONDARA,METROPOLITAN SOUTH EAST REGION,2018,2,February,HAWTHORN
145.02849712989044,-37.91671968207505,3464435,4/2/2018,10.15.00,No,Collision with vehicle,Sunday,VEHICLE STRIKES DOOR OF PARKED/STATIONARY VEHICLE,Day,145.0285,-37.91672,GLEN EIRA,METROPOLITAN SOUTH EAST REGION,2,1,0,0,1,1,1,1,1,0,1,0,0,0,0,0,0,0,1,0,No,0,2,0,1,0,0,MELB_URBAN,MELB_URBAN,GLEN EIRA,METROPOLITAN SOUTH EAST REGION,2018,2,February,BENTLEIGH
144.99732026847875,-37.909232564449376,3464442,11/2/2018,09.05.00,Yes,Collision with vehicle,Sunday,CROSS TRAFFIC(INTERSECTIONS ONLY),Day,144.99732,-37.90923,BAYSIDE,METROPOLITAN SOUTH EAST REGION,2,1,0,0,1,1,1,1,1,0,1,0,0,0,0,0,0,0,0,0,No,0,2,0,1,0,0,MELB_URBAN,MELB_URBAN,BAYSIDE,METROPOLITAN SOUTH EAST REGION,2018,2,February,BRIGHTON
145.01691780641187,-37.87601973172667,3464450,9/2/2018,20.40.00,Yes,Collision with vehicle,Friday,VEHICLE STRIKES DOOR OF PARKED/STATIONARY VEHICLE,Dusk/Dawn,145.01692,-37.876020000000004,GLEN EIRA,METROPOLITAN SOUTH EAST REGION,2,1,0,0,1,1,2,0,1,0,1,0,0,0,0,0,1,0,0,0,No,0,2,0,1,0,0,MELB_URBAN,MELB_URBAN,GLEN EIRA,METROPOLITAN SOUTH EAST REGION,2018,2,February,CAULFIELD NORTH
145.11595380272658,-38.05234892853754,3464454,17/2/2018,08.00.00,Yes,Collision with vehicle,Saturday,LANE SIDE SWIPE (VEHICLES IN PARALLEL LANES),Day,145.11595,-38.05235,KINGSTON,METROPOLITAN SOUTH EAST REGION,3,1,0,1,0,2,1,2,1,0,2,0,0,0,0,0,0,0,0,0,No,0,3,0,2,0,0,MELB_URBAN,MELB_URBAN,KINGSTON,METROPOLITAN SOUTH EAST REGION,2018,2,February,CHELSEA
145.01182067638928,-37.969532339881454,3464457,17/2/2018,13.10.00,No,Collision with vehicle,Saturday,OTHER ADJACENT (INTERSECTIONS ONLY),Day,145.01182,-37.96953,BAYSIDE,METROPOLITAN SOUTH EAST REGION,2,1,0,0,1,1,1,1,1,0,1,0,0,0,0,0,0,0,0,0,No,0,2,0,1,0,0,MELB_URBAN,MELB_URBAN,BAYSIDE,METROPOLITAN SOUTH EAST REGION,2018,2,February,BLACK ROCK
144.83721939544859,-37.87120752636673,3464462,17/2/2018,07.46.00,Yes,Collision with vehicle,Saturday,REAR END(VEHICLES IN SAME LANE),Day,144.83722,-37.87121,HOBSONS BAY,METROPOLITAN NORTH WEST REGION,3,1,0,1,0,2,3,0,2,0,1,0,0,0,0,0,0,0,0,0,No,0,4,0,2,0,0,MELB_URBAN,MELB_URBAN,HOBSONS BAY,METROPOLITAN NORTH WEST REGION,2018,2,February,ALTONA
144.9891649314742,-37.7438078822432,3464474,23/2/2018,08.30.00,No,Collision with vehicle,Friday,VEHICLE OFF FOOTPATH STRIKES VEH ON CARRIAGEWAY,Day,144.98916,-37.743809999999996,DAREBIN,METROPOLITAN NORTH WEST REGION,2,1,0,0,1,1,1,0,1,0,0,0,0,0,1,1,0,0,0,0,No,0,2,0,0,0,0,MELB_URBAN,MELB_URBAN,DAREBIN,METROPOLITAN NORTH WEST REGION,2018,2,February,PRESTON
144.7535606247718,-37.90023327236048,3464487,5/2/2018,06.00.00,Yes,Collision with vehicle,Monday,LEFT NEAR (INTERSECTIONS ONLY),Day,144.75356000000002,-37.90023,WYNDHAM,METROPOLITAN NORTH WEST REGION,2,1,0,0,1,1,2,0,1,0,0,0,0,0,1,0,0,0,0,0,No,0,2,0,0,0,0,MELB_URBAN,MELB_URBAN,WYNDHAM,METROPOLITAN NORTH WEST REGION,2018,2,February,POINT COOK
144.98906712349654,-37.83865725715817,3464492,10/2/2018,19.35.00,Yes,Collision with vehicle,Friday,RIGHT THROUGH,Day,144.98907,-37.83866,STONNINGTON,METROPOLITAN SOUTH EAST REGION,2,1,0,0,1,1,1,1,1,0,1,0,0,0,0,0,0,0,0,0,No,0,2,0,1,0,0,MELB_URBAN,MELB_URBAN,STONNINGTON,METROPOLITAN SOUTH EAST REGION,2018,2,February,SOUTH YARRA
144.9297406864153,-37.73256642684093,3464503,6/2/2018,07.58.00,No,Collision with vehicle,Tuesday,HEAD ON (NOT OVERTAKING),Day,144.92973999999998,-37.73257,MORELAND,METROPOLITAN NORTH WEST REGION,2,1,0,0,1,1,1,1,1,0,1,0,0,0,0,0,0,0,0,0,No,0,2,0,1,0,0,MELB_URBAN,MELB_URBAN,MORELAND,METROPOLITAN NORTH WEST REGION,2018,2,February,PASCOE VALE
144.9850235259578,-37.84568749019864,3464505,17/2/2018,13.30.00,No,Collision with vehicle,Saturday,REAR END(VEHICLES IN SAME LANE),Day,144.98502,-37.845690000000005,STONNINGTON,METROPOLITAN NORTH WEST REGION,2,1,0,0,1,1,2,0,1,0,0,0,0,1,0,0,0,0,0,0,No,0,2,0,0,1,0,MELB_URBAN,MELB_URBAN,"STONNINGTON,MELBOURNE","METROPOLITAN NORTH WEST REGION,METROPOLITAN SOUTH EAST REGION",2018,2,February,MELBOURNE
144.96703834875328,-37.815346473158,3464517,15/2/2018,09.00.00,No,Collision with vehicle,Wednesday,LANE CHANGE LEFT (NOT OVERTAKING),Day,144.96704,-37.81535,MELBOURNE,METROPOLITAN NORTH WEST REGION,2,1,0,0,1,1,2,0,1,0,0,0,0,1,0,0,0,0,0,0,No,0,2,0,0,1,0,MELBOURNE_CBD,MELBOURNE_CBD,MELBOURNE,METROPOLITAN NORTH WEST REGION,2018,2,February,MELBOURNE
146.3128151406594,-36.341279324849864,3464521,23/2/2018,16.12.00,No,Collision with vehicle,Thursday,VEHICLE STRIKES ANOTHER VEH WHILE EMERGING FROM DRIVEWAY,Day,146.31282,-36.34128,WANGARATTA,NORTH EASTERN REGION,2,1,0,1,0,1,2,0,1,0,1,0,0,0,0,0,1,0,0,0,No,0,2,0,1,0,0,SMALL_CITIES,SMALL_CITIES,WANGARATTA,NORTH EASTERN REGION,2018,2,February,WANGARATTA
144.67136795132018,-37.881848677658475,3464539,5/2/2018,19.05.00,Yes,Collision with vehicle,Monday,VEHICLE STRIKES ANOTHER VEH WHILE EMERGING FROM DRIVEWAY,Day,144.67137,-37.88185,WYNDHAM,METROPOLITAN NORTH WEST REGION,2,1,0,0,1,1,1,1,1,0,1,0,0,0,0,1,0,0,0,0,No,0,2,0,1,0,0,MELB_URBAN,MELB_URBAN,WYNDHAM,METROPOLITAN NORTH WEST REGION,2018,2,February,WERRIBEE
144.98612710759775,-37.76773011881717,3464552,12/2/2018,10.53.00,No,Collision with vehicle,Monday,RIGHT TURN SIDESWIPE,Day,144.98613,-37.76773,DAREBIN,METROPOLITAN NORTH WEST REGION,2,1,0,0,1,1,2,0,1,0,1,0,0,0,0,0,0,0,0,1,No,0,2,0,1,0,0,MELB_URBAN,MELB_URBAN,DAREBIN,METROPOLITAN NORTH WEST REGION,2018,2,February,NORTHCOTE
145.228495557628,-37.94792870411163,3464558,18/2/2018,07.00.00,Yes,Collision with vehicle,Sunday,LANE SIDE SWIPE (VEHICLES IN PARALLEL LANES),Day,145.2285,-37.94793,KNOX,METROPOLITAN SOUTH EAST REGION,2,1,0,1,0,1,1,1,1,0,1,0,0,0,0,0,0,0,0,1,No,0,2,0,1,0,0,MELB_URBAN,MELB_URBAN,KNOX,METROPOLITAN SOUTH EAST REGION,2018,2,February,ROWVILLE
144.98585708377988,-37.91182965442405,3464560,18/2/2018,09.15.00,Yes,Struck Pedestrian,Sunday,FAR SIDE. PED HIT BY VEHICLE FROM THE LEFT,Day,144.98586,-37.91183,BAYSIDE,METROPOLITAN SOUTH EAST REGION,2,2,0,1,1,0,2,0,1,0,0,1,0,0,0,0,0,0,0,0,No,0,1,0,0,0,0,MELB_URBAN,MELB_URBAN,BAYSIDE,METROPOLITAN SOUTH EAST REGION,2018,2,February,BRIGHTON
144.27402860987146,-36.75200068735748,3464566,17/2/2018,22.50.00,Yes,Collision with vehicle,Saturday,VEHICLE COLLIDES WITH VEHICLE PARKED ON LEFT OF ROAD,Dark Street lights on,144.27403,-36.751999999999995,BENDIGO,NORTHERN REGION,1,1,0,1,0,0,1,0,1,0,0,0,0,0,0,0,0,0,0,0,Yes,0,2,0,1,0,0,LARGE_PROVINCIAL_CITIES,LARGE_PROVINCIAL_CITIES,BENDIGO,NORTHERN REGION,2018,2,February,BENDIGO
145.04247545489562,-37.90425744491026,3464577,24/2/2018,09.40.00,No,Collision with vehicle,Saturday,RIGHT THROUGH,Day,145.04248,-37.90426,GLEN EIRA,METROPOLITAN SOUTH EAST REGION,3,1,0,0,1,2,1,2,1,0,2,0,0,0,0,0,0,0,0,0,No,0,3,0,2,0,0,MELB_URBAN,MELB_URBAN,GLEN EIRA,METROPOLITAN SOUTH EAST REGION,2018,2,February,ORMOND
144.9818113383501,-37.785665930644896,3464580,23/2/2018,18.30.00,Yes,Collision with vehicle,Friday,RIGHT NEAR (INTERSECTIONS ONLY),Unk.,144.98181,-37.78567,YARRA,METROPOLITAN NORTH WEST REGION,2,1,0,0,1,1,1,1,1,0,1,0,0,0,0,0,0,0,0,0,No,0,2,0,1,0,0,MELB_URBAN,MELB_URBAN,YARRA,METROPOLITAN NORTH WEST REGION,2018,2,February,FITZROY NORTH
144.41182978706155,-38.02258015749084,3464600,12/2/2018,15.45.00,No,Collision with vehicle,Monday,VEHICLE OFF FOOTPATH STRIKES VEH ON CARRIAGEWAY,Day,144.41183,-38.02258,GEELONG,SOUTH WESTERN REGION,2,1,0,0,1,1,1,1,1,0,1,0,0,0,0,1,0,0,0,0,No,0,2,0,1,0,0,SMALL_CITIES,SMALL_CITIES,GEELONG,SOUTH WESTERN REGION,2018,2,February,LARA
143.84938379876758,-37.55022044586718,3464608,12/2/2018,18.24.00,Yes,Collision with vehicle,Sunday,VEHICLE STRIKES ANOTHER VEH WHILE EMERGING FROM DRIVEWAY,Day,143.84938,-37.55022,BALLARAT,WESTERN REGION,2,1,0,0,1,1,2,0,1,0,1,0,0,0,0,0,1,0,0,0,No,0,2,0,1,0,0,LARGE_PROVINCIAL_CITIES,LARGE_PROVINCIAL_CITIES,BALLARAT,WESTERN REGION,2018,2,February,LAKE WENDOUREE
145.18373687004015,-37.81776939247502,3464611,16/2/2018,17.45.00,No,Collision with vehicle,Thursday,LEFT TURN SIDESWIPE,Day,145.18374,-37.81777,WHITEHORSE,METROPOLITAN SOUTH EAST REGION,2,1,0,0,1,1,1,1,1,0,1,0,0,0,0,0,0,0,0,0,No,0,2,0,1,0,0,MELB_URBAN,MELB_URBAN,WHITEHORSE,METROPOLITAN SOUTH EAST REGION,2018,2,February,NUNAWADING
144.35609985285413,-38.07385071828424,3464623,21/2/2018,17.25.00,No,Collision with vehicle,Tuesday,RIGHT THROUGH,Day,144.3561,-38.07385,GEELONG,SOUTH WESTERN REGION,3,1,0,0,1,2,3,0,1,1,1,0,0,0,0,0,0,0,0,1,No,1,2,0,1,0,0,LARGE_PROVINCIAL_CITIES,LARGE_PROVINCIAL_CITIES,GEELONG,SOUTH WESTERN REGION,2018,2,February,CORIO
145.27521787909063,-37.88204751802937,3464629,23/2/2018,16.30.00,Yes,Collision with vehicle,Friday,RIGHT THROUGH,Day,145.27522,-37.88205,KNOX,METROPOLITAN SOUTH EAST REGION,2,1,0,1,0,1,1,1,1,0,1,0,0,0,0,0,0,0,0,0,No,0,2,0,1,0,0,MELB_URBAN,MELB_URBAN,KNOX,METROPOLITAN SOUTH EAST REGION,2018,2,February,FERNTREE GULLY
144.92810987300325,-37.7880107506976,3464631,24/2/2018,14.30.00,Yes,Struck Pedestrian,Saturday,PED EMERGES FROM IN FRONT OF PARKED OR STATIONARY VEHICLE,Day,144.92811,-37.78801,MELBOURNE,METROPOLITAN NORTH WEST REGION,2,2,0,0,2,0,2,0,1,0,0,1,0,0,0,0,0,1,0,0,No,0,1,0,0,0,0,MELB_URBAN,MELB_URBAN,"MOONEE VALLEY,MELBOURNE",METROPOLITAN NORTH WEST REGION,2018,2,February,KENSINGTON
144.3313777805255,-38.20190807783936,3464635,6/2/2018,08.54.00,No,Collision with vehicle,Tuesday,CROSS TRAFFIC(INTERSECTIONS ONLY),Day,144.33138,-38.20191,GEELONG,SOUTH WESTERN REGION,2,1,0,1,0,1,1,1,1,0,1,0,0,0,0,0,0,0,0,0,No,0,2,0,1,0,0,LARGE_PROVINCIAL_CITIES,LARGE_PROVINCIAL_CITIES,GEELONG,SOUTH WESTERN REGION,2018,2,February,GROVEDALE
144.9325495965446,-37.79471222570527,3464637,6/2/2018,08.50.00,No,Collision with vehicle,Tuesday,RIGHT THROUGH,Day,144.93255,-37.794709999999995,MELBOURNE,METROPOLITAN NORTH WEST REGION,2,1,0,0,1,1,2,0,1,0,1,0,0,0,0,0,1,0,0,0,No,0,2,0,1,0,0,MELB_URBAN,MELB_URBAN,MELBOURNE,METROPOLITAN NORTH WEST REGION,2018,2,February,KENSINGTON
144.97886984809003,-37.79595094440165,3464639,6/2/2018,12.45.00,No,Collision with vehicle,Tuesday,VEHICLE STRIKES DOOR OF PARKED/STATIONARY VEHICLE,Unk.,144.97887,-37.79595,YARRA,METROPOLITAN NORTH WEST REGION,2,1,0,0,1,1,0,1,1,0,1,0,0,0,0,0,0,0,0,0,No,0,2,0,1,0,0,MELB_URBAN,MELB_URBAN,YARRA,METROPOLITAN NORTH WEST REGION,2018,2,February,FITZROY
144.9843224868806,-37.806519599603455,3464648,12/2/2018,17.20.00,No,Collision with vehicle,Monday,LEFT TURN SIDESWIPE,Day,144.98432,-37.80652,YARRA,METROPOLITAN NORTH WEST REGION,2,1,0,0,1,1,2,0,1,0,1,0,0,0,0,0,0,0,0,0,No,0,2,0,1,0,0,MELB_URBAN,MELB_URBAN,YARRA,METROPOLITAN NORTH WEST REGION,2018,2,February,COLLINGWOOD
145.06708279605786,-37.98743929827885,3464656,13/2/2018,08.25.00,No,Collision with vehicle,Tuesday,VEHICLE STRIKES DOOR OF PARKED/STATIONARY VEHICLE,Day,145.06708,-37.98744,KINGSTON,METROPOLITAN SOUTH EAST REGION,3,1,0,0,1,2,2,1,1,1,1,0,0,0,0,0,1,0,0,0,No,0,2,0,1,0,0,MELB_URBAN,MELB_URBAN,KINGSTON,METROPOLITAN SOUTH EAST REGION,2018,2,February,MENTONE
144.9648640716114,-37.83175617971186,3464664,19/2/2018,08.10.00,No,Collision with vehicle,Monday,LEFT TURN SIDESWIPE,Day,144.96486000000002,-37.831759999999996,PORT PHILLIP,METROPOLITAN NORTH WEST REGION,2,1,0,0,1,1,1,1,1,0,1,0,0,0,0,0,0,0,0,0,No,0,2,0,1,0,0,MELB_URBAN,MELB_URBAN,PORT PHILLIP,METROPOLITAN NORTH WEST REGION,2018,2,February,SOUTH MELBOURNE
145.05095213912202,-37.89530464972578,3464672,16/2/2018,12.40.00,No,Collision with vehicle,Friday,CROSS TRAFFIC(INTERSECTIONS ONLY),Day,145.05095,-37.8953,GLEN EIRA,METROPOLITAN SOUTH EAST REGION,2,1,0,1,0,1,2,0,1,0,1,0,0,0,0,0,0,0,0,0,No,0,2,0,1,0,0,MELB_URBAN,MELB_URBAN,GLEN EIRA,METROPOLITAN SOUTH EAST REGION,2018,2,February,CARNEGIE
145.00420769217325,-37.877685644564,3464697,7/2/2018,07.10.00,No,Collision with vehicle,Wednesday,RIGHT THROUGH,Day,145.00421,-37.87769,GLEN EIRA,METROPOLITAN SOUTH EAST REGION,2,1,0,1,0,1,1,1,1,0,1,0,0,0,0,0,0,0,0,0,No,0,2,0,1,0,0,MELB_URBAN,MELB_URBAN,GLEN EIRA,METROPOLITAN SOUTH EAST REGION,2018,2,February,ELSTERNWICK
144.94364038752008,-37.81336016889457,3464706,12/2/2018,17.50.00,Yes,Collision with vehicle,Sunday,LEFT TURN SIDESWIPE,Day,144.94364,-37.813359999999996,MELBOURNE,METROPOLITAN NORTH WEST REGION,2,1,0,0,1,1,2,0,1,0,1,0,0,0,0,0,0,0,0,0,No,0,2,0,1,0,0,MELB_URBAN,MELB_URBAN,MELBOURNE,METROPOLITAN NORTH WEST REGION,2018,2,February,DOCKLANDS
144.8278599966431,-37.87058043702436,3464711,13/2/2018,09.20.00,No,Collision with vehicle,Tuesday,ENTERING PARKING,Day,144.82786000000002,-37.87058,HOBSONS BAY,METROPOLITAN NORTH WEST REGION,2,1,0,0,1,1,1,1,1,0,1,0,0,0,0,0,0,0,0,1,No,0,2,0,1,0,0,MELB_URBAN,MELB_URBAN,HOBSONS BAY,METROPOLITAN NORTH WEST REGION,2018,2,February,ALTONA
144.95572868775804,-37.81195706589233,3464717,19/2/2018,09.30.00,No,Collision with vehicle,Monday,VEHICLE STRIKES DOOR OF PARKED/STATIONARY VEHICLE,Day,144.95573000000002,-37.81196,MELBOURNE,METROPOLITAN NORTH WEST REGION,3,1,0,0,1,2,3,0,1,1,1,0,0,0,0,0,0,0,0,0,No,0,2,0,1,0,0,MELBOURNE_CBD,"MELBOURNE_CBD,MELB_URBAN",MELBOURNE,METROPOLITAN NORTH WEST REGION,2018,2,February,MELBOURNE
144.98111332445444,-37.79618896022364,3464720,9/2/2018,20.30.00,Yes,Collision with vehicle,Friday,CROSS TRAFFIC(INTERSECTIONS ONLY),Dusk/Dawn,144.98111,-37.79619,YARRA,METROPOLITAN NORTH WEST REGION,2,1,0,0,1,1,2,0,1,0,1,0,0,0,0,0,0,0,0,0,No,0,2,0,1,0,0,MELB_URBAN,MELB_URBAN,YARRA,METROPOLITAN NORTH WEST REGION,2018,2,February,FITZROY
144.95948646964987,-37.80414375565357,3467761,14/5/2018,10.14.00,No,Collision with vehicle,Sunday,RIGHT THROUGH,Day,144.95949,-37.804140000000004,MELBOURNE,METROPOLITAN NORTH WEST REGION,2,1,0,0,1,1,1,1,1,0,1,0,0,0,0,0,0,0,0,0,No,0,2,0,1,0,0,MELB_URBAN,MELB_URBAN,MELBOURNE,METROPOLITAN NORTH WEST REGION,2018,5,May,CARLTON