X,Y,OBJECTID,ACCIDENT_DATE,ACCIDENT_TIME,ALCOHOLTIME,ACCIDENT_TYPE,DAY_OF_WEEK,DCA_CODE,LIGHT_CONDITION,LONGITUDE,LATITUDE,LGA_NAME,REGION_NAME,TOTAL_PERSONS,INJ_OR_FATAL,FATALITY,SERIOUSINJURY,OTHERINJURY,NONINJURED,MALES,FEMALES,BICYCLIST,PASSENGER,DRIVER,PEDESTRIAN,PILLION,MOTORIST,UNKNOWN,PED_CYCLIST_5_12,PED_CYCLIST_13_18,OLD_PEDESTRIAN,OLD_DRIVER,YOUNG_DRIVER,ALCOHOL_RELATED,UNLICENCSED,NO_OF_VEHICLES,HEAVYVEHICLE,PASSENGERVEHICLE,MOTORCYCLE,PUBLICVEHICLE,DEG_URBAN_NAME,DEG_URBAN_ALL,LGA_NAME_ALL,REGION_NAME_ALL,Year,Month,Month_name,Suburb
146.87372742125999,-36.12657383127262,3474841,23/11/2018,20.45.00,Yes,Collision with vehicle,Thursday,RIGHT NEAR (INTERSECTIONS ONLY),Dark Street lights on,146.87373,-36.12657,WODONGA,NORTH EASTERN REGION,2,1,0,0,1,1,1,1,1,0,1,0,0,0,0,0,0,0,0,1,No,0,2,0,1,0,0,SMALL_CITIES,SMALL_CITIES,WODONGA,NORTH EASTERN REGION,2018,11,November,WODONGA
145.39280892543664,-36.41000350898626,3474909,9/12/2018,11.05.00,No,Collision with vehicle,,LANE SIDE SWIPE (VEHICLES IN PARALLEL LANES),Day,145.39281,-36.41,SHEPPARTON,NORTH EASTERN REGION,2,1,0,0,1,1,1,1,1,0,1,0,0,0,0,0,0,0,0,0,No,0,2,0,1,0,0,SMALL_CITIES,SMALL_CITIES,SHEPPARTON,NORTH EASTERN REGION,2018,12,December,KIALLA
144.98849867316608,-37.77789921376819,3474912,5/12/2018,17.30.00,No,Collision with vehicle,Wednesday,LEFT TURN SIDESWIPE,Day,144.9885,-37.7779,YARRA,METROPOLITAN NORTH WEST REGION,2,1,0,0,1,1,1,0,1,0,0,0,0,0,1,0,0,0,0,0,No,0,2,0,0,0,0,MELB_URBAN,MELB_URBAN,YARRA,METROPOLITAN NORTH WEST REGION,2018,12,December,FITZROY NORTH
145.20165688987967,-37.87673753709781,3474915,9/12/2018,16.00.00,No,Collision with vehicle,,VEHICLE STRIKES ANOTHER VEH WHILE EMERGING FROM DRIVEWAY,Day,145.20166,-37.876740000000005,KNOX,METROPOLITAN SOUTH EAST REGION,2,1,0,1,0,1,2,0,1,0,1,0,0,0,0,0,0,0,0,0,No,0,2,0,1,0,0,MELB_URBAN,MELB_URBAN,KNOX,METROPOLITAN SOUTH EAST REGION,2018,12,December,WANTIRNA SOUTH
144.76089576485043,-37.76489146346567,3474920,18/11/2018,18.30.00,Yes,Collision with vehicle,Sunday,VEHICLE STRIKES DOOR OF PARKED/STATIONARY VEHICLE,Day,144.7609,-37.76489,BRIMBANK,METROPOLITAN NORTH WEST REGION,1,1,0,0,1,0,1,0,1,0,0,0,0,0,0,0,0,0,0,0,No,0,2,0,1,0,0,MELB_URBAN,MELB_URBAN,BRIMBANK,METROPOLITAN NORTH WEST REGION,2018,11,November,DEER PARK
144.99604354703084,-37.83740815364427,3474935,19/11/2018,07.30.00,Yes,Collision with vehicle,Sunday,LEFT TURN SIDESWIPE,Day,144.99604,-37.83741,STONNINGTON,METROPOLITAN SOUTH EAST REGION,2,1,0,0,1,1,2,0,1,0,1,0,0,0,0,0,0,0,0,0,No,0,2,0,1,0,0,MELB_URBAN,MELB_URBAN,STONNINGTON,METROPOLITAN SOUTH EAST REGION,2018,11,November,SOUTH YARRA
145.1047726602093,-37.821204869526255,3474942,22/11/2018,18.15.00,Yes,Collision with vehicle,Wednesday,PULLING OUT (OVERTAKING),Day,145.10477,-37.8212,WHITEHORSE,METROPOLITAN SOUTH EAST REGION,2,1,0,0,1,1,2,0,1,0,1,0,0,0,0,0,0,0,0,0,No,0,2,0,1,0,0,MELB_URBAN,MELB_URBAN,WHITEHORSE,METROPOLITAN SOUTH EAST REGION,2018,11,November,MONT ALBERT
145.12384980703246,-38.193780728897536,3474974,19/11/2018,09.00.00,No,Collision with vehicle,Monday,OTHER OPPOSING MANOEUVRES NOT INCLUDED IN DCAs 120-125.,Day,145.12385,-38.19378,FRANKSTON,METROPOLITAN SOUTH EAST REGION,3,1,0,1,0,2,2,1,1,1,1,0,0,0,0,0,0,0,0,0,No,0,2,0,1,0,0,MELB_URBAN,MELB_URBAN,"FRANKSTON,MORNINGTON PENINSULA",METROPOLITAN SOUTH EAST REGION,2018,11,November,FRANKSTON SOUTH
145.00289351130175,-37.81894666139362,3474976,15/11/2018,14.30.00,No,Collision with vehicle,Thursday,VEHICLE STRIKES DOOR OF PARKED/STATIONARY VEHICLE,Day,145.00288999999998,-37.81895,YARRA,METROPOLITAN NORTH WEST REGION,2,1,0,0,1,1,0,2,1,0,1,0,0,0,0,0,0,0,0,0,No,0,2,0,1,0,0,MELB_URBAN,MELB_URBAN,YARRA,METROPOLITAN NORTH WEST REGION,2018,11,November,RICHMOND
144.9968986280972,-37.818333974453886,3474982,19/11/2018,09.30.00,No,No collision and no object struck,Monday,OUT OF CONTROL ON CARRIAGEWAY (ON STRAIGHT),Day,144.9969,-37.818329999999996,YARRA,METROPOLITAN NORTH WEST REGION,2,1,0,0,1,1,1,0,1,0,0,0,0,0,1,0,0,0,0,0,No,0,2,0,0,0,0,MELB_URBAN,MELB_URBAN,YARRA,METROPOLITAN NORTH WEST REGION,2018,11,November,RICHMOND
144.96141565125146,-37.771191500194114,3475010,3/12/2018,15.00.00,No,Collision with vehicle,Sunday,LANE CHANGE LEFT (NOT OVERTAKING),Unk.,144.96142,-37.771190000000004,MORELAND,METROPOLITAN NORTH WEST REGION,2,1,0,0,1,1,1,0,1,0,1,0,0,0,0,0,0,0,0,0,No,0,2,0,1,0,0,MELB_URBAN,MELB_URBAN,MORELAND,METROPOLITAN NORTH WEST REGION,2018,12,December,BRUNSWICK
144.95494641336867,-37.81217752099506,3475011,10/12/2018,08.35.00,Yes,Collision with vehicle,Sunday,OTHER SAME DIRECTION-MANOUEVRES NOT INCLUDED IN DCAs 130-137,Day,144.95495,-37.81218,MELBOURNE,METROPOLITAN NORTH WEST REGION,2,1,0,0,1,1,2,0,1,0,1,0,0,0,0,0,0,0,0,0,No,0,2,0,1,0,0,MELBOURNE_CBD,"MELBOURNE_CBD,MELB_URBAN",MELBOURNE,METROPOLITAN NORTH WEST REGION,2018,12,December,MELBOURNE
144.9699866185234,-37.77575005506585,3475032,20/11/2018,00.19.00,Yes,Collision with a fixed object,Tuesday,LEFT OFF CARRIAGEWAY INTO OBJECT/PARKED VEHICLE,Dark No street lights,144.96999,-37.77575,MORELAND,METROPOLITAN NORTH WEST REGION,1,1,0,0,1,0,0,1,1,0,0,0,0,0,0,0,0,0,0,0,No,0,1,0,0,0,0,MELB_URBAN,MELB_URBAN,MORELAND,METROPOLITAN NORTH WEST REGION,2018,11,November,BRUNSWICK
144.96222789806782,-37.8100622656168,3475060,4/12/2018,10.27.00,No,Collision with vehicle,Monday,LEFT TURN SIDESWIPE,Day,144.96223,-37.81006,MELBOURNE,METROPOLITAN NORTH WEST REGION,2,1,0,0,1,1,1,1,1,0,1,0,0,0,0,0,0,0,0,0,No,0,2,0,1,0,0,MELBOURNE_CBD,"MELBOURNE_CBD,MELB_URBAN",MELBOURNE,METROPOLITAN NORTH WEST REGION,2018,12,December,MELBOURNE
144.96508598294002,-37.812334376740964,3475069,10/12/2018,21.20.00,Yes,Collision with vehicle,Monday,LANE CHANGE RIGHT (NOT OVERTAKING),Dark Street lights on,144.96509,-37.812329999999996,MELBOURNE,METROPOLITAN NORTH WEST REGION,2,1,0,0,1,1,2,0,1,0,1,0,0,0,0,0,0,0,0,0,No,0,2,0,0,0,1,MELBOURNE_CBD,MELBOURNE_CBD,MELBOURNE,METROPOLITAN NORTH WEST REGION,2018,12,December,MELBOURNE
145.0017695946591,-37.93643530884417,3475075,10/12/2018,17.50.00,No,Collision with vehicle,Monday,PULLING OUT (OVERTAKING),Day,145.00177,-37.936440000000005,BAYSIDE,METROPOLITAN SOUTH EAST REGION,2,1,0,0,1,1,2,0,1,0,1,0,0,0,0,0,0,0,0,0,No,0,2,0,1,0,0,MELB_URBAN,MELB_URBAN,BAYSIDE,METROPOLITAN SOUTH EAST REGION,2018,12,December,HAMPTON
144.98804861667543,-37.869700942163135,3475077,20/11/2018,09.00.00,No,Collision with vehicle,Monday,RIGHT THROUGH,Day,144.98805,-37.8697,PORT PHILLIP,METROPOLITAN NORTH WEST REGION,2,1,0,0,1,1,1,1,1,0,1,0,0,0,0,0,0,0,0,0,No,0,2,0,1,0,0,MELB_URBAN,MELB_URBAN,PORT PHILLIP,METROPOLITAN NORTH WEST REGION,2018,11,November,ST KILDA
145.00705927573375,-37.82668406893613,3475087,17/11/2018,07.00.00,No,Collision with vehicle,Friday,LANE SIDE SWIPE (VEHICLES IN PARALLEL LANES),Unk.,145.00706,-37.826679999999996,YARRA,METROPOLITAN NORTH WEST REGION,2,1,0,0,1,1,1,0,1,0,1,0,0,0,0,0,0,0,0,0,No,0,2,0,1,0,0,MELB_URBAN,MELB_URBAN,YARRA,METROPOLITAN NORTH WEST REGION,2018,11,November,RICHMOND
144.77247667171102,-37.7887475806428,3475097,23/11/2018,16.00.00,Yes,Collision with vehicle,Friday,VEHICLE STRIKES ANOTHER VEH WHILE EMERGING FROM DRIVEWAY,Day,144.77248,-37.78875,BRIMBANK,METROPOLITAN NORTH WEST REGION,2,1,0,0,1,1,0,2,1,0,1,0,0,0,0,0,0,0,0,0,No,0,2,0,1,0,0,MELB_URBAN,MELB_URBAN,BRIMBANK,METROPOLITAN NORTH WEST REGION,2018,11,November,DERRIMUT
145.1180290059188,-38.05594153833209,3475112,4/12/2018,11.30.00,No,Collision with vehicle,Monday,LANE SIDE SWIPE (VEHICLES IN PARALLEL LANES),Day,145.11803,-38.05594,KINGSTON,METROPOLITAN SOUTH EAST REGION,2,1,0,0,1,1,1,1,1,0,1,0,0,0,0,0,0,0,0,1,No,0,2,0,1,0,0,MELB_URBAN,MELB_URBAN,KINGSTON,METROPOLITAN SOUTH EAST REGION,2018,12,December,CHELSEA
144.9706432434506,-37.79668079829383,3475114,4/12/2018,17.40.00,No,Collision with vehicle,Tuesday,RIGHT FAR (INTERSECTIONS ONLY),Day,144.97064,-37.79668,MELBOURNE,METROPOLITAN NORTH WEST REGION,2,1,0,0,1,1,1,1,1,0,1,0,0,0,0,0,0,0,0,0,No,0,2,0,1,0,0,MELB_URBAN,MELB_URBAN,MELBOURNE,METROPOLITAN NORTH WEST REGION,2018,12,December,CARLTON
145.1172405221145,-37.85037597254832,3475126,10/12/2018,16.00.00,No,Collision with vehicle,Monday,OTHER ACCIDENTS-OFF STRAIGHT NOT INCLUDED IN DCAs 170-175,Day,145.11723999999998,-37.85038,WHITEHORSE,METROPOLITAN SOUTH EAST REGION,2,1,0,0,1,1,1,0,1,0,0,0,0,0,1,0,1,0,0,0,No,0,2,0,0,0,0,MELB_URBAN,MELB_URBAN,WHITEHORSE,METROPOLITAN SOUTH EAST REGION,2018,12,December,BURWOOD
144.96107874592627,-37.79173351314883,3475129,20/11/2018,06.45.00,No,Collision with vehicle,Tuesday,LEFT FAR (INTERSECTIONS ONLY),Day,144.96108,-37.79173,MELBOURNE,METROPOLITAN NORTH WEST REGION,2,1,0,0,1,1,0,1,1,0,0,0,0,0,1,0,0,0,0,0,No,0,2,0,0,0,0,MELB_URBAN,MELB_URBAN,MELBOURNE,METROPOLITAN NORTH WEST REGION,2018,11,November,CARLTON NORTH
144.98652451641124,-37.838321080684146,3475136,20/11/2018,14.16.00,No,Collision with vehicle,Tuesday,LEFT REAR,Day,144.98651999999998,-37.83832,STONNINGTON,METROPOLITAN NORTH WEST REGION,2,1,1,0,0,1,1,1,1,0,1,0,0,0,0,0,0,0,0,0,No,0,2,1,0,0,0,MELB_URBAN,MELB_URBAN,"STONNINGTON,MELBOURNE","METROPOLITAN NORTH WEST REGION,METROPOLITAN SOUTH EAST REGION",2018,11,November,SOUTH YARRA
145.02128557906485,-37.9567549497868,3475157,4/12/2018,18.30.00,Yes,Collision with vehicle,Tuesday,LEFT NEAR (INTERSECTIONS ONLY),Dusk/Dawn,145.02129,-37.95675,BAYSIDE,METROPOLITAN SOUTH EAST REGION,2,1,0,0,1,1,2,0,1,0,1,0,0,0,0,0,0,0,0,0,No,0,2,0,1,0,0,MELB_URBAN,MELB_URBAN,BAYSIDE,METROPOLITAN SOUTH EAST REGION,2018,12,December,SANDRINGHAM
144.95510880026785,-37.83332178036671,3475165,5/12/2018,08.30.00,No,Collision with vehicle,Tuesday,LANE CHANGE LEFT (NOT OVERTAKING),Day,144.95511000000002,-37.83332,PORT PHILLIP,METROPOLITAN NORTH WEST REGION,2,1,0,0,1,1,2,0,1,0,1,0,0,0,0,0,0,0,0,0,No,0,2,0,1,0,0,MELB_URBAN,MELB_URBAN,PORT PHILLIP,METROPOLITAN NORTH WEST REGION,2018,12,December,SOUTH MELBOURNE
144.96037554216934,-37.80818236745455,3475168,5/12/2018,20.26.00,Yes,Collision with vehicle,Wednesday,LANE CHANGE RIGHT (NOT OVERTAKING),Dusk/Dawn,144.96038000000001,-37.80818,MELBOURNE,METROPOLITAN NORTH WEST REGION,2,1,0,0,1,1,2,0,1,0,1,0,0,0,0,0,0,0,0,1,No,0,2,0,1,0,0,MELB_URBAN,MELB_URBAN,MELBOURNE,METROPOLITAN NORTH WEST REGION,2018,12,December,MELBOURNE
144.95725979323814,-37.825816328894724,3475169,11/12/2018,14.50.00,No,Collision with vehicle,Tuesday,CUTTING IN (OVERTAKING),Day,144.95726000000002,-37.82582,MELBOURNE,METROPOLITAN NORTH WEST REGION,2,1,0,0,1,1,1,1,1,0,1,0,0,0,0,0,0,0,0,0,No,0,2,0,1,0,0,MELB_URBAN,MELB_URBAN,MELBOURNE,METROPOLITAN NORTH WEST REGION,2018,12,December,SOUTHBANK
145.00393642761154,-37.84445230623468,3475172,11/12/2018,15.50.00,No,Collision with vehicle,Tuesday,RIGHT THROUGH,Day,145.00394,-37.84445,STONNINGTON,METROPOLITAN SOUTH EAST REGION,2,1,0,0,1,1,1,1,1,0,1,0,0,0,0,0,0,0,0,0,No,0,3,0,2,0,0,MELB_URBAN,MELB_URBAN,STONNINGTON,METROPOLITAN SOUTH EAST REGION,2018,12,December,TOORAK
144.9567875259421,-37.795670511753,3475176,11/12/2018,17.30.00,No,Collision with vehicle,Monday,CROSS TRAFFIC(INTERSECTIONS ONLY),Day,144.95678999999998,-37.79567,MELBOURNE,METROPOLITAN NORTH WEST REGION,2,1,0,1,0,1,1,1,1,0,1,0,0,0,0,0,0,0,0,0,No,0,2,0,1,0,0,MELB_URBAN,MELB_URBAN,MELBOURNE,METROPOLITAN NORTH WEST REGION,2018,12,December,PARKVILLE
144.9628352837771,-37.77995020118021,3475198,20/11/2018,17.15.00,No,Collision with vehicle,Monday,CROSS TRAFFIC(INTERSECTIONS ONLY),Day,144.96284,-37.77995,MELBOURNE,METROPOLITAN NORTH WEST REGION,2,1,0,0,1,1,1,1,1,0,1,0,0,0,0,0,0,0,0,0,No,0,2,0,1,0,0,MELB_URBAN,MELB_URBAN,"YARRA,MELBOURNE",METROPOLITAN NORTH WEST REGION,2018,11,November,PRINCES HILL
144.9628352837771,-37.77995020118021,3475208,5/12/2018,09.55.00,No,Collision with vehicle,Wednesday,CROSS TRAFFIC(INTERSECTIONS ONLY),Day,144.96284,-37.77995,MELBOURNE,METROPOLITAN NORTH WEST REGION,2,1,0,0,1,1,1,1,1,0,1,0,0,0,0,0,0,0,0,0,No,0,2,0,1,0,0,MELB_URBAN,MELB_URBAN,"YARRA,MELBOURNE",METROPOLITAN NORTH WEST REGION,2018,12,December,PRINCES HILL
144.95494641336867,-37.81217752099506,3475210,22/11/2018,15.25.00,No,Collision with vehicle,Thursday,CROSS TRAFFIC(INTERSECTIONS ONLY),Unk.,144.95495,-37.81218,MELBOURNE,METROPOLITAN NORTH WEST REGION,2,1,0,0,1,1,1,1,1,0,1,0,0,0,0,0,0,0,0,0,No,0,2,0,1,0,0,MELBOURNE_CBD,"MELBOURNE_CBD,MELB_URBAN",MELBOURNE,METROPOLITAN NORTH WEST REGION,2018,11,November,MELBOURNE
144.99704359142171,-37.779110741348966,3475212,5/12/2018,09.12.00,No,No collision and no object struck,Wednesday,OTHER ACCIDENTS-OFF STRAIGHT NOT INCLUDED IN DCAs 170-175,Day,144.99704,-37.779109999999996,DAREBIN,METROPOLITAN NORTH WEST REGION,3,1,0,0,1,2,0,2,1,0,2,0,0,0,0,0,0,0,0,0,No,0,3,0,2,0,0,MELB_URBAN,MELB_URBAN,DAREBIN,METROPOLITAN NORTH WEST REGION,2018,12,December,NORTHCOTE
143.59951749264266,-38.36882724463445,3475216,5/12/2018,14.40.00,No,No collision and no object struck,Wednesday,OUT OF CONTROL ON CARRIAGEWAY (ON STRAIGHT),Day,143.59951999999998,-38.368829999999996,COLAC OTWAY,SOUTH WESTERN REGION,1,1,0,1,0,0,1,0,1,0,0,0,0,0,0,0,1,0,0,0,No,0,1,0,0,0,0,SMALL_CITIES,SMALL_CITIES,COLAC OTWAY,SOUTH WESTERN REGION,2018,12,December,ELLIMINYT
145.33712544115602,-37.81211206367347,3475223,11/12/2018,19.40.00,Yes,Collision with vehicle,Monday,REAR END(VEHICLES IN SAME LANE),Day,145.33713,-37.81211,YARRA RANGES,METROPOLITAN SOUTH EAST REGION,2,1,0,0,1,1,2,0,1,0,1,0,0,0,0,0,0,0,1,0,No,0,2,0,1,0,0,MELB_URBAN,MELB_URBAN,YARRA RANGES,METROPOLITAN SOUTH EAST REGION,2018,12,December,MONTROSE
143.85894034176687,-37.55566235686297,3475236,21/11/2018,08.55.00,No,Collision with vehicle,Wednesday,RIGHT THROUGH,Day,143.85894,-37.555659999999996,BALLARAT,WESTERN REGION,2,1,0,1,0,1,0,1,1,0,0,0,0,0,1,0,0,0,0,0,No,0,2,0,0,0,0,LARGE_PROVINCIAL_CITIES,LARGE_PROVINCIAL_CITIES,BALLARAT,WESTERN REGION,2018,11,November,SOLDIERS HILL
144.85978837072227,-37.77001042681943,3475242,21/11/2018,15.58.00,No,Collision with vehicle,Wednesday,CROSS TRAFFIC(INTERSECTIONS ONLY),Day,144.85979,-37.77001,MOONEE VALLEY,METROPOLITAN NORTH WEST REGION,2,1,0,0,1,1,0,2,1,0,1,0,0,0,0,0,0,0,0,0,No,0,2,0,1,0,0,MELB_URBAN,MELB_URBAN,MOONEE VALLEY,METROPOLITAN NORTH WEST REGION,2018,11,November,AVONDALE HEIGHTS
144.91348317355428,-37.77769562044875,3475244,21/11/2018,14.30.00,No,Collision with vehicle,Tuesday,VEHICLE COLLIDES WITH VEHICLE PARKED ON LEFT OF ROAD,Day,144.91348,-37.7777,MOONEE VALLEY,METROPOLITAN NORTH WEST REGION,2,1,0,0,1,1,1,0,1,0,1,0,0,0,0,0,0,0,0,0,No,0,2,0,1,0,0,MELB_URBAN,MELB_URBAN,MOONEE VALLEY,METROPOLITAN NORTH WEST REGION,2018,11,November,ASCOT VALE
144.957635513629,-37.80899622948212,3475249,27/11/2018,14.20.00,No,Collision with vehicle,Monday,CROSS TRAFFIC(INTERSECTIONS ONLY),Day,144.95764,-37.809,MELBOURNE,METROPOLITAN NORTH WEST REGION,2,1,0,0,1,1,1,1,1,0,1,0,0,0,0,0,0,0,0,0,No,0,2,0,1,0,0,MELB_URBAN,MELB_URBAN,MELBOURNE,METROPOLITAN NORTH WEST REGION,2018,11,November,MELBOURNE
143.81369029900634,-37.55367748366473,3475251,28/11/2018,06.20.00,No,Collision with vehicle,Wednesday,RIGHT THROUGH,Dusk/Dawn,143.81368999999998,-37.55368,BALLARAT,WESTERN REGION,2,1,0,0,1,1,2,0,1,0,1,0,0,0,0,0,0,0,0,0,No,0,2,0,1,0,0,LARGE_PROVINCIAL_CITIES,LARGE_PROVINCIAL_CITIES,BALLARAT,WESTERN REGION,2018,11,November,ALFREDTON
144.9437115947462,-37.81328703172265,3475257,28/11/2018,08.32.00,No,Collision with vehicle,Wednesday,OTHER ADJACENT (INTERSECTIONS ONLY),Day,144.94371,-37.81329,MELBOURNE,METROPOLITAN NORTH WEST REGION,2,1,0,1,0,1,1,1,1,0,1,0,0,0,0,0,0,0,0,0,No,0,2,0,1,0,0,MELB_URBAN,MELB_URBAN,MELBOURNE,METROPOLITAN NORTH WEST REGION,2018,11,November,DOCKLANDS
145.1232793092945,-37.71809589800984,3475260,5/12/2018,12.00.00,No,Collision with vehicle,Wednesday,LEFT FAR (INTERSECTIONS ONLY),Day,145.12328,-37.7181,BANYULE,METROPOLITAN NORTH WEST REGION,2,1,0,0,1,1,0,2,1,0,1,0,0,0,0,0,0,0,0,0,No,0,2,0,1,0,0,MELB_URBAN,MELB_URBAN,BANYULE,METROPOLITAN NORTH WEST REGION,2018,12,December,MONTMORENCY
144.90105675108956,-37.81205533904794,3475262,5/12/2018,17.50.00,No,Collision with vehicle,Wednesday,RIGHT THROUGH,Day,144.90106,-37.812059999999995,MARIBYRNONG,METROPOLITAN NORTH WEST REGION,2,1,0,1,0,1,2,0,1,0,1,0,0,0,0,0,0,0,0,0,No,0,2,0,1,0,0,MELB_URBAN,MELB_URBAN,MARIBYRNONG,METROPOLITAN NORTH WEST REGION,2018,12,December,FOOTSCRAY
143.6034966838009,-38.33621667309961,3475275,11/12/2018,15.25.00,No,Collision with vehicle,Monday,LEFT NEAR (INTERSECTIONS ONLY),Day,143.6035,-38.336220000000004,COLAC OTWAY,SOUTH WESTERN REGION,2,1,0,0,1,1,2,0,1,0,1,0,0,0,0,0,0,0,0,0,No,0,2,0,1,0,0,SMALL_CITIES,SMALL_CITIES,COLAC OTWAY,SOUTH WESTERN REGION,2018,12,December,COLAC
145.02695451778203,-37.932019294725286,3475281,12/12/2018,10.30.00,No,Collision with vehicle,Wednesday,VEHICLE STRIKES ANOTHER VEH WHILE EMERGING FROM DRIVEWAY,Day,145.02695,-37.93202,BAYSIDE,METROPOLITAN SOUTH EAST REGION,2,1,0,0,1,1,2,0,1,0,1,0,0,0,0,0,0,0,1,0,No,0,2,0,1,0,0,MELB_URBAN,MELB_URBAN,BAYSIDE,METROPOLITAN SOUTH EAST REGION,2018,12,December,BRIGHTON EAST
145.05358638675185,-37.76852973330431,3475282,12/12/2018,06.59.00,No,Collision with vehicle,Wednesday,RIGHT FAR (INTERSECTIONS ONLY),Day,145.05358999999999,-37.76853,BANYULE,METROPOLITAN NORTH WEST REGION,2,1,0,1,0,1,1,1,1,0,1,0,0,0,0,0,0,0,0,0,No,0,2,0,1,0,0,MELB_URBAN,MELB_URBAN,BANYULE,METROPOLITAN NORTH WEST REGION,2018,12,December,IVANHOE EAST
145.1010221806157,-37.90311827209429,3475298,21/11/2018,20.30.00,Yes,No collision and no object struck,Wednesday,OFF CARRIAGEWAY TO LEFT,Dark Street lights unknown,145.10102,-37.90312,MONASH,METROPOLITAN SOUTH EAST REGION,2,1,0,0,1,1,1,0,1,0,1,0,0,0,0,0,0,0,0,0,No,0,2,0,1,0,0,MELB_URBAN,MELB_URBAN,MONASH,METROPOLITAN SOUTH EAST REGION,2018,11,November,OAKLEIGH
145.00839266470757,-37.81894397911461,3475303,28/11/2018,15.00.00,No,Collision with vehicle,Wednesday,LEFT NEAR (INTERSECTIONS ONLY),Day,145.00839,-37.818940000000005,YARRA,METROPOLITAN NORTH WEST REGION,2,1,0,1,0,1,1,1,1,0,1,0,0,0,0,0,0,0,0,0,No,0,2,0,1,0,0,MELB_URBAN,MELB_URBAN,YARRA,METROPOLITAN NORTH WEST REGION,2018,11,November,RICHMOND
145.27922685160718,-37.799176938825866,3475304,28/11/2018,15.30.00,No,Collision with vehicle,Wednesday,RIGHT THROUGH,Day,145.27923,-37.79918,MAROONDAH,METROPOLITAN SOUTH EAST REGION,4,1,0,0,1,3,0,4,1,2,1,0,0,0,0,0,0,0,0,0,No,0,2,0,1,0,0,MELB_URBAN,MELB_URBAN,MAROONDAH,METROPOLITAN SOUTH EAST REGION,2018,11,November,CROYDON
145.08789089634016,-38.008427752286494,3475326,12/12/2018,07.44.00,No,Collision with vehicle,Wednesday,CROSS TRAFFIC(INTERSECTIONS ONLY),Day,145.08789,-38.00843,KINGSTON,METROPOLITAN SOUTH EAST REGION,2,1,0,0,1,1,2,0,1,0,1,0,0,0,0,0,1,0,0,0,No,0,2,0,1,0,0,MELB_URBAN,MELB_URBAN,KINGSTON,METROPOLITAN SOUTH EAST REGION,2018,12,December,MORDIALLOC
144.95582669992382,-37.81042039212628,3475342,22/11/2018,08.55.00,No,Vehicle overturned (no collision),Thursday,OUT OF CONTROL ON CARRIAGEWAY (ON STRAIGHT),Day,144.95583,-37.81042,MELBOURNE,METROPOLITAN NORTH WEST REGION,2,1,0,0,1,1,2,0,1,0,1,0,0,0,0,0,0,0,0,0,No,0,2,0,1,0,0,MELB_URBAN,MELB_URBAN,MELBOURNE,METROPOLITAN NORTH WEST REGION,2018,11,November,MELBOURNE
144.3392450661052,-38.212053701870296,3475344,22/11/2018,10.20.00,No,Collision with vehicle,Wednesday,LEFT NEAR (INTERSECTIONS ONLY),Day,144.33925,-38.21205,GEELONG,SOUTH WESTERN REGION,2,1,0,1,0,1,1,1,1,0,1,0,0,0,0,0,0,0,0,0,No,0,2,0,1,0,0,RURAL_VICTORIA,RURAL_VICTORIA,GEELONG,SOUTH WESTERN REGION,2018,11,November,MOUNT DUNEED
142.2104427957637,-36.71389112378922,3475346,22/11/2018,08.30.00,No,Collision with vehicle,Thursday,RIGHT FAR (INTERSECTIONS ONLY),Day,142.21043999999998,-36.71389,HORSHAM,WESTERN REGION,3,1,0,0,1,2,0,3,1,1,1,0,0,0,0,1,0,0,0,0,No,0,2,0,1,0,0,SMALL_CITIES,SMALL_CITIES,HORSHAM,WESTERN REGION,2018,11,November,HORSHAM
144.97009629193843,-37.79980011390972,3475352,28/11/2018,18.15.00,Yes,Vehicle overturned (no collision),Wednesday,OUT OF CONTROL ON CARRIAGEWAY (ON STRAIGHT),Day,144.9701,-37.7998,MELBOURNE,METROPOLITAN NORTH WEST REGION,1,1,0,0,1,0,1,0,1,0,0,0,0,0,0,0,0,0,0,0,No,0,1,0,0,0,0,MELB_URBAN,MELB_URBAN,MELBOURNE,METROPOLITAN NORTH WEST REGION,2018,11,November,CARLTON
144.9645203680256,-37.80595432104187,3475391,4/9/2018,17.30.00,No,Collision with vehicle,Monday,RIGHT THROUGH,Day,144.96452,-37.80595,MELBOURNE,METROPOLITAN NORTH WEST REGION,2,1,0,0,1,1,2,0,1,0,1,0,0,0,0,0,0,0,0,0,No,0,2,0,1,0,0,MELB_URBAN,MELB_URBAN,MELBOURNE,METROPOLITAN NORTH WEST REGION,2018,9,September,CARLTON
144.5355816190766,-38.257561531981395,3475394,22/11/2018,14.10.00,No,Collision with vehicle,Wednesday,CROSS TRAFFIC(INTERSECTIONS ONLY),Day,144.53558,-38.25756,GEELONG,SOUTH WESTERN REGION,2,1,0,0,1,1,1,1,1,0,1,0,0,0,0,0,1,0,1,0,No,0,2,0,1,0,0,SMALL_CITIES,SMALL_CITIES,GEELONG,SOUTH WESTERN REGION,2018,11,November,OCEAN GROVE