X,Y,OBJECTID,ACCIDENT_DATE,ACCIDENT_TIME,ALCOHOLTIME,ACCIDENT_TYPE,DAY_OF_WEEK,DCA_CODE,LIGHT_CONDITION,LONGITUDE,LATITUDE,LGA_NAME,REGION_NAME,TOTAL_PERSONS,INJ_OR_FATAL,FATALITY,SERIOUSINJURY,OTHERINJURY,NONINJURED,MALES,FEMALES,BICYCLIST,PASSENGER,DRIVER,PEDESTRIAN,PILLION,MOTORIST,UNKNOWN,PED_CYCLIST_5_12,PED_CYCLIST_13_18,OLD_PEDESTRIAN,OLD_DRIVER,YOUNG_DRIVER,ALCOHOL_RELATED,UNLICENCSED,NO_OF_VEHICLES,HEAVYVEHICLE,PASSENGERVEHICLE,MOTORCYCLE,PUBLICVEHICLE,DEG_URBAN_NAME,DEG_URBAN_ALL,LGA_NAME_ALL,REGION_NAME_ALL,Year,Month,Month_name,Suburb
144.9427956364789,-37.83884137080414,3470200,29/6/2018,12.15.00,No,Collision with vehicle,Friday,CROSS TRAFFIC(INTERSECTIONS ONLY),Day,144.9428,-37.838840000000005,PORT PHILLIP,METROPOLITAN NORTH WEST REGION,2,1,0,0,1,1,2,0,1,0,1,0,0,0,0,0,0,0,0,0,No,0,2,0,1,0,0,MELB_URBAN,MELB_URBAN,PORT PHILLIP,METROPOLITAN NORTH WEST REGION,2018,6,June,PORT MELBOURNE
144.65898746632544,-37.90406875634231,3470230,15/6/2018,15.15.00,No,Collision with vehicle,Friday,RIGHT TURN SIDESWIPE,Day,144.65899,-37.904070000000004,WYNDHAM,METROPOLITAN NORTH WEST REGION,2,1,0,1,0,1,1,0,1,0,0,0,0,0,1,0,0,0,0,0,No,0,2,0,0,0,0,MELB_URBAN,MELB_URBAN,WYNDHAM,METROPOLITAN NORTH WEST REGION,2018,6,June,WERRIBEE
144.7246560818375,-37.85215017782798,3470245,11/5/2018,15.35.00,No,Collision with vehicle,Friday,RIGHT THROUGH,Day,144.72466,-37.85215,WYNDHAM,METROPOLITAN NORTH WEST REGION,2,1,0,0,1,1,1,1,1,0,1,0,0,0,0,0,0,0,0,0,No,0,2,0,1,0,0,MELB_URBAN,MELB_URBAN,WYNDHAM,METROPOLITAN NORTH WEST REGION,2018,5,May,TRUGANINA
145.12457466898246,-38.08217417063396,3470264,5/6/2018,18.30.00,Yes,Collision with vehicle,Tuesday,RIGHT NEAR (INTERSECTIONS ONLY),Dark Street lights on,145.12457,-38.08217,FRANKSTON,METROPOLITAN SOUTH EAST REGION,2,1,0,0,1,1,1,1,1,0,1,0,0,0,0,0,0,0,0,0,No,0,2,0,1,0,0,MELB_URBAN,MELB_URBAN,"FRANKSTON,KINGSTON",METROPOLITAN SOUTH EAST REGION,2018,6,June,SEAFORD
145.07821512288896,-38.00200629492181,3470286,23/6/2018,09.15.00,No,Collision with vehicle,Saturday,REAR END(VEHICLES IN SAME LANE),Day,145.07822,-38.00201,KINGSTON,METROPOLITAN SOUTH EAST REGION,1,1,0,0,1,0,0,1,1,0,0,0,0,0,0,0,0,0,0,0,No,0,2,0,1,0,0,MELB_URBAN,MELB_URBAN,KINGSTON,METROPOLITAN SOUTH EAST REGION,2018,6,June,PARKDALE
144.98185208658148,-37.863690232184965,3470302,30/6/2018,10.06.00,No,Collision with vehicle,Saturday,VEHICLE STRIKES DOOR OF PARKED/STATIONARY VEHICLE,Day,144.98185,-37.863690000000005,PORT PHILLIP,METROPOLITAN NORTH WEST REGION,2,1,0,1,0,1,2,0,1,0,1,0,0,0,0,0,0,0,0,0,No,0,2,0,1,0,0,MELB_URBAN,MELB_URBAN,PORT PHILLIP,METROPOLITAN NORTH WEST REGION,2018,6,June,ST KILDA
144.96940510133498,-37.80401388617936,3470304,27/6/2018,08.30.00,No,Collision with vehicle,Wednesday,LEFT TURN SIDESWIPE,Day,144.96941,-37.80401,MELBOURNE,METROPOLITAN NORTH WEST REGION,2,1,0,1,0,1,0,2,1,0,1,0,0,0,0,0,0,0,0,0,No,0,2,0,1,0,0,MELB_URBAN,MELB_URBAN,MELBOURNE,METROPOLITAN NORTH WEST REGION,2018,6,June,CARLTON
144.9976907568422,-37.87687632776644,3470305,13/6/2018,18.00.00,Yes,Collision with vehicle,Wednesday,VEHICLE STRIKES DOOR OF PARKED/STATIONARY VEHICLE,Unk.,144.99768999999998,-37.87688,PORT PHILLIP,METROPOLITAN NORTH WEST REGION,2,1,0,0,1,1,1,1,1,0,1,0,0,0,0,0,0,0,0,0,No,0,2,0,1,0,0,MELB_URBAN,MELB_URBAN,PORT PHILLIP,METROPOLITAN NORTH WEST REGION,2018,6,June,RIPPONLEA
145.0812718384,-37.6032117609213,3470306,30/6/2018,10.50.00,No,Collision with vehicle,Saturday,CROSS TRAFFIC(INTERSECTIONS ONLY),Day,145.08127,-37.60321,WHITTLESEA,METROPOLITAN NORTH WEST REGION,2,1,0,0,1,1,1,1,1,0,1,0,0,0,0,0,0,0,0,0,No,0,2,0,1,0,0,RURAL_VICTORIA,RURAL_VICTORIA,WHITTLESEA,METROPOLITAN NORTH WEST REGION,2018,6,June,MERNDA
144.18524135184848,-38.41405233380735,3470314,9/6/2018,14.00.00,Yes,Collision with vehicle,Saturday,RIGHT THROUGH,Day,144.18524,-38.41405,SURF COAST,SOUTH WESTERN REGION,2,1,0,1,0,1,2,0,1,0,1,0,0,0,0,0,0,0,0,0,No,0,2,0,1,0,0,TOWNS,TOWNS,SURF COAST,SOUTH WESTERN REGION,2018,6,June,ANGLESEA
145.31750796218532,-37.89188016519422,3470318,9/6/2018,10.30.00,No,Collision with vehicle,Saturday,RIGHT NEAR (INTERSECTIONS ONLY),Day,145.31751,-37.89188,YARRA RANGES,METROPOLITAN SOUTH EAST REGION,3,1,0,0,1,2,2,1,1,1,1,0,0,0,0,0,1,0,0,0,No,0,2,0,1,0,0,MELB_URBAN,MELB_URBAN,YARRA RANGES,METROPOLITAN SOUTH EAST REGION,2018,6,June,TREMONT
145.07731440036787,-37.95055925712344,3470321,5/5/2018,10.45.00,No,Collision with vehicle,Saturday,CUTTING IN (OVERTAKING),Day,145.07731,-37.950559999999996,KINGSTON,METROPOLITAN SOUTH EAST REGION,2,1,0,0,1,1,2,0,1,0,1,0,0,0,0,0,0,0,1,0,No,0,2,0,1,0,0,MELB_URBAN,MELB_URBAN,KINGSTON,METROPOLITAN SOUTH EAST REGION,2018,5,May,HEATHERTON
145.2679179511289,-38.09628634503353,3470323,9/6/2018,18.10.00,Yes,Collision with vehicle,Saturday,CROSS TRAFFIC(INTERSECTIONS ONLY),Dark Street lights on,145.26792,-38.09629,CASEY,METROPOLITAN SOUTH EAST REGION,2,1,0,0,1,1,2,0,1,0,1,0,0,0,0,0,0,0,0,0,No,0,2,0,1,0,0,MELB_URBAN,MELB_URBAN,CASEY,METROPOLITAN SOUTH EAST REGION,2018,6,June,CRANBOURNE
145.17043680435037,-37.79328425159073,3470343,23/6/2018,20.20.00,Yes,Collision with vehicle,Friday,RIGHT THROUGH,Dark Street lights on,145.17043999999999,-37.793279999999996,MANNINGHAM,METROPOLITAN SOUTH EAST REGION,2,1,0,1,0,1,1,1,1,0,1,0,0,0,0,0,0,0,0,0,No,0,2,0,1,0,0,MELB_URBAN,MELB_URBAN,MANNINGHAM,METROPOLITAN SOUTH EAST REGION,2018,6,June,DONVALE
144.96749295878962,-37.83707889131143,3470375,10/6/2018,09.30.00,Yes,Collision with vehicle,Sunday,LEFT TURN SIDESWIPE,Day,144.96749,-37.83708,PORT PHILLIP,METROPOLITAN NORTH WEST REGION,2,1,0,1,0,1,1,1,1,0,1,0,0,0,0,0,0,0,0,0,No,0,2,0,1,0,0,MELB_URBAN,MELB_URBAN,PORT PHILLIP,METROPOLITAN NORTH WEST REGION,2018,6,June,SOUTH MELBOURNE
144.93184218953448,-37.794631599805186,3470390,22/6/2018,15.30.00,No,Collision with vehicle,Friday,RIGHT THROUGH,Day,144.93184,-37.79463,MELBOURNE,METROPOLITAN NORTH WEST REGION,2,2,0,0,2,0,1,1,1,0,1,0,0,0,0,0,0,0,0,0,No,0,2,0,1,0,0,MELB_URBAN,MELB_URBAN,MELBOURNE,METROPOLITAN NORTH WEST REGION,2018,6,June,KENSINGTON
144.95323968454758,-37.817092008094725,3470417,9/6/2018,16.30.00,Yes,Collision with vehicle,Saturday,RIGHT FAR (INTERSECTIONS ONLY),Day,144.95324,-37.81709,MELBOURNE,METROPOLITAN NORTH WEST REGION,2,1,0,0,1,1,1,0,1,0,0,0,0,0,1,0,0,0,0,0,No,0,2,0,0,0,0,MELBOURNE_CBD,"MELBOURNE_CBD,MELB_URBAN",MELBOURNE,METROPOLITAN NORTH WEST REGION,2018,6,June,MELBOURNE
145.105860176099,-37.81579902236087,3470421,7/1/2018,11.30.00,No,No collision and no object struck,Sunday,OUT OF CONTROL ON CARRIAGEWAY (ON STRAIGHT),Unk.,145.10586,-37.8158,WHITEHORSE,METROPOLITAN SOUTH EAST REGION,1,1,0,0,1,0,1,0,1,0,0,0,0,0,0,0,0,0,0,0,No,0,1,0,0,0,0,MELB_URBAN,MELB_URBAN,WHITEHORSE,METROPOLITAN SOUTH EAST REGION,2018,1,January,MONT ALBERT
144.9968581050494,-37.883805772368,3470444,24/6/2018,22.15.00,Yes,Vehicle overturned (no collision),Sunday,OUT OF CONTROL ON CARRIAGEWAY (ON STRAIGHT),Dark Street lights on,144.99686,-37.88381,BAYSIDE,METROPOLITAN NORTH WEST REGION,1,1,0,1,0,0,0,0,1,0,0,0,0,0,0,0,0,0,0,0,No,0,1,0,0,0,0,MELB_URBAN,MELB_URBAN,"PORT PHILLIP,BAYSIDE","METROPOLITAN NORTH WEST REGION,METROPOLITAN SOUTH EAST REGION",2018,6,June,ELWOOD
144.9985508059659,-37.87410009549095,3470473,11/6/2018,07.00.00,No,Collision with vehicle,Monday,VEHICLE OFF FOOTPATH STRIKES VEH ON CARRIAGEWAY,Day,144.99855,-37.8741,GLEN EIRA,METROPOLITAN NORTH WEST REGION,2,1,0,0,1,1,1,0,1,0,0,0,0,0,1,1,0,0,0,0,No,0,2,0,0,0,0,MELB_URBAN,MELB_URBAN,"PORT PHILLIP,GLEN EIRA","METROPOLITAN NORTH WEST REGION,METROPOLITAN SOUTH EAST REGION",2018,6,June,BALACLAVA
144.97105280977038,-37.85169782494833,3470477,11/6/2018,12.10.00,No,Collision with vehicle,Monday,U TURN,Day,144.97105,-37.8517,PORT PHILLIP,METROPOLITAN NORTH WEST REGION,2,1,0,0,1,1,2,0,1,0,1,0,0,0,0,0,0,0,0,0,No,0,2,0,1,0,0,MELB_URBAN,MELB_URBAN,PORT PHILLIP,METROPOLITAN NORTH WEST REGION,2018,6,June,ALBERT PARK
144.58607028564109,-37.47668024273685,3470480,11/6/2018,10.50.00,No,Collision with vehicle,Monday,RIGHT THROUGH,Day,144.58607,-37.47668,MACEDON RANGES,NORTHERN REGION,2,1,0,0,1,1,2,0,1,0,1,0,0,0,0,0,0,0,0,0,No,0,2,0,1,0,0,TOWNS,TOWNS,MACEDON RANGES,NORTHERN REGION,2018,6,June,GISBORNE
145.03451173949273,-37.8054487236709,3470495,6/9/2018,16.31.00,No,Collision with vehicle,Thursday,RIGHT THROUGH,Day,145.03451,-37.80545,BOROONDARA,METROPOLITAN SOUTH EAST REGION,2,1,0,0,1,1,1,0,1,0,1,0,0,0,0,0,1,0,0,0,No,0,2,0,1,0,0,MELB_URBAN,MELB_URBAN,BOROONDARA,METROPOLITAN SOUTH EAST REGION,2018,9,September,KEW
144.281558819111,-36.75032977538644,3470505,5/9/2018,00.32.00,Yes,No collision and no object struck,Wednesday,OUT OF CONTROL ON CARRIAGEWAY (ON STRAIGHT),Dark Street lights on,144.28156,-36.75033,BENDIGO,NORTHERN REGION,1,1,0,0,1,0,1,0,1,0,0,0,0,0,0,0,0,0,0,0,No,0,1,0,0,0,0,LARGE_PROVINCIAL_CITIES,LARGE_PROVINCIAL_CITIES,BENDIGO,NORTHERN REGION,2018,9,September,BENDIGO
144.97208642067838,-37.788325523303186,3470510,12/9/2018,19.00.00,Yes,Collision with vehicle,Tuesday,VEHICLE STRIKES DOOR OF PARKED/STATIONARY VEHICLE,Unk.,144.97208999999998,-37.78833,YARRA,METROPOLITAN NORTH WEST REGION,2,1,0,0,1,1,2,0,1,0,1,0,0,0,0,0,0,0,0,0,No,0,2,0,1,0,0,MELB_URBAN,MELB_URBAN,YARRA,METROPOLITAN NORTH WEST REGION,2018,9,September,CARLTON NORTH
145.10026753207202,-37.70725102449728,3470524,20/9/2018,19.16.00,Yes,Vehicle overturned (no collision),Thursday,OUT OF CONTROL ON CARRIAGEWAY (ON STRAIGHT),Dark Street lights on,145.10027,-37.70725,BANYULE,METROPOLITAN NORTH WEST REGION,1,1,0,0,1,0,1,0,1,0,0,0,0,0,0,0,0,0,0,0,No,0,1,0,0,0,0,MELB_URBAN,MELB_URBAN,BANYULE,METROPOLITAN NORTH WEST REGION,2018,9,September,GREENSBOROUGH
145.07820322723748,-37.887034405428295,3470529,20/9/2018,19.20.00,Yes,Collision with vehicle,Thursday,RIGHT THROUGH,Dark Street lights on,145.0782,-37.887029999999996,STONNINGTON,METROPOLITAN SOUTH EAST REGION,2,1,0,0,1,1,1,0,1,0,1,0,0,0,0,0,0,0,0,0,No,0,2,0,1,0,0,MELB_URBAN,MELB_URBAN,STONNINGTON,METROPOLITAN SOUTH EAST REGION,2018,9,September,MALVERN EAST
144.96060417752628,-37.77611653255999,3470543,31/8/2018,19.20.00,Yes,Collision with vehicle,Friday,RIGHT THROUGH,Dark Street lights on,144.9606,-37.77612,MORELAND,METROPOLITAN NORTH WEST REGION,2,1,0,0,1,1,1,1,1,0,1,0,0,0,0,0,0,0,0,0,No,0,2,0,1,0,0,MELB_URBAN,MELB_URBAN,MORELAND,METROPOLITAN NORTH WEST REGION,2018,8,August,BRUNSWICK
145.0566550615227,-37.9134227600988,3470560,12/9/2018,14.30.00,No,Collision with vehicle,Wednesday,LANE CHANGE RIGHT (NOT OVERTAKING),Day,145.05666000000002,-37.91342,GLEN EIRA,METROPOLITAN SOUTH EAST REGION,2,1,0,1,0,1,1,1,1,0,1,0,0,0,0,0,1,0,0,0,No,0,2,0,1,0,0,MELB_URBAN,MELB_URBAN,GLEN EIRA,METROPOLITAN SOUTH EAST REGION,2018,9,September,BENTLEIGH EAST
145.1155693832359,-37.511813744292795,3470581,22/9/2018,10.05.00,No,Collision with vehicle,Saturday,CROSS TRAFFIC(INTERSECTIONS ONLY),Day,145.11557,-37.51181,WHITTLESEA,METROPOLITAN NORTH WEST REGION,3,1,0,0,1,2,1,2,1,1,1,0,0,0,0,0,0,0,0,0,No,0,2,0,1,0,0,TOWNS,TOWNS,WHITTLESEA,METROPOLITAN NORTH WEST REGION,2018,9,September,WHITTLESEA
145.01058528950398,-37.94498463372343,3470587,1/9/2018,09.27.00,No,Collision with vehicle,Saturday,LEFT NEAR (INTERSECTIONS ONLY),Day,145.01058999999998,-37.94498,BAYSIDE,METROPOLITAN SOUTH EAST REGION,2,1,0,0,1,1,2,0,1,0,1,0,0,0,0,0,0,0,0,0,No,1,2,0,1,0,0,MELB_URBAN,MELB_URBAN,BAYSIDE,METROPOLITAN SOUTH EAST REGION,2018,9,September,HAMPTON
144.9766070694308,-37.83972134349342,3470619,14/9/2018,08.35.00,No,Collision with vehicle,Thursday,LANE CHANGE LEFT (NOT OVERTAKING),Day,144.97661000000002,-37.83972,PORT PHILLIP,METROPOLITAN NORTH WEST REGION,2,1,0,0,1,1,1,0,1,0,1,0,0,0,0,0,0,0,0,0,No,0,2,0,1,0,0,MELB_URBAN,MELB_URBAN,PORT PHILLIP,METROPOLITAN NORTH WEST REGION,2018,9,September,MELBOURNE
144.81243672114098,-37.86419202021719,3470632,22/9/2018,17.55.00,Yes,Collision with vehicle,Saturday,VEHICLE OFF FOOTPATH STRIKES VEH ON CARRIAGEWAY,Dusk/Dawn,144.81243999999998,-37.86419,HOBSONS BAY,METROPOLITAN NORTH WEST REGION,2,1,0,0,1,1,2,0,1,0,1,0,0,0,0,1,0,0,0,0,No,0,2,0,1,0,0,MELB_URBAN,MELB_URBAN,HOBSONS BAY,METROPOLITAN NORTH WEST REGION,2018,9,September,ALTONA
144.9628972187914,-37.806656940146034,3470641,1/9/2018,10.27.00,No,Collision with vehicle,Saturday,LEFT TURN SIDESWIPE,Day,144.9629,-37.80666,MELBOURNE,METROPOLITAN NORTH WEST REGION,2,1,0,0,1,1,1,0,1,0,0,0,0,0,1,0,0,0,0,0,No,0,2,0,0,0,0,MELB_URBAN,MELB_URBAN,MELBOURNE,METROPOLITAN NORTH WEST REGION,2018,9,September,MELBOURNE
145.35919090193477,-37.66521575390493,3470658,8/9/2018,15.09.00,Yes,Collision with vehicle,Saturday,OTHER SAME DIRECTION-MANOUEVRES NOT INCLUDED IN DCAs 130-137,Day,145.35918999999998,-37.66522,YARRA RANGES,METROPOLITAN SOUTH EAST REGION,2,1,0,0,1,1,2,0,2,0,0,0,0,0,0,0,0,0,0,0,No,0,2,0,0,0,0,RURAL_VICTORIA,RURAL_VICTORIA,YARRA RANGES,METROPOLITAN SOUTH EAST REGION,2018,9,September,YARRA GLEN
146.8880621449896,-36.124538764383246,3470682,23/9/2018,07.15.00,Yes,Collision with vehicle,Sunday,CROSS TRAFFIC(INTERSECTIONS ONLY),Day,146.88806,-36.12454,WODONGA,NORTH EASTERN REGION,2,1,0,0,1,1,1,1,1,0,1,0,0,0,0,0,0,0,1,0,No,0,2,0,1,0,0,SMALL_CITIES,SMALL_CITIES,WODONGA,NORTH EASTERN REGION,2018,9,September,WODONGA
145.04625640651835,-37.76542900764296,3470684,22/9/2018,18.35.00,Yes,Collision with vehicle,Saturday,RIGHT NEAR (INTERSECTIONS ONLY),Dusk/Dawn,145.04626000000002,-37.76543,BANYULE,METROPOLITAN NORTH WEST REGION,3,1,0,0,1,2,2,1,1,1,1,0,0,0,0,0,0,0,0,0,No,0,2,0,1,0,0,MELB_URBAN,MELB_URBAN,BANYULE,METROPOLITAN NORTH WEST REGION,2018,9,September,IVANHOE
144.76007148016976,-37.87050790780562,3470686,23/9/2018,11.50.00,No,Collision with vehicle,Sunday,REAR END(VEHICLES IN SAME LANE),Day,144.76006999999998,-37.870509999999996,HOBSONS BAY,METROPOLITAN NORTH WEST REGION,2,1,0,0,1,1,1,0,1,0,1,0,0,0,0,0,0,0,0,0,No,0,2,0,1,0,0,MELB_URBAN,MELB_URBAN,HOBSONS BAY,METROPOLITAN NORTH WEST REGION,2018,9,September,ALTONA MEADOWS
145.07077252923585,-37.79513064287472,3470711,5/9/2018,16.00.00,No,Collision with vehicle,Wednesday,VEHICLE OFF FOOTPATH STRIKES VEH ON CARRIAGEWAY,Day,145.07076999999998,-37.79513,BOROONDARA,METROPOLITAN SOUTH EAST REGION,3,1,0,0,1,2,2,1,1,1,1,0,0,0,0,0,1,0,0,0,No,0,2,0,1,0,0,MELB_URBAN,MELB_URBAN,BOROONDARA,METROPOLITAN SOUTH EAST REGION,2018,9,September,BALWYN NORTH
145.07621089985614,-37.80258488337263,3470713,25/8/2018,15.50.00,Yes,Collision with vehicle,Saturday,CROSS TRAFFIC(INTERSECTIONS ONLY),Day,145.07621,-37.80258,BOROONDARA,METROPOLITAN SOUTH EAST REGION,3,1,0,0,1,2,1,2,1,1,1,0,0,0,0,0,0,0,0,0,No,0,2,0,1,0,0,MELB_URBAN,MELB_URBAN,BOROONDARA,METROPOLITAN SOUTH EAST REGION,2018,8,August,BALWYN NORTH
145.02819246782326,-38.22699362299403,3470715,16/9/2018,10.05.00,No,Collision with vehicle,,VEHICLE STRIKES ANOTHER VEH WHILE EMERGING FROM DRIVEWAY,Day,145.02819,-38.22699,MORNINGTON PENINSULA,METROPOLITAN SOUTH EAST REGION,2,1,0,0,1,1,1,1,1,0,1,0,0,0,0,0,0,0,0,0,No,0,2,0,1,0,0,MELB_URBAN,MELB_URBAN,MORNINGTON PENINSULA,METROPOLITAN SOUTH EAST REGION,2018,9,September,MORNINGTON
145.26775705218589,-37.84009498675096,3470722,16/9/2018,08.40.00,Yes,Collision with vehicle,Sunday,LANE CHANGE LEFT (NOT OVERTAKING),Day,145.26776,-37.840090000000004,KNOX,METROPOLITAN SOUTH EAST REGION,5,2,0,1,1,3,5,0,4,0,1,0,0,0,0,0,0,0,0,0,No,0,5,0,1,0,0,MELB_URBAN,MELB_URBAN,KNOX,METROPOLITAN SOUTH EAST REGION,2018,9,September,BAYSWATER
145.05844248371315,-37.82219427347372,3470726,16/9/2018,15.20.00,No,Collision with vehicle,Sunday,RIGHT THROUGH,Day,145.05844,-37.82219,BOROONDARA,METROPOLITAN SOUTH EAST REGION,2,1,0,0,1,1,2,0,1,0,1,0,0,0,0,0,0,0,0,0,No,0,2,0,1,0,0,MELB_URBAN,MELB_URBAN,BOROONDARA,METROPOLITAN SOUTH EAST REGION,2018,9,September,CAMBERWELL
145.2436348038458,-38.05357964299653,3470733,24/9/2018,05.45.00,Yes,No collision and no object struck,Monday,OFF CARRIAGEWAY TO RIGHT,Dusk/Dawn,145.24363,-38.05358,DANDENONG,METROPOLITAN SOUTH EAST REGION,1,1,0,1,0,0,1,0,1,0,0,0,0,0,0,0,0,0,0,0,No,0,1,0,0,0,0,MELB_URBAN,MELB_URBAN,DANDENONG,METROPOLITAN SOUTH EAST REGION,2018,9,September,DANDENONG SOUTH
145.1745874439139,-37.24499160184645,3470739,22/9/2018,11.30.00,No,Collision with a fixed object,Friday,OFF RIGHT BEND INTO OBJECT/PARKED VEHICLE,Day,145.17459,-37.24499,MURRINDINDI,NORTH EASTERN REGION,1,1,0,1,0,0,1,0,1,0,0,0,0,0,0,0,0,0,0,0,No,0,1,0,0,0,0,RURAL_VICTORIA,RURAL_VICTORIA,"MURRINDINDI,MURRINDINDI",NORTH EASTERN REGION,2018,9,September,STRATH CREEK
144.99350065098724,-37.852434382138156,3473750,26/9/2018,17.45.00,No,Collision with vehicle,Wednesday,VEHICLE STRIKES DOOR OF PARKED/STATIONARY VEHICLE,Unk.,144.9935,-37.85243,STONNINGTON,METROPOLITAN SOUTH EAST REGION,2,1,0,0,1,1,0,2,1,0,1,0,0,0,0,0,0,0,0,1,No,0,2,0,1,0,0,MELB_URBAN,MELB_URBAN,STONNINGTON,METROPOLITAN SOUTH EAST REGION,2018,9,September,WINDSOR
145.09787395023244,-37.82269127412287,3473754,29/9/2018,10.00.00,No,Collision with vehicle,Saturday,RIGHT THROUGH,Day,145.09787,-37.82269,BOROONDARA,METROPOLITAN SOUTH EAST REGION,2,1,0,0,1,1,2,0,1,0,1,0,0,0,0,0,0,0,0,0,No,0,2,0,1,0,0,MELB_URBAN,MELB_URBAN,BOROONDARA,METROPOLITAN SOUTH EAST REGION,2018,9,September,SURREY HILLS
145.01153781236715,-37.92153243438907,3473768,6/10/2018,19.00.00,Yes,Collision with vehicle,Saturday,RIGHT REAR.,Dark Street lights on,145.01154,-37.92153,BAYSIDE,METROPOLITAN SOUTH EAST REGION,2,1,0,1,0,1,2,0,1,0,1,0,0,0,0,0,0,0,0,0,No,0,2,0,1,0,0,MELB_URBAN,MELB_URBAN,BAYSIDE,METROPOLITAN SOUTH EAST REGION,2018,10,October,BRIGHTON EAST
144.9781981673329,-37.799891690363296,3473782,27/12/2018,16.00.00,No,Collision with vehicle,Wednesday,REAR END(VEHICLES IN SAME LANE),Day,144.9782,-37.799890000000005,YARRA,METROPOLITAN NORTH WEST REGION,2,1,0,0,1,1,2,0,1,0,1,0,0,0,0,0,0,0,0,0,No,0,2,0,1,0,0,MELB_URBAN,MELB_URBAN,YARRA,METROPOLITAN NORTH WEST REGION,2018,12,December,FITZROY
145.15913033829202,-37.80379451894671,3473783,27/12/2018,21.15.00,Yes,Collision with vehicle,Thursday,RIGHT THROUGH,Dark Street lights on,145.15913,-37.80379,WHITEHORSE,METROPOLITAN SOUTH EAST REGION,2,1,0,1,0,1,2,0,1,0,1,0,0,0,0,0,0,0,0,0,No,0,2,0,1,0,0,MELB_URBAN,MELB_URBAN,WHITEHORSE,METROPOLITAN SOUTH EAST REGION,2018,12,December,BLACKBURN NORTH
144.95494641336867,-37.81217752099506,3473784,27/12/2018,23.50.00,Yes,Collision with vehicle,Thursday,LANE CHANGE LEFT (NOT OVERTAKING),Dark Street lights on,144.95495,-37.81218,MELBOURNE,METROPOLITAN NORTH WEST REGION,2,1,0,0,1,1,1,0,1,0,1,0,0,0,0,0,0,0,0,0,No,0,2,0,1,0,0,MELBOURNE_CBD,"MELBOURNE_CBD,MELB_URBAN",MELBOURNE,METROPOLITAN NORTH WEST REGION,2018,12,December,MELBOURNE
144.89249140735456,-37.85631662211327,3473786,6/1/2019,10.30.00,No,Collision with vehicle,,CROSS TRAFFIC(INTERSECTIONS ONLY),Day,144.89248999999998,-37.856320000000004,HOBSONS BAY,METROPOLITAN NORTH WEST REGION,2,1,0,0,1,1,1,0,1,0,1,0,0,0,0,0,0,0,0,0,No,0,2,0,1,0,0,MELB_URBAN,MELB_URBAN,HOBSONS BAY,METROPOLITAN NORTH WEST REGION,2019,1,January,WILLIAMSTOWN
145.07621089985614,-37.80258488337263,3473792,7/1/2019,08.40.00,Yes,Collision with vehicle,Sunday,RIGHT THROUGH,Day,145.07621,-37.80258,BOROONDARA,METROPOLITAN SOUTH EAST REGION,2,1,0,0,1,1,2,0,1,0,1,0,0,0,0,0,0,0,0,0,No,0,2,0,1,0,0,MELB_URBAN,MELB_URBAN,BOROONDARA,METROPOLITAN SOUTH EAST REGION,2019,1,January,BALWYN NORTH
144.6183532065614,-38.26628519312761,3473798,15/1/2019,07.49.00,No,collision with some other object,Tuesday,STRUCK OBJECT ON CARRIAGEWAY,Day,144.61835,-38.266290000000005,GEELONG,SOUTH WESTERN REGION,1,1,0,1,0,0,1,0,1,0,0,0,0,0,0,0,0,0,0,0,No,0,1,0,0,0,0,RURAL_VICTORIA,RURAL_VICTORIA,GEELONG,SOUTH WESTERN REGION,2019,1,January,POINT LONSDALE
145.03278688495476,-37.9439589751696,3473813,19/12/2018,10.00.00,No,Collision with vehicle,Tuesday,CROSS TRAFFIC(INTERSECTIONS ONLY),Day,145.03278999999998,-37.94396,BAYSIDE,METROPOLITAN SOUTH EAST REGION,4,1,0,0,1,3,2,2,1,2,1,0,0,0,0,0,0,0,0,0,No,0,2,0,1,0,0,MELB_URBAN,MELB_URBAN,BAYSIDE,METROPOLITAN SOUTH EAST REGION,2018,12,December,HAMPTON EAST
147.99409756182555,-37.877820604724974,3473825,28/12/2018,07.40.00,No,Collision with vehicle,Thursday,OTHER ACCIDENTS ON CURVE NOT INCLUDED IN DCAs 180-184,Day,147.9941,-37.87782,EAST GIPPSLAND,EASTERN REGION,2,2,0,0,2,0,1,1,1,0,1,0,0,0,0,0,0,0,0,0,No,0,2,0,1,0,0,TOWNS,TOWNS,EAST GIPPSLAND,"EASTERN REGION,EASTERN REGION",2018,12,December,LAKES ENTRANCE
144.9946356709816,-38.304436020894535,3473832,28/12/2018,11.30.00,No,Collision with vehicle,Friday,RIGHT THROUGH,Day,144.99464,-38.30444,MORNINGTON PENINSULA,METROPOLITAN SOUTH EAST REGION,2,1,0,1,0,1,2,0,1,0,1,0,0,0,0,0,0,0,0,0,No,0,2,0,1,0,0,MELB_URBAN,MELB_URBAN,MORNINGTON PENINSULA,METROPOLITAN SOUTH EAST REGION,2018,12,December,MOUNT MARTHA
145.26506543075078,-37.80998196767963,3473837,7/1/2019,13.15.00,No,Collision with vehicle,Monday,RIGHT FAR (INTERSECTIONS ONLY),Day,145.26507,-37.809979999999996,MAROONDAH,METROPOLITAN SOUTH EAST REGION,3,1,0,0,1,2,1,2,1,1,1,0,0,0,0,0,0,0,0,0,No,0,2,0,1,0,0,MELB_URBAN,MELB_URBAN,MAROONDAH,METROPOLITAN SOUTH EAST REGION,2019,1,January,CROYDON