X,Y,OBJECTID,ACCIDENT_DATE,ACCIDENT_TIME,ALCOHOLTIME,ACCIDENT_TYPE,DAY_OF_WEEK,DCA_CODE,LIGHT_CONDITION,LONGITUDE,LATITUDE,LGA_NAME,REGION_NAME,TOTAL_PERSONS,INJ_OR_FATAL,FATALITY,SERIOUSINJURY,OTHERINJURY,NONINJURED,MALES,FEMALES,BICYCLIST,PASSENGER,DRIVER,PEDESTRIAN,PILLION,MOTORIST,UNKNOWN,PED_CYCLIST_5_12,PED_CYCLIST_13_18,OLD_PEDESTRIAN,OLD_DRIVER,YOUNG_DRIVER,ALCOHOL_RELATED,UNLICENCSED,NO_OF_VEHICLES,HEAVYVEHICLE,PASSENGERVEHICLE,MOTORCYCLE,PUBLICVEHICLE,DEG_URBAN_NAME,DEG_URBAN_ALL,LGA_NAME_ALL,REGION_NAME_ALL,Year,Month,Month_name,Suburb
145.35704762939355,-38.05284329988121,3473844,19/12/2018,13.22.00,No,Collision with vehicle,Wednesday,RIGHT THROUGH,Day,145.35705,-38.05284,CASEY,METROPOLITAN SOUTH EAST REGION,2,1,0,0,1,1,2,0,1,0,1,0,0,0,0,0,1,0,0,0,No,0,2,0,1,0,0,MELB_URBAN,MELB_URBAN,CASEY,METROPOLITAN SOUTH EAST REGION,2018,12,December,BERWICK
144.89942608148965,-37.764268620038855,3473849,15/7/2018,10.30.00,No,Collision with vehicle,,LANE CHANGE LEFT (NOT OVERTAKING),Day,144.89943,-37.76427,MOONEE VALLEY,METROPOLITAN NORTH WEST REGION,3,1,0,0,1,2,2,1,1,1,1,0,0,0,0,0,0,0,0,0,No,0,2,0,1,0,0,MELB_URBAN,MELB_URBAN,MOONEE VALLEY,METROPOLITAN NORTH WEST REGION,2018,7,July,ABERFELDIE
144.31797205882083,-38.33787177985555,3473853,16/1/2019,07.45.00,No,Collision with vehicle,Wednesday,RIGHT THROUGH,Day,144.31797,-38.33787,SURF COAST,SOUTH WESTERN REGION,2,1,0,1,0,1,1,1,1,0,1,0,0,0,0,0,0,0,0,0,No,0,2,0,1,0,0,SMALL_CITIES,SMALL_CITIES,SURF COAST,SOUTH WESTERN REGION,2019,1,January,TORQUAY
144.3636705102803,-38.15042244994927,3473854,16/1/2019,07.55.00,No,Collision with vehicle,Tuesday,LANE CHANGE LEFT (NOT OVERTAKING),Day,144.36366999999998,-38.150420000000004,GEELONG,SOUTH WESTERN REGION,2,1,0,0,1,1,1,1,1,0,1,0,0,0,0,0,0,0,0,0,No,0,2,0,1,0,0,LARGE_PROVINCIAL_CITIES,LARGE_PROVINCIAL_CITIES,GEELONG,SOUTH WESTERN REGION,2019,1,January,GEELONG
144.9495930381161,-37.83016977482645,3473855,16/1/2019,08.40.00,No,Collision with vehicle,Tuesday,RIGHT THROUGH,Day,144.94959,-37.83017,PORT PHILLIP,METROPOLITAN NORTH WEST REGION,2,1,0,0,1,1,1,1,1,0,1,0,0,0,0,0,0,0,0,0,No,0,2,0,1,0,0,MELB_URBAN,MELB_URBAN,PORT PHILLIP,METROPOLITAN NORTH WEST REGION,2019,1,January,SOUTH MELBOURNE
144.5697724176311,-38.17525650149177,3473868,5/12/2018,16.45.00,No,Struck Pedestrian,Wednesday,VEH STRIKES PED ON FOOTPATH/MEDIAN/TRAFFIC ISLAND.,Day,144.56977,-38.175259999999994,GEELONG,SOUTH WESTERN REGION,2,1,0,1,0,1,1,1,1,0,0,1,0,0,0,0,1,0,0,0,No,0,1,0,0,0,0,SMALL_CITIES,SMALL_CITIES,GEELONG,SOUTH WESTERN REGION,2018,12,December,DRYSDALE
144.9361020893118,-37.78361915877502,3473870,20/12/2018,08.50.00,No,Collision with vehicle,Thursday,RIGHT NEAR (INTERSECTIONS ONLY),Day,144.9361,-37.78362,MOONEE VALLEY,METROPOLITAN NORTH WEST REGION,2,1,0,0,1,1,2,0,1,0,1,0,0,0,0,0,0,0,0,0,No,0,2,0,0,0,0,MELB_URBAN,MELB_URBAN,MOONEE VALLEY,METROPOLITAN NORTH WEST REGION,2018,12,December,FLEMINGTON
144.3525571103505,-38.19678814721704,3473881,23/12/2018,09.30.00,Yes,Collision with vehicle,Sunday,CROSS TRAFFIC(INTERSECTIONS ONLY),Day,144.35256,-38.19679,GEELONG,SOUTH WESTERN REGION,2,1,0,1,0,1,1,1,1,0,1,0,0,0,0,0,0,0,0,0,No,0,2,0,1,0,0,LARGE_PROVINCIAL_CITIES,LARGE_PROVINCIAL_CITIES,GEELONG,SOUTH WESTERN REGION,2018,12,December,GROVEDALE
143.93069556167345,-38.477506926386354,3473890,7/1/2019,15.40.00,No,Collision with vehicle,Monday,U TURN,Day,143.9307,-38.477509999999995,SURF COAST,SOUTH WESTERN REGION,2,1,0,0,1,1,1,1,1,0,1,0,0,0,0,0,1,0,0,0,No,0,2,0,1,0,0,RURAL_VICTORIA,RURAL_VICTORIA,SURF COAST,SOUTH WESTERN REGION,2019,1,January,BENWERRIN
145.02921665205596,-37.71024926556157,3473918,18/12/2018,16.00.00,No,Collision with vehicle,Tuesday,OTHER ADJACENT (INTERSECTIONS ONLY),Unk.,145.02922,-37.71025,DAREBIN,METROPOLITAN NORTH WEST REGION,2,1,0,0,1,1,1,1,1,0,1,0,0,0,0,0,0,0,0,0,No,0,2,0,1,0,0,MELB_URBAN,MELB_URBAN,DAREBIN,METROPOLITAN NORTH WEST REGION,2018,12,December,RESERVOIR
144.98384677916738,-37.783308111740226,3473927,20/12/2018,08.30.00,No,Collision with vehicle,Wednesday,LANE SIDE SWIPE (VEHICLES IN PARALLEL LANES),Day,144.98385,-37.78331,YARRA,METROPOLITAN NORTH WEST REGION,2,1,0,0,1,1,1,1,1,0,1,0,0,0,0,0,0,0,0,0,No,0,2,0,1,0,0,MELB_URBAN,MELB_URBAN,YARRA,METROPOLITAN NORTH WEST REGION,2018,12,December,FITZROY NORTH
144.9061835762187,-38.35546132967721,3473931,29/12/2018,16.55.00,Yes,Collision with vehicle,Friday,CROSS TRAFFIC(INTERSECTIONS ONLY),Day,144.90618,-38.35546,MORNINGTON PENINSULA,METROPOLITAN SOUTH EAST REGION,3,1,0,0,1,2,2,1,1,1,1,0,0,0,0,0,1,0,0,0,No,0,2,0,1,0,0,MELB_URBAN,MELB_URBAN,MORNINGTON PENINSULA,METROPOLITAN SOUTH EAST REGION,2018,12,December,ROSEBUD
144.31969372131817,-38.337583473428396,3473941,30/12/2018,11.00.00,No,Collision with vehicle,,ENTERING PARKING,Day,144.31968999999998,-38.337579999999996,SURF COAST,SOUTH WESTERN REGION,2,1,0,0,1,1,1,1,1,0,1,0,0,0,0,0,0,0,0,1,No,0,2,0,1,0,0,SMALL_CITIES,SMALL_CITIES,SURF COAST,SOUTH WESTERN REGION,2018,12,December,TORQUAY
144.94213880983074,-37.78756533486929,3473943,8/1/2019,16.00.00,No,Collision with vehicle,Tuesday,LEFT TURN SIDESWIPE,Day,144.94214,-37.78757,MELBOURNE,METROPOLITAN NORTH WEST REGION,2,1,0,1,0,1,1,1,1,0,1,0,0,0,0,0,0,0,0,1,No,0,2,0,1,0,0,MELB_URBAN,MELB_URBAN,MELBOURNE,METROPOLITAN NORTH WEST REGION,2019,1,January,PARKVILLE
144.9584528969046,-37.7938465876027,3473959,17/1/2019,08.28.00,No,Collision with vehicle,Thursday,OUT OF CONTROL (OVERTAKING),Day,144.95845,-37.79385,MELBOURNE,METROPOLITAN NORTH WEST REGION,2,2,0,1,1,0,1,1,1,0,1,0,0,0,0,0,0,0,0,0,No,0,3,0,2,0,0,MELB_URBAN,MELB_URBAN,MELBOURNE,METROPOLITAN NORTH WEST REGION,2019,1,January,PARKVILLE
145.0079584361995,-37.811289530048526,3473961,17/1/2019,08.55.00,No,Collision with vehicle,Thursday,VEHICLE STRIKES DOOR OF PARKED/STATIONARY VEHICLE,Day,145.00796,-37.81129,YARRA,METROPOLITAN NORTH WEST REGION,2,1,0,0,1,1,2,0,1,0,1,0,0,0,0,0,0,0,0,0,No,0,2,0,1,0,0,MELB_URBAN,MELB_URBAN,YARRA,METROPOLITAN NORTH WEST REGION,2019,1,January,RICHMOND
144.99792500317525,-37.81567342427544,3473981,21/12/2018,11.00.00,No,Collision with vehicle,Friday,HEAD ON (NOT OVERTAKING),Day,144.99793,-37.815670000000004,YARRA,METROPOLITAN NORTH WEST REGION,2,1,0,0,1,1,2,0,1,0,1,0,0,0,0,0,0,0,0,0,No,0,2,0,1,0,0,MELB_URBAN,MELB_URBAN,YARRA,METROPOLITAN NORTH WEST REGION,2018,12,December,RICHMOND
145.22771597188537,-37.84854165032524,3474001,9/1/2019,06.15.00,No,No collision and no object struck,Wednesday,OUT OF CONTROL ON CARRIAGEWAY (ON STRAIGHT),Day,145.22772,-37.84854,KNOX,METROPOLITAN SOUTH EAST REGION,1,1,0,1,0,0,1,0,1,0,0,0,0,0,0,0,0,0,0,0,Yes,0,1,0,0,0,0,MELB_URBAN,MELB_URBAN,KNOX,METROPOLITAN SOUTH EAST REGION,2019,1,January,WANTIRNA
144.971130217923,-37.85442133646461,3474004,9/1/2019,17.20.00,No,Collision with vehicle,Tuesday,LANE CHANGE LEFT (NOT OVERTAKING),Day,144.97113000000002,-37.854420000000005,PORT PHILLIP,METROPOLITAN NORTH WEST REGION,2,1,0,0,1,1,2,0,1,0,1,0,0,0,0,0,0,0,0,0,No,0,2,0,1,0,0,MELB_URBAN,MELB_URBAN,PORT PHILLIP,METROPOLITAN NORTH WEST REGION,2019,1,January,ST KILDA WEST
144.9787232367749,-37.844251735317826,3474009,14/1/2019,17.30.00,Yes,Collision with vehicle,Sunday,LANE CHANGE LEFT (NOT OVERTAKING),Day,144.97871999999998,-37.84425,MELBOURNE,METROPOLITAN NORTH WEST REGION,2,1,0,0,1,1,1,1,1,0,1,0,0,0,0,0,0,0,0,0,No,0,2,0,1,0,0,MELB_URBAN,MELB_URBAN,MELBOURNE,METROPOLITAN NORTH WEST REGION,2019,1,January,MELBOURNE
143.8494324962293,-37.549957667681156,3474010,17/1/2019,05.50.00,Yes,Collision with vehicle,Thursday,RIGHT NEAR (INTERSECTIONS ONLY),Unk.,143.84943,-37.54996,BALLARAT,WESTERN REGION,2,1,0,0,1,1,2,0,1,0,1,0,0,0,0,0,0,0,0,0,No,0,2,0,1,0,0,LARGE_PROVINCIAL_CITIES,LARGE_PROVINCIAL_CITIES,BALLARAT,WESTERN REGION,2019,1,January,LAKE WENDOUREE
145.0121286952923,-37.630563879005045,3474018,17/1/2019,17.20.00,No,Collision with vehicle,Thursday,OTHER OPPOSING MANOEUVRES NOT INCLUDED IN DCAs 120-125.,Day,145.01213,-37.630559999999996,WHITTLESEA,METROPOLITAN NORTH WEST REGION,2,1,0,0,1,1,1,1,1,0,1,0,0,0,0,0,0,0,0,0,No,0,2,0,1,0,0,MELB_URBAN,MELB_URBAN,WHITTLESEA,METROPOLITAN NORTH WEST REGION,2019,1,January,EPPING
144.95650391163537,-37.80381708715217,3474020,18/1/2019,08.22.00,No,Collision with vehicle,Friday,CROSS TRAFFIC(INTERSECTIONS ONLY),Day,144.9565,-37.80382,MELBOURNE,METROPOLITAN NORTH WEST REGION,2,1,0,0,1,1,2,0,1,0,1,0,0,0,0,0,0,0,0,0,No,0,2,1,0,0,0,MELB_URBAN,MELB_URBAN,MELBOURNE,METROPOLITAN NORTH WEST REGION,2019,1,January,NORTH MELBOURNE
144.96315931889373,-37.81424771478841,3474025,20/12/2018,16.00.00,No,Collision with vehicle,Wednesday,VEHICLE STRIKES DOOR OF PARKED/STATIONARY VEHICLE,Day,144.96316000000002,-37.81425,MELBOURNE,METROPOLITAN NORTH WEST REGION,3,1,0,0,1,2,0,1,1,1,1,0,0,0,0,0,0,0,0,0,No,0,2,0,1,0,0,MELBOURNE_CBD,MELBOURNE_CBD,MELBOURNE,METROPOLITAN NORTH WEST REGION,2018,12,December,MELBOURNE
145.16632704962413,-37.83547523400649,3474034,21/12/2018,11.30.00,No,Collision with vehicle,Friday,LEFT THROUGH,Day,145.16633000000002,-37.83548,WHITEHORSE,METROPOLITAN SOUTH EAST REGION,2,1,0,0,1,1,1,1,1,0,1,0,0,0,0,0,0,0,0,0,No,0,2,0,1,0,0,MELB_URBAN,MELB_URBAN,WHITEHORSE,METROPOLITAN SOUTH EAST REGION,2018,12,December,FOREST HILL
143.9788562275618,-38.53231955112757,3474037,31/12/2018,10.00.00,No,collision with some other object,Monday,STRUCK OBJECT ON CARRIAGEWAY,Day,143.97886,-38.53232,SURF COAST,SOUTH WESTERN REGION,1,1,0,0,1,0,1,0,1,0,0,0,0,0,0,0,0,0,0,0,No,0,1,0,0,0,0,TOWNS,TOWNS,SURF COAST,SOUTH WESTERN REGION,2018,12,December,LORNE
145.1634887133491,-37.99013715177293,3474093,31/12/2018,19.25.00,Yes,Collision with vehicle,Monday,OTHER ADJACENT (INTERSECTIONS ONLY),Day,145.16349,-37.990140000000004,DANDENONG,METROPOLITAN SOUTH EAST REGION,4,1,0,0,1,3,2,2,2,1,1,0,0,0,0,1,0,0,0,0,No,0,3,0,1,0,0,MELB_URBAN,MELB_URBAN,DANDENONG,METROPOLITAN SOUTH EAST REGION,2018,12,December,KEYSBOROUGH
145.14899134278346,-37.71213336983643,3474118,16/11/2018,17.55.00,No,Collision with vehicle,Thursday,REAR END(VEHICLES IN SAME LANE),Day,145.14899,-37.71213,NILLUMBIK,METROPOLITAN NORTH WEST REGION,2,1,0,0,1,1,2,0,1,0,1,0,0,0,0,0,0,0,0,0,No,0,2,0,1,0,0,MELB_URBAN,MELB_URBAN,NILLUMBIK,METROPOLITAN NORTH WEST REGION,2018,11,November,ELTHAM
144.99758929031387,-37.884213058030866,3474130,11/12/2018,17.30.00,No,Collision with vehicle,Monday,LANE CHANGE LEFT (NOT OVERTAKING),Unk.,144.99759,-37.884209999999996,GLEN EIRA,METROPOLITAN SOUTH EAST REGION,2,1,0,0,1,1,0,2,1,0,1,0,0,0,0,0,0,0,0,0,No,0,2,0,1,0,0,MELB_URBAN,MELB_URBAN,GLEN EIRA,METROPOLITAN SOUTH EAST REGION,2018,12,December,ELSTERNWICK
144.9676967788902,-37.80506276124694,3474154,11/1/2019,08.20.00,No,Collision with vehicle,Thursday,RIGHT THROUGH,Day,144.9677,-37.80506,MELBOURNE,METROPOLITAN NORTH WEST REGION,2,1,0,0,1,1,0,2,1,0,1,0,0,0,0,0,0,0,0,0,No,0,2,0,1,0,0,MELB_URBAN,MELB_URBAN,MELBOURNE,METROPOLITAN NORTH WEST REGION,2019,1,January,CARLTON
145.0021018606611,-37.840277247459504,3474157,11/1/2019,09.06.00,No,Collision with vehicle,Friday,CROSS TRAFFIC(INTERSECTIONS ONLY),Day,145.0021,-37.84028,STONNINGTON,METROPOLITAN SOUTH EAST REGION,2,1,0,0,1,1,1,1,1,0,1,0,0,0,0,0,0,0,1,0,No,0,2,0,1,0,0,MELB_URBAN,MELB_URBAN,STONNINGTON,METROPOLITAN SOUTH EAST REGION,2019,1,January,SOUTH YARRA
145.00176395944385,-37.81614929430194,3474162,11/1/2019,12.45.00,No,Collision with vehicle,Thursday,RIGHT THROUGH,Day,145.00176000000002,-37.81615,YARRA,METROPOLITAN NORTH WEST REGION,2,1,0,0,1,1,0,2,1,0,1,0,0,0,0,0,0,0,0,0,No,0,2,0,1,0,0,MELB_URBAN,MELB_URBAN,YARRA,METROPOLITAN NORTH WEST REGION,2019,1,January,RICHMOND
144.96579492684324,-37.80781056745366,3474181,22/12/2018,15.27.00,Yes,Collision with vehicle,Saturday,RIGHT NEAR (INTERSECTIONS ONLY),Day,144.96579,-37.807809999999996,MELBOURNE,METROPOLITAN NORTH WEST REGION,2,1,0,0,1,1,2,0,1,0,1,0,0,0,0,0,0,0,0,0,No,0,2,0,1,0,0,MELB_URBAN,MELB_URBAN,MELBOURNE,METROPOLITAN NORTH WEST REGION,2018,12,December,MELBOURNE
144.98579516431738,-37.84733466933466,3474198,22/12/2018,23.30.00,Yes,No collision and no object struck,Saturday,OUT OF CONTROL ON CARRIAGEWAY (ON STRAIGHT),Dark No street lights,144.9858,-37.84733,STONNINGTON,METROPOLITAN SOUTH EAST REGION,2,1,0,0,1,1,1,0,1,0,0,0,0,0,1,0,0,0,0,0,No,0,2,0,0,0,0,MELB_URBAN,MELB_URBAN,STONNINGTON,METROPOLITAN SOUTH EAST REGION,2018,12,December,PRAHRAN
144.9523650833883,-37.80923866893294,3474217,16/12/2018,00.05.00,Yes,Collision with vehicle,Sunday,CROSS TRAFFIC(INTERSECTIONS ONLY),Dark Street lights on,144.95237,-37.80924,MELBOURNE,METROPOLITAN NORTH WEST REGION,3,1,0,0,1,2,3,0,1,1,1,0,0,0,0,0,0,0,0,1,No,0,2,0,1,0,0,MELB_URBAN,MELB_URBAN,MELBOURNE,METROPOLITAN NORTH WEST REGION,2018,12,December,WEST MELBOURNE
145.12531265239372,-37.587018444894376,3474240,23/12/2018,10.50.00,No,Collision with vehicle,Sunday,CROSS TRAFFIC(INTERSECTIONS ONLY),Day,145.12531,-37.58702,WHITTLESEA,METROPOLITAN NORTH WEST REGION,2,1,0,0,1,1,1,1,1,0,1,0,0,0,0,0,0,0,0,0,No,0,2,0,1,0,0,MELB_URBAN,MELB_URBAN,WHITTLESEA,METROPOLITAN NORTH WEST REGION,2018,12,December,DOREEN
144.56080994430138,-38.16132277843796,3474253,2/1/2019,13.00.00,No,Collision with vehicle,Wednesday,RIGHT THROUGH,Day,144.56081,-38.16132,GEELONG,SOUTH WESTERN REGION,2,1,0,0,1,1,1,1,1,0,1,0,0,0,0,0,0,0,0,0,No,0,2,0,1,0,0,SMALL_CITIES,SMALL_CITIES,GEELONG,SOUTH WESTERN REGION,2019,1,January,CLIFTON SPRINGS
144.96265812869112,-37.80993630449976,3474255,20/12/2018,19.30.00,Yes,Collision with vehicle,Thursday,LANE CHANGE LEFT (NOT OVERTAKING),Unk.,144.96266,-37.809940000000005,MELBOURNE,METROPOLITAN NORTH WEST REGION,2,1,0,0,1,1,2,0,1,0,1,0,0,0,0,0,0,0,0,0,No,0,2,0,1,0,0,MELBOURNE_CBD,"MELBOURNE_CBD,MELB_URBAN",MELBOURNE,METROPOLITAN NORTH WEST REGION,2018,12,December,MELBOURNE
145.25091201296058,-37.843136833260495,3474259,11/1/2019,19.15.00,Yes,Collision with vehicle,Friday,LEFT FAR (INTERSECTIONS ONLY),Day,145.25091,-37.843140000000005,KNOX,METROPOLITAN SOUTH EAST REGION,3,1,0,0,1,2,3,0,1,1,1,0,0,0,0,1,0,0,0,1,No,0,2,0,1,0,0,MELB_URBAN,MELB_URBAN,KNOX,METROPOLITAN SOUTH EAST REGION,2019,1,January,BAYSWATER
144.97186370844403,-37.77056197127649,3474266,19/12/2018,13.55.00,No,Collision with vehicle,Tuesday,RIGHT THROUGH,Unk.,144.97186000000002,-37.770559999999996,MORELAND,METROPOLITAN NORTH WEST REGION,2,1,0,0,1,1,1,1,1,0,1,0,0,0,0,0,0,0,0,0,No,0,2,0,1,0,0,MELB_URBAN,MELB_URBAN,MORELAND,METROPOLITAN NORTH WEST REGION,2018,12,December,BRUNSWICK
143.00551201110903,-38.168034283201656,3474285,20/12/2018,10.01.00,No,Fall from or in moving vehicle,Thursday,OUT OF CONTROL ON CARRIAGEWAY (ON BEND),Day,143.00551000000002,-38.16803,CORANGAMITE,SOUTH WESTERN REGION,1,1,0,1,0,0,1,0,1,0,0,0,0,0,0,0,0,0,0,0,No,0,1,0,0,0,0,RURAL_VICTORIA,RURAL_VICTORIA,CORANGAMITE,SOUTH WESTERN REGION,2018,12,December,GLENORMISTON NORTH
145.32289133296638,-37.785623305011136,3474290,23/12/2018,16.11.00,Yes,Collision with vehicle,Sunday,RIGHT NEAR (INTERSECTIONS ONLY),Day,145.32289,-37.78562,YARRA RANGES,METROPOLITAN SOUTH EAST REGION,2,1,0,1,0,1,1,1,1,0,1,0,0,0,0,0,1,0,0,0,No,0,2,0,1,0,0,MELB_URBAN,MELB_URBAN,YARRA RANGES,METROPOLITAN SOUTH EAST REGION,2018,12,December,MOOROOLBARK
144.9834581975459,-37.86431643262592,3474295,29/12/2018,14.20.00,Yes,Collision with vehicle,Saturday,RIGHT THROUGH,Day,144.98346,-37.86432,PORT PHILLIP,METROPOLITAN NORTH WEST REGION,2,1,0,0,1,1,2,0,1,0,1,0,0,0,0,0,0,0,0,0,No,0,2,0,1,0,0,MELB_URBAN,MELB_URBAN,PORT PHILLIP,METROPOLITAN NORTH WEST REGION,2018,12,December,ST KILDA
145.50205346558081,-38.060528202286314,3474299,3/1/2019,17.45.00,No,Collision with vehicle,Thursday,RIGHT REAR.,Day,145.50205,-38.06053,CARDINIA,METROPOLITAN SOUTH EAST REGION,2,1,0,0,1,1,1,1,1,0,1,0,0,0,0,0,0,0,0,0,No,0,2,0,1,0,0,SMALL_CITIES,SMALL_CITIES,CARDINIA,METROPOLITAN SOUTH EAST REGION,2019,1,January,PAKENHAM
145.02982106073281,-37.80715183970261,3474301,3/1/2019,19.31.00,Yes,No collision and no object struck,Thursday,OUT OF CONTROL ON CARRIAGEWAY (ON STRAIGHT),Day,145.02982,-37.80715,BOROONDARA,METROPOLITAN SOUTH EAST REGION,1,1,0,0,1,0,0,1,1,0,0,0,0,0,0,0,0,0,0,0,No,0,1,0,0,0,0,MELB_URBAN,MELB_URBAN,BOROONDARA,METROPOLITAN SOUTH EAST REGION,2019,1,January,KEW
142.20540845413075,-36.73351382615359,3474307,4/1/2019,10.00.00,No,Collision with vehicle,Friday,LEFT NEAR (INTERSECTIONS ONLY),Day,142.20541,-36.733509999999995,HORSHAM,WESTERN REGION,2,1,0,0,1,1,2,0,1,0,1,0,0,0,0,0,0,0,0,0,No,0,2,0,1,0,0,SMALL_CITIES,SMALL_CITIES,HORSHAM,WESTERN REGION,2019,1,January,HORSHAM
144.99195099254393,-37.88173165510224,3474322,17/12/2018,05.45.00,Yes,Collision with vehicle,Monday,RIGHT THROUGH,Dusk/Dawn,144.99195,-37.88173,PORT PHILLIP,METROPOLITAN NORTH WEST REGION,2,2,0,1,1,0,1,0,1,0,0,0,0,0,1,0,0,0,0,0,No,0,2,0,0,0,0,MELB_URBAN,MELB_URBAN,PORT PHILLIP,METROPOLITAN NORTH WEST REGION,2018,12,December,ELWOOD
144.9338714373895,-37.70442003250329,3474323,14/12/2018,18.08.00,Yes,Collision with vehicle,Thursday,CROSS TRAFFIC(INTERSECTIONS ONLY),Dark Street lights on,144.93386999999998,-37.70442,MORELAND,METROPOLITAN NORTH WEST REGION,2,1,0,0,1,1,1,1,1,0,1,0,0,0,0,0,0,0,0,0,No,0,2,0,1,0,0,MELB_URBAN,MELB_URBAN,MORELAND,METROPOLITAN NORTH WEST REGION,2018,12,December,GLENROY
146.62564191788,-38.05230234965081,3474341,22/12/2018,09.30.00,No,No collision and no object struck,Saturday,OUT OF CONTROL ON CARRIAGEWAY (ON STRAIGHT),Day,146.62564,-38.0523,LATROBE,EASTERN REGION,1,1,0,1,0,0,1,0,1,0,0,0,0,0,0,0,0,0,0,0,No,0,1,0,0,0,0,RURAL_VICTORIA,RURAL_VICTORIA,LATROBE,"EASTERN REGION,EASTERN REGION",2018,12,December,TOONGABBIE
145.0939896016609,-37.646153502686246,3474343,24/12/2018,11.45.00,No,Collision with vehicle,Monday,RIGHT THROUGH,Day,145.09399,-37.64615,WHITTLESEA,METROPOLITAN NORTH WEST REGION,2,1,0,0,1,1,1,1,1,0,1,0,0,0,0,0,0,0,0,0,No,0,2,0,1,0,0,MELB_URBAN,MELB_URBAN,WHITTLESEA,METROPOLITAN NORTH WEST REGION,2018,12,December,SOUTH MORANG
145.09029791966736,-37.91010834478928,3474362,12/1/2019,18.08.00,Yes,Collision with vehicle,Saturday,CROSS TRAFFIC(INTERSECTIONS ONLY),Day,145.0903,-37.910109999999996,MONASH,METROPOLITAN SOUTH EAST REGION,2,1,0,0,1,1,1,1,1,0,1,0,0,0,0,1,0,0,0,0,No,0,2,0,1,0,0,MELB_URBAN,MELB_URBAN,MONASH,METROPOLITAN SOUTH EAST REGION,2019,1,January,OAKLEIGH SOUTH
144.9667184556646,-37.81766249527588,3474370,13/1/2019,06.15.00,Yes,Other accident,Sunday,OTHER ACCIDENTS NOT CLASSIFIABLE ELSEWHERE,Unk.,144.96672,-37.81766,MELBOURNE,METROPOLITAN NORTH WEST REGION,1,1,0,0,1,0,1,0,1,0,0,0,0,0,0,0,0,0,0,0,No,0,1,0,0,0,0,MELBOURNE_CBD,"MELBOURNE_CBD,MELB_URBAN",MELBOURNE,METROPOLITAN NORTH WEST REGION,2019,1,January,MELBOURNE
143.85588717841205,-37.55944962670385,3474390,24/12/2018,13.30.00,No,Collision with vehicle,Sunday,LANE CHANGE LEFT (NOT OVERTAKING),Day,143.85589,-37.55945,BALLARAT,WESTERN REGION,2,1,0,0,1,1,2,0,1,0,1,0,0,0,0,0,1,0,1,0,No,0,2,0,1,0,0,LARGE_PROVINCIAL_CITIES,LARGE_PROVINCIAL_CITIES,BALLARAT,WESTERN REGION,2018,12,December,BALLARAT CENTRAL
145.0303171942563,-37.79912163084271,3474410,5/1/2019,11.10.00,No,Collision with vehicle,Friday,CROSS TRAFFIC(INTERSECTIONS ONLY),Day,145.03032,-37.79912,BOROONDARA,METROPOLITAN SOUTH EAST REGION,2,1,0,0,1,1,2,0,1,0,1,0,0,0,0,0,0,0,0,0,No,0,2,0,1,0,0,MELB_URBAN,MELB_URBAN,BOROONDARA,METROPOLITAN SOUTH EAST REGION,2019,1,January,KEW
146.5436740673203,-38.301711325005186,3474440,24/12/2018,18.10.00,Yes,Collision with vehicle,Monday,CROSS TRAFFIC(INTERSECTIONS ONLY),Day,146.54367,-38.30171,LATROBE,EASTERN REGION,2,1,0,1,0,1,1,1,1,0,1,0,0,0,0,1,0,0,0,0,No,0,2,0,1,0,0,SMALL_TOWNS,SMALL_TOWNS,LATROBE,"EASTERN REGION,EASTERN REGION",2018,12,December,TRARALGON SOUTH
145.02538987022646,-37.78588001918703,3474447,25/12/2018,12.30.00,No,Collision with vehicle,Tuesday,VEHICLE STRIKES ANOTHER VEH WHILE EMERGING FROM DRIVEWAY,Day,145.02539,-37.78588,YARRA,METROPOLITAN NORTH WEST REGION,2,1,0,0,1,1,2,0,1,0,1,0,0,0,0,0,0,0,0,0,No,0,2,0,1,0,0,MELB_URBAN,MELB_URBAN,YARRA,METROPOLITAN NORTH WEST REGION,2018,12,December,ALPHINGTON
143.8705745433203,-37.56994637109298,3474459,5/1/2019,16.01.00,Yes,Collision with vehicle,Friday,CROSS TRAFFIC(INTERSECTIONS ONLY),Dusk/Dawn,143.87057,-37.56995,BALLARAT,WESTERN REGION,2,1,0,0,1,1,1,0,1,0,0,0,0,0,1,0,0,0,0,0,No,0,2,0,0,0,0,LARGE_PROVINCIAL_CITIES,LARGE_PROVINCIAL_CITIES,BALLARAT,WESTERN REGION,2019,1,January,GOLDEN POINT
144.89127792364764,-37.7763135857175,3474464,13/1/2019,11.10.00,No,Collision with vehicle,,CROSS TRAFFIC(INTERSECTIONS ONLY),Day,144.89128,-37.776309999999995,MARIBYRNONG,METROPOLITAN NORTH WEST REGION,2,1,0,0,1,1,2,0,1,0,1,0,0,0,0,0,0,0,0,0,No,0,2,0,1,0,0,MELB_URBAN,MELB_URBAN,MARIBYRNONG,METROPOLITAN NORTH WEST REGION,2019,1,January,MARIBYRNONG