X,Y,OBJECTID,ACCIDENT_DATE,ACCIDENT_TIME,ALCOHOLTIME,ACCIDENT_TYPE,DAY_OF_WEEK,DCA_CODE,LIGHT_CONDITION,LONGITUDE,LATITUDE,LGA_NAME,REGION_NAME,TOTAL_PERSONS,INJ_OR_FATAL,FATALITY,SERIOUSINJURY,OTHERINJURY,NONINJURED,MALES,FEMALES,BICYCLIST,PASSENGER,DRIVER,PEDESTRIAN,PILLION,MOTORIST,UNKNOWN,PED_CYCLIST_5_12,PED_CYCLIST_13_18,OLD_PEDESTRIAN,OLD_DRIVER,YOUNG_DRIVER,ALCOHOL_RELATED,UNLICENCSED,NO_OF_VEHICLES,HEAVYVEHICLE,PASSENGERVEHICLE,MOTORCYCLE,PUBLICVEHICLE,DEG_URBAN_NAME,DEG_URBAN_ALL,LGA_NAME_ALL,REGION_NAME_ALL,Year,Month,Month_name,Suburb
144.9128439891451,-37.75109099332073,3472568,13/11/2018,00.09.00,Yes,Collision with vehicle,Monday,CROSS TRAFFIC(INTERSECTIONS ONLY),Unk.,144.91284,-37.751090000000005,MOONEE VALLEY,METROPOLITAN NORTH WEST REGION,2,1,0,0,1,1,1,1,1,0,1,0,0,0,0,0,0,0,0,0,No,0,2,0,1,0,0,MELB_URBAN,MELB_URBAN,MOONEE VALLEY,METROPOLITAN NORTH WEST REGION,2018,11,November,ESSENDON
145.30286095806107,-37.82899011270498,3472581,24/10/2018,14.45.00,No,No collision and no object struck,Wednesday,OTHER ACCIDENTS-OFF STRAIGHT NOT INCLUDED IN DCAs 170-175,Day,145.30286,-37.828990000000005,MAROONDAH,METROPOLITAN SOUTH EAST REGION,2,1,0,0,1,1,2,0,1,0,1,0,0,0,0,0,0,0,0,0,No,1,2,0,1,0,0,MELB_URBAN,MELB_URBAN,MAROONDAH,METROPOLITAN SOUTH EAST REGION,2018,10,October,BAYSWATER NORTH
145.13805296220372,-38.070632391597115,3472591,29/10/2018,16.43.00,No,Collision with vehicle,Monday,VEHICLE STRIKES ANOTHER VEH WHILE EMERGING FROM DRIVEWAY,Day,145.13805,-38.07063,KINGSTON,METROPOLITAN SOUTH EAST REGION,2,1,0,1,0,1,1,1,1,0,1,0,0,0,0,0,0,0,0,0,No,0,2,0,1,0,0,MELB_URBAN,MELB_URBAN,KINGSTON,METROPOLITAN SOUTH EAST REGION,2018,10,October,PATTERSON LAKES
144.32679821337615,-38.12918060619007,3472609,6/11/2018,16.00.00,No,Collision with vehicle,Tuesday,RIGHT THROUGH,Dusk/Dawn,144.3268,-38.12918,GEELONG,SOUTH WESTERN REGION,2,2,0,0,2,0,2,0,1,0,1,0,0,0,0,0,0,0,0,0,No,0,2,0,1,0,0,LARGE_PROVINCIAL_CITIES,LARGE_PROVINCIAL_CITIES,GEELONG,SOUTH WESTERN REGION,2018,11,November,HERNE HILL
144.87581606164312,-37.818714497138814,3472611,6/11/2018,18.41.00,Yes,Collision with vehicle,Tuesday,RIGHT NEAR (INTERSECTIONS ONLY),Day,144.87582,-37.818709999999996,MARIBYRNONG,METROPOLITAN NORTH WEST REGION,2,1,0,1,0,1,2,0,1,0,1,0,0,0,0,0,1,0,0,0,No,0,2,0,1,0,0,MELB_URBAN,MELB_URBAN,MARIBYRNONG,METROPOLITAN NORTH WEST REGION,2018,11,November,YARRAVILLE
144.9419252497708,-37.74624426876705,3472625,13/11/2018,20.30.00,Yes,Collision with vehicle,Tuesday,RIGHT NEAR (INTERSECTIONS ONLY),Dark Street lights on,144.94193,-37.74624,MORELAND,METROPOLITAN NORTH WEST REGION,2,1,0,0,1,1,1,1,1,0,1,0,0,0,0,0,0,0,0,0,No,0,2,0,1,0,0,MELB_URBAN,MELB_URBAN,MORELAND,METROPOLITAN NORTH WEST REGION,2018,11,November,PASCOE VALE SOUTH
144.6911561828518,-37.863559960810335,3472634,23/10/2018,07.50.00,No,Collision with vehicle,Tuesday,LEFT NEAR (INTERSECTIONS ONLY),Day,144.69116,-37.86356,WYNDHAM,METROPOLITAN NORTH WEST REGION,2,1,0,0,1,1,1,1,1,0,1,0,0,0,0,0,0,0,0,0,No,0,2,0,1,0,0,MELB_URBAN,MELB_URBAN,WYNDHAM,METROPOLITAN NORTH WEST REGION,2018,10,October,HOPPERS CROSSING
144.9512331575489,-37.81990749176563,3472637,25/10/2018,09.00.00,No,Collision with vehicle,Thursday,VEHICLE STRIKES DOOR OF PARKED/STATIONARY VEHICLE,Day,144.95123,-37.81991,MELBOURNE,METROPOLITAN NORTH WEST REGION,4,1,0,0,1,3,2,1,1,1,2,0,0,0,0,0,0,0,0,0,No,0,3,0,2,0,0,MELB_URBAN,MELB_URBAN,MELBOURNE,METROPOLITAN NORTH WEST REGION,2018,10,October,DOCKLANDS
144.91606186295354,-37.7134895701326,3472653,3/11/2018,15.00.00,No,Collision with vehicle,Friday,PULLING OUT (OVERTAKING),Day,144.91606000000002,-37.71349,MORELAND,METROPOLITAN NORTH WEST REGION,2,1,0,0,1,1,2,0,1,0,1,0,0,0,0,1,0,0,0,0,No,0,2,0,1,0,0,MELB_URBAN,MELB_URBAN,MORELAND,METROPOLITAN NORTH WEST REGION,2018,11,November,OAK PARK
144.97042421399797,-37.83649511033059,3472663,7/11/2018,09.00.00,No,Collision with vehicle,Wednesday,LEFT TURN SIDESWIPE,Day,144.97042,-37.8365,PORT PHILLIP,METROPOLITAN NORTH WEST REGION,2,1,0,0,1,1,0,2,1,0,1,0,0,0,0,0,0,0,0,1,No,0,2,0,1,0,0,MELB_URBAN,MELB_URBAN,PORT PHILLIP,METROPOLITAN NORTH WEST REGION,2018,11,November,MELBOURNE
144.8851970841244,-37.777438436673506,3472665,7/11/2018,10.48.00,No,Collision with vehicle,Wednesday,VEHICLE OFF FOOTPATH STRIKES VEH ON CARRIAGEWAY,Day,144.8852,-37.777440000000006,MARIBYRNONG,METROPOLITAN NORTH WEST REGION,2,1,0,1,0,1,2,0,1,0,1,0,0,0,0,0,0,0,0,0,No,0,2,0,0,0,1,MELB_URBAN,MELB_URBAN,MARIBYRNONG,METROPOLITAN NORTH WEST REGION,2018,11,November,MARIBYRNONG
144.42220424951225,-38.24790351262352,3472671,13/11/2018,09.15.00,No,Collision with vehicle,Monday,LANE SIDE SWIPE (VEHICLES IN PARALLEL LANES),Day,144.4222,-38.2479,GEELONG,SOUTH WESTERN REGION,2,1,0,0,1,1,1,0,1,0,1,0,0,0,0,0,0,0,0,0,No,0,2,0,1,0,0,RURAL_VICTORIA,RURAL_VICTORIA,GEELONG,SOUTH WESTERN REGION,2018,11,November,CONNEWARRE
144.9693941851766,-37.804077990121634,3472679,17/10/2018,20.00.00,Yes,Collision with vehicle,Wednesday,VEHICLE STRIKES DOOR OF PARKED/STATIONARY VEHICLE,Unk.,144.96939,-37.80408,MELBOURNE,METROPOLITAN NORTH WEST REGION,2,1,0,0,1,1,0,2,1,0,1,0,0,0,0,0,0,0,0,1,No,0,2,0,1,0,0,MELB_URBAN,MELB_URBAN,MELBOURNE,METROPOLITAN NORTH WEST REGION,2018,10,October,CARLTON
144.89067430266863,-37.76382976700253,3472680,24/10/2018,17.12.00,No,Collision with vehicle,Wednesday,REAR END(VEHICLES IN SAME LANE),Day,144.89067,-37.76383,MARIBYRNONG,METROPOLITAN NORTH WEST REGION,2,1,0,0,1,1,0,1,2,0,0,0,0,0,0,0,0,0,0,0,No,0,2,0,0,0,0,MELB_URBAN,MELB_URBAN,MARIBYRNONG,METROPOLITAN NORTH WEST REGION,2018,10,October,MARIBYRNONG
144.97506940563932,-37.78491732692669,3472704,26/10/2018,07.30.00,No,Collision with vehicle,Thursday,CROSS TRAFFIC(INTERSECTIONS ONLY),Day,144.97507,-37.78492,YARRA,METROPOLITAN NORTH WEST REGION,2,1,0,1,0,1,1,1,1,0,0,0,0,0,1,0,0,0,0,0,No,0,2,0,0,0,0,MELB_URBAN,MELB_URBAN,YARRA,METROPOLITAN NORTH WEST REGION,2018,10,October,CARLTON NORTH
144.99230764991526,-37.81780818603728,3472736,25/10/2018,18.05.00,Yes,Collision with vehicle,Wednesday,RIGHT THROUGH,Day,144.99231,-37.817809999999994,YARRA,METROPOLITAN NORTH WEST REGION,2,1,0,0,1,1,1,1,1,0,1,0,0,0,0,0,0,0,0,0,No,0,2,0,1,0,0,MELB_URBAN,MELB_URBAN,YARRA,METROPOLITAN NORTH WEST REGION,2018,10,October,RICHMOND
144.96557103664225,-37.837731766401134,3472741,25/10/2018,18.10.00,Yes,Collision with vehicle,Thursday,OTHER MANOEUVRING NOT INCLUDED IN DCAs 140-148,Day,144.96556999999999,-37.83773,PORT PHILLIP,METROPOLITAN NORTH WEST REGION,2,1,0,0,1,1,2,0,1,0,1,0,0,0,0,0,0,0,1,0,No,0,2,0,1,0,0,MELB_URBAN,MELB_URBAN,PORT PHILLIP,METROPOLITAN NORTH WEST REGION,2018,10,October,SOUTH MELBOURNE
144.95316108446124,-37.80133188289234,3472751,31/10/2018,15.50.00,No,Collision with vehicle,Wednesday,VEHICLE OFF FOOTPATH STRIKES VEH ON CARRIAGEWAY,Day,144.95316,-37.80133,MELBOURNE,METROPOLITAN NORTH WEST REGION,2,1,0,0,1,1,1,1,1,0,1,0,0,0,0,1,0,0,0,1,No,0,2,0,1,0,0,MELB_URBAN,MELB_URBAN,MELBOURNE,METROPOLITAN NORTH WEST REGION,2018,10,October,NORTH MELBOURNE
145.1766803761668,-37.814180076956205,3472752,31/10/2018,17.00.00,No,Collision with vehicle,Wednesday,LEFT TURN SIDESWIPE,Day,145.17668,-37.81418,WHITEHORSE,METROPOLITAN SOUTH EAST REGION,2,1,0,0,1,1,2,0,1,0,1,0,0,0,0,0,0,0,0,0,No,0,2,0,1,0,0,MELB_URBAN,MELB_URBAN,WHITEHORSE,METROPOLITAN SOUTH EAST REGION,2018,10,October,NUNAWADING
146.85049663479612,-36.299148002023415,3472768,8/11/2018,08.55.00,No,Collision with vehicle,Thursday,HEAD ON (NOT OVERTAKING),Day,146.8505,-36.29915,INDIGO,NORTH EASTERN REGION,2,1,0,1,0,1,2,0,1,0,1,0,0,0,0,1,0,0,0,0,No,0,2,0,1,0,0,RURAL_VICTORIA,RURAL_VICTORIA,INDIGO,NORTH EASTERN REGION,2018,11,November,YACKANDANDAH
144.97014895757516,-37.83471126800325,3472773,14/11/2018,20.20.00,Yes,Collision with vehicle,Tuesday,LANE SIDE SWIPE (VEHICLES IN PARALLEL LANES),Dark Street lights on,144.97015,-37.83471,PORT PHILLIP,METROPOLITAN NORTH WEST REGION,2,1,0,0,1,1,2,0,1,0,1,0,0,0,0,0,0,0,0,0,No,0,2,1,0,0,0,MELB_URBAN,MELB_URBAN,PORT PHILLIP,METROPOLITAN NORTH WEST REGION,2018,11,November,SOUTH MELBOURNE
145.00033355640437,-37.86649188160287,3472781,15/11/2018,07.30.00,No,Struck Pedestrian,Thursday,PED EMERGES FROM IN FRONT OF PARKED OR STATIONARY VEHICLE,Day,145.00033,-37.86649,GLEN EIRA,METROPOLITAN NORTH WEST REGION,2,2,0,1,1,0,1,1,1,0,0,1,0,0,0,0,0,0,0,0,No,0,1,0,0,0,0,MELB_URBAN,MELB_URBAN,"PORT PHILLIP,GLEN EIRA","METROPOLITAN NORTH WEST REGION,METROPOLITAN SOUTH EAST REGION",2018,11,November,ST KILDA EAST
144.94552585497388,-37.735643992936524,3472793,26/10/2018,07.20.00,No,Collision with vehicle,Thursday,LEFT NEAR (INTERSECTIONS ONLY),Day,144.94553,-37.735640000000004,MORELAND,METROPOLITAN NORTH WEST REGION,3,1,0,0,1,2,2,1,1,1,1,0,0,0,0,0,0,0,0,0,No,0,2,0,1,0,0,MELB_URBAN,MELB_URBAN,MORELAND,METROPOLITAN NORTH WEST REGION,2018,10,October,PASCOE VALE SOUTH
145.0781651218631,-37.887243925250985,3472796,31/10/2018,15.25.00,No,Collision with vehicle,Wednesday,VEHICLE OFF FOOTPATH STRIKES VEH ON CARRIAGEWAY,Day,145.07817,-37.887240000000006,GLEN EIRA,METROPOLITAN SOUTH EAST REGION,2,1,0,0,1,1,1,1,1,0,1,0,0,0,0,0,0,0,0,1,No,0,2,0,1,0,0,MELB_URBAN,MELB_URBAN,"MONASH,GLEN EIRA",METROPOLITAN SOUTH EAST REGION,2018,10,October,HUGHESDALE
144.97547999256173,-37.78240500152105,3472814,7/11/2018,17.30.00,No,Collision with vehicle,Tuesday,CROSS TRAFFIC(INTERSECTIONS ONLY),Day,144.97548,-37.78241,YARRA,METROPOLITAN NORTH WEST REGION,2,1,0,1,0,1,1,1,1,0,1,0,0,0,0,0,0,0,0,0,No,0,2,0,1,0,0,MELB_URBAN,MELB_URBAN,YARRA,METROPOLITAN NORTH WEST REGION,2018,11,November,CARLTON NORTH
144.98849867316608,-37.77789921376819,3472816,7/11/2018,15.45.00,No,Collision with vehicle,Wednesday,RIGHT NEAR (INTERSECTIONS ONLY),Day,144.9885,-37.7779,YARRA,METROPOLITAN NORTH WEST REGION,2,1,0,0,1,1,1,1,1,0,1,0,0,0,0,0,0,0,0,0,No,0,2,0,1,0,0,MELB_URBAN,MELB_URBAN,YARRA,METROPOLITAN NORTH WEST REGION,2018,11,November,FITZROY NORTH
149.75059170600892,-37.55935244848156,3472821,8/11/2018,14.00.00,No,Fall from or in moving vehicle,Thursday,OFF CARRIAGEWAY TO LEFT,Day,149.75059,-37.55935,EAST GIPPSLAND,EASTERN REGION,1,1,0,1,0,0,1,0,1,0,0,0,0,0,0,0,0,0,0,0,No,0,1,0,0,0,0,SMALL_TOWNS,SMALL_TOWNS,EAST GIPPSLAND,"EASTERN REGION,EASTERN REGION",2018,11,November,MALLACOOTA
144.96225739533503,-37.81228152341232,3472822,8/11/2018,18.00.00,Yes,Collision with vehicle,Thursday,VEHICLE OFF FOOTPATH STRIKES VEH ON CARRIAGEWAY,Day,144.96226000000001,-37.81228,MELBOURNE,METROPOLITAN NORTH WEST REGION,2,1,0,0,1,1,0,2,1,0,1,0,0,0,0,0,0,0,0,0,No,0,2,0,1,0,0,MELBOURNE_CBD,MELBOURNE_CBD,MELBOURNE,METROPOLITAN NORTH WEST REGION,2018,11,November,MELBOURNE
145.02015000231603,-37.826509998613155,3472825,15/11/2018,09.00.00,No,Collision with vehicle,Thursday,REAR END(VEHICLES IN SAME LANE),Day,145.02015,-37.82651,YARRA,METROPOLITAN NORTH WEST REGION,2,1,0,0,1,1,0,2,1,0,1,0,0,0,0,0,0,0,0,0,No,0,2,0,1,0,0,MELB_URBAN,MELB_URBAN,YARRA,METROPOLITAN NORTH WEST REGION,2018,11,November,BURNLEY
144.96902466827004,-37.797320730630304,3472826,15/11/2018,06.31.00,No,Collision with vehicle,Thursday,LEFT TURN SIDESWIPE,Day,144.96902,-37.79732,MELBOURNE,METROPOLITAN NORTH WEST REGION,2,1,0,1,0,1,2,0,1,0,1,0,0,0,0,0,0,0,0,0,No,0,2,1,0,0,0,MELB_URBAN,MELB_URBAN,MELBOURNE,METROPOLITAN NORTH WEST REGION,2018,11,November,CARLTON
144.4987337351064,-37.97098259500307,3472829,15/11/2018,06.41.00,No,Collision with vehicle,Thursday,HEAD ON (NOT OVERTAKING),Day,144.49873,-37.97098,WYNDHAM,METROPOLITAN NORTH WEST REGION,2,1,0,1,0,1,2,0,1,0,1,0,0,0,0,0,0,0,0,0,No,0,2,0,1,0,0,RURAL_VICTORIA,RURAL_VICTORIA,WYNDHAM,METROPOLITAN NORTH WEST REGION,2018,11,November,LITTLE RIVER
145.03421310044226,-37.828741174651434,3472830,11/11/2018,10.30.00,No,Collision with vehicle,Sunday,RIGHT FAR (INTERSECTIONS ONLY),Day,145.03421,-37.82874,BOROONDARA,METROPOLITAN SOUTH EAST REGION,2,1,0,1,0,1,1,0,1,0,0,0,0,0,1,0,0,0,0,0,No,0,2,0,0,0,0,MELB_URBAN,MELB_URBAN,BOROONDARA,METROPOLITAN SOUTH EAST REGION,2018,11,November,HAWTHORN
145.20087699415984,-37.78756188321431,3472832,15/11/2018,14.45.00,No,Collision with vehicle,Thursday,PULLING OUT (OVERTAKING),Day,145.20088,-37.78756,MANNINGHAM,METROPOLITAN SOUTH EAST REGION,2,1,0,0,1,1,2,0,1,0,1,0,0,0,0,0,0,0,0,1,No,0,2,0,1,0,0,MELB_URBAN,MELB_URBAN,MANNINGHAM,METROPOLITAN SOUTH EAST REGION,2018,11,November,PARK ORCHARDS
144.92327086858523,-37.78543405846409,3472844,26/10/2018,12.25.00,No,Collision with vehicle,Thursday,VEHICLE STRIKES DOOR OF PARKED/STATIONARY VEHICLE,Day,144.92327,-37.78543,MOONEE VALLEY,METROPOLITAN NORTH WEST REGION,2,1,0,0,1,1,0,2,1,0,1,0,0,0,0,0,0,0,0,0,No,0,2,0,1,0,0,MELB_URBAN,MELB_URBAN,MOONEE VALLEY,METROPOLITAN NORTH WEST REGION,2018,10,October,FLEMINGTON
144.9870369823238,-37.845947606684334,3472849,1/11/2018,08.15.00,No,Collision with vehicle,Thursday,RIGHT THROUGH,Day,144.98703999999998,-37.84595,STONNINGTON,METROPOLITAN SOUTH EAST REGION,3,1,0,0,1,2,2,0,1,1,1,0,0,0,0,0,0,0,0,1,No,0,2,0,1,0,0,MELB_URBAN,MELB_URBAN,STONNINGTON,METROPOLITAN SOUTH EAST REGION,2018,11,November,PRAHRAN
145.05435038750574,-37.84375053784029,3472863,1/11/2018,14.00.00,No,Collision with vehicle,Thursday,RIGHT THROUGH,Day,145.05435,-37.84375,BOROONDARA,METROPOLITAN SOUTH EAST REGION,2,1,0,0,1,1,2,0,1,0,1,0,0,0,0,0,0,0,0,1,No,0,2,0,1,0,0,MELB_URBAN,MELB_URBAN,BOROONDARA,METROPOLITAN SOUTH EAST REGION,2018,11,November,CAMBERWELL
145.2250957940107,-37.87692761020295,3472864,8/11/2018,18.20.00,Yes,Collision with vehicle,Thursday,LANE SIDE SWIPE (VEHICLES IN PARALLEL LANES),Day,145.2251,-37.87693,KNOX,METROPOLITAN SOUTH EAST REGION,3,1,0,0,1,2,3,0,1,1,1,0,0,0,0,0,0,0,0,0,No,0,2,0,0,0,0,MELB_URBAN,MELB_URBAN,KNOX,METROPOLITAN SOUTH EAST REGION,2018,11,November,WANTIRNA SOUTH
146.55242858648052,-38.19220113557551,3472873,9/11/2018,08.30.00,No,Collision with vehicle,Friday,VEHICLE OFF FOOTPATH STRIKES VEH ON CARRIAGEWAY,Day,146.55243000000002,-38.1922,LATROBE,EASTERN REGION,2,1,0,0,1,1,1,1,1,0,1,0,0,0,0,0,1,0,0,0,No,0,2,0,1,0,0,SMALL_CITIES,SMALL_CITIES,LATROBE,"EASTERN REGION,EASTERN REGION",2018,11,November,TRARALGON
145.353607729448,-38.05243622157264,3472888,26/10/2018,15.30.00,No,Collision with vehicle,Thursday,CROSS TRAFFIC(INTERSECTIONS ONLY),Day,145.35361,-38.052440000000004,CASEY,METROPOLITAN SOUTH EAST REGION,2,1,0,0,1,1,1,1,1,0,1,0,0,0,0,0,1,0,0,0,No,0,2,0,1,0,0,MELB_URBAN,MELB_URBAN,CASEY,METROPOLITAN SOUTH EAST REGION,2018,10,October,BERWICK
145.64972917669374,-35.915047211012,3472903,1/11/2018,15.20.00,No,Collision with vehicle,Thursday,VEHICLE STRIKES ANOTHER VEH WHILE EMERGING FROM DRIVEWAY,Day,145.64973,-35.91505,MOIRA,NORTH EASTERN REGION,2,1,0,0,1,1,2,0,1,0,1,0,0,0,0,1,0,0,0,0,No,0,2,0,1,0,0,TOWNS,TOWNS,MOIRA,NORTH EASTERN REGION,2018,11,November,COBRAM
145.1912965281831,-37.637474885455156,3472913,31/10/2018,17.00.00,No,Collision with vehicle,Wednesday,REAR END(VEHICLES IN SAME LANE),Day,145.1913,-37.63747,NILLUMBIK,METROPOLITAN NORTH WEST REGION,2,1,0,1,0,1,1,0,1,0,1,0,0,0,0,0,0,0,0,0,No,0,2,1,0,0,0,MELB_URBAN,MELB_URBAN,NILLUMBIK,METROPOLITAN NORTH WEST REGION,2018,10,October,HURSTBRIDGE
144.95899964780105,-37.78801209474437,3472923,9/11/2018,08.45.00,No,Collision with vehicle,Friday,LANE SIDE SWIPE (VEHICLES IN PARALLEL LANES),Day,144.959,-37.78801,MELBOURNE,METROPOLITAN NORTH WEST REGION,2,1,0,0,1,1,1,0,1,0,1,0,0,0,0,0,0,0,0,0,No,0,2,0,1,0,0,MELB_URBAN,MELB_URBAN,MELBOURNE,METROPOLITAN NORTH WEST REGION,2018,11,November,CARLTON NORTH
144.97089673738785,-37.81421471960244,3472930,16/11/2018,09.37.00,No,Collision with vehicle,Friday,VEHICLE STRIKES DOOR OF PARKED/STATIONARY VEHICLE,Day,144.9709,-37.814209999999996,MELBOURNE,METROPOLITAN NORTH WEST REGION,3,1,0,0,1,2,1,2,1,1,1,0,0,0,0,0,0,0,0,0,No,0,2,0,1,0,0,MELBOURNE_CBD,MELBOURNE_CBD,MELBOURNE,METROPOLITAN NORTH WEST REGION,2018,11,November,MELBOURNE
144.98901059791712,-37.802160800830265,3472933,16/11/2018,02.10.00,Yes,Collision with vehicle,Friday,REAR END(VEHICLES IN SAME LANE),Dark Street lights unknown,144.98901,-37.80216,YARRA,METROPOLITAN NORTH WEST REGION,3,1,0,0,1,2,1,0,1,1,1,0,0,0,0,0,0,0,0,0,No,0,2,0,1,0,0,MELB_URBAN,MELB_URBAN,YARRA,METROPOLITAN NORTH WEST REGION,2018,11,November,COLLINGWOOD
144.96538833699168,-37.77767228291674,3472945,7/10/2018,03.50.00,Yes,Collision with vehicle,Sunday,LANE SIDE SWIPE (VEHICLES IN PARALLEL LANES),Dark Street lights on,144.96538999999999,-37.77767,MORELAND,METROPOLITAN NORTH WEST REGION,2,1,0,0,1,1,1,1,1,0,1,0,0,0,0,0,0,0,0,0,Yes,0,2,0,1,0,0,MELB_URBAN,MELB_URBAN,MORELAND,METROPOLITAN NORTH WEST REGION,2018,10,October,BRUNSWICK
144.96030038604357,-37.80422744304453,3472949,26/9/2018,09.20.00,No,Collision with vehicle,Wednesday,LEFT TURN SIDESWIPE,Day,144.9603,-37.80423,MELBOURNE,METROPOLITAN NORTH WEST REGION,2,1,0,0,1,1,1,1,1,0,1,0,0,0,0,0,0,0,0,0,No,0,2,0,1,0,0,MELB_URBAN,MELB_URBAN,MELBOURNE,METROPOLITAN NORTH WEST REGION,2018,9,September,CARLTON
145.03493303125427,-37.87961777095517,3472958,13/10/2018,14.45.00,Yes,Collision with vehicle,Saturday,REAR END(VEHICLES IN SAME LANE),Day,145.03493,-37.87962,GLEN EIRA,METROPOLITAN SOUTH EAST REGION,2,1,0,1,0,1,2,0,1,0,1,0,0,0,0,0,0,0,0,1,No,0,2,0,1,0,0,MELB_URBAN,MELB_URBAN,GLEN EIRA,METROPOLITAN SOUTH EAST REGION,2018,10,October,CAULFIELD NORTH
144.95695951055632,-37.78453402182349,3472968,20/10/2018,10.30.00,No,Collision with vehicle,Saturday,CROSS TRAFFIC(INTERSECTIONS ONLY),Day,144.95696,-37.78453,MELBOURNE,METROPOLITAN NORTH WEST REGION,2,1,0,0,1,1,0,2,1,0,1,0,0,0,0,0,0,0,0,0,No,0,2,0,1,0,0,MELB_URBAN,MELB_URBAN,MELBOURNE,METROPOLITAN NORTH WEST REGION,2018,10,October,PARKVILLE
145.03873249439613,-37.71433121285775,3472971,21/10/2018,11.30.00,No,Collision with vehicle,Sunday,CROSS TRAFFIC(INTERSECTIONS ONLY),Day,145.03873000000002,-37.71433,DAREBIN,METROPOLITAN NORTH WEST REGION,2,1,0,0,1,1,1,0,1,0,1,0,0,0,0,0,0,0,0,0,No,0,2,0,1,0,0,MELB_URBAN,MELB_URBAN,DAREBIN,METROPOLITAN NORTH WEST REGION,2018,10,October,KINGSBURY
145.12124999754874,-38.07118000357696,3472973,21/10/2018,08.40.00,Yes,Collision with vehicle,Sunday,REAR END(VEHICLES IN SAME LANE),Day,145.12125,-38.07118,KINGSTON,METROPOLITAN SOUTH EAST REGION,2,1,0,1,0,1,0,2,1,0,1,0,0,0,0,0,0,0,0,0,No,0,2,0,1,0,0,MELB_URBAN,MELB_URBAN,KINGSTON,METROPOLITAN SOUTH EAST REGION,2018,10,October,BONBEACH
144.3280315455792,-38.121996086939774,3472981,27/9/2018,14.30.00,No,Collision with vehicle,Wednesday,LANE SIDE SWIPE (VEHICLES IN PARALLEL LANES),Day,144.32803,-38.122,GEELONG,SOUTH WESTERN REGION,2,1,0,0,1,1,1,0,1,0,1,0,0,0,0,0,0,0,0,0,No,0,2,0,1,0,0,LARGE_PROVINCIAL_CITIES,LARGE_PROVINCIAL_CITIES,GEELONG,SOUTH WESTERN REGION,2018,9,September,HAMLYN HEIGHTS
145.3927462260596,-37.78910642551136,3472986,29/9/2018,22.30.00,Yes,Collision with vehicle,Friday,REAR END(VEHICLES IN SAME LANE),Dark No street lights,145.39275,-37.78911,YARRA RANGES,METROPOLITAN SOUTH EAST REGION,2,1,0,1,0,1,0,1,1,0,0,0,0,0,1,0,0,0,0,0,No,0,2,0,0,0,0,MELB_URBAN,MELB_URBAN,YARRA RANGES,METROPOLITAN SOUTH EAST REGION,2018,9,September,MOUNT EVELYN
144.99397726717459,-37.847824020379186,3473003,2/10/2018,18.30.00,Yes,No collision and no object struck,Monday,OTHER ACCIDENTS-OFF STRAIGHT NOT INCLUDED IN DCAs 170-175,Day,144.99398,-37.84782,STONNINGTON,METROPOLITAN SOUTH EAST REGION,2,1,0,0,1,1,0,1,1,0,0,0,0,0,1,0,0,0,0,0,No,0,2,0,0,0,0,MELB_URBAN,MELB_URBAN,STONNINGTON,METROPOLITAN SOUTH EAST REGION,2018,10,October,PRAHRAN
145.10816449709668,-37.74091325592017,3473011,14/10/2018,08.50.00,Yes,Collision with vehicle,Sunday,RIGHT THROUGH,Day,145.10816,-37.74091,BANYULE,METROPOLITAN NORTH WEST REGION,2,1,0,0,1,1,2,0,1,0,1,0,0,0,0,0,0,0,0,0,No,0,2,0,1,0,0,MELB_URBAN,MELB_URBAN,BANYULE,METROPOLITAN NORTH WEST REGION,2018,10,October,LOWER PLENTY
145.1526372506908,-37.70527868768849,3473013,14/10/2018,09.26.00,No,Collision with vehicle,,OUT OF CONTROL (OVERTAKING),Day,145.15264,-37.70528,NILLUMBIK,METROPOLITAN NORTH WEST REGION,2,1,0,1,0,1,2,0,1,0,1,0,0,0,0,0,0,0,0,0,No,0,2,0,1,0,0,MELB_URBAN,MELB_URBAN,NILLUMBIK,METROPOLITAN NORTH WEST REGION,2018,10,October,ELTHAM
145.04164824808598,-37.877465109125204,3473020,19/10/2018,18.30.00,Yes,Collision with vehicle,Friday,CROSS TRAFFIC(INTERSECTIONS ONLY),Day,145.04165,-37.87747,GLEN EIRA,METROPOLITAN SOUTH EAST REGION,2,1,0,0,1,1,1,0,1,0,1,0,0,0,0,0,0,0,0,0,No,0,2,0,1,0,0,MELB_URBAN,MELB_URBAN,GLEN EIRA,METROPOLITAN SOUTH EAST REGION,2018,10,October,CAULFIELD EAST
145.31030791623925,-38.02700037873607,3473029,21/10/2018,16.32.00,Yes,Collision with vehicle,Sunday,LEFT THROUGH,Day,145.31031000000002,-38.027,CASEY,METROPOLITAN SOUTH EAST REGION,2,1,0,0,1,1,2,0,1,0,1,0,0,0,0,0,0,0,0,0,No,0,2,0,1,0,0,MELB_URBAN,MELB_URBAN,CASEY,METROPOLITAN SOUTH EAST REGION,2018,10,October,NARRE WARREN