X,Y,OBJECTID,ACCIDENT_DATE,ACCIDENT_TIME,ALCOHOLTIME,ACCIDENT_TYPE,DAY_OF_WEEK,DCA_CODE,LIGHT_CONDITION,LONGITUDE,LATITUDE,LGA_NAME,REGION_NAME,TOTAL_PERSONS,INJ_OR_FATAL,FATALITY,SERIOUSINJURY,OTHERINJURY,NONINJURED,MALES,FEMALES,BICYCLIST,PASSENGER,DRIVER,PEDESTRIAN,PILLION,MOTORIST,UNKNOWN,PED_CYCLIST_5_12,PED_CYCLIST_13_18,OLD_PEDESTRIAN,OLD_DRIVER,YOUNG_DRIVER,ALCOHOL_RELATED,UNLICENCSED,NO_OF_VEHICLES,HEAVYVEHICLE,PASSENGERVEHICLE,MOTORCYCLE,PUBLICVEHICLE,DEG_URBAN_NAME,DEG_URBAN_ALL,LGA_NAME_ALL,REGION_NAME_ALL,Year,Month,Month_name,Suburb
144.46218061824638,-38.1885161119397,3473654,28/9/2018,09.25.00,No,Collision with vehicle,Friday,LEFT NEAR (INTERSECTIONS ONLY),Day,144.46218000000002,-38.188520000000004,GEELONG,SOUTH WESTERN REGION,3,1,0,0,1,2,2,1,2,0,1,0,0,0,0,0,2,0,0,0,No,0,3,0,1,0,0,TOWNS,TOWNS,GEELONG,SOUTH WESTERN REGION,2018,9,September,LEOPOLD
144.96631007213446,-37.80432493198904,3473675,11/10/2018,17.00.00,No,Collision with vehicle,Thursday,VEHICLE STRIKES DOOR OF PARKED/STATIONARY VEHICLE,Day,144.96631000000002,-37.804320000000004,MELBOURNE,METROPOLITAN NORTH WEST REGION,2,1,0,0,1,1,1,1,1,0,1,0,0,0,0,0,0,0,0,0,No,0,2,0,1,0,0,MELB_URBAN,MELB_URBAN,MELBOURNE,METROPOLITAN NORTH WEST REGION,2018,10,October,CARLTON
146.31487462761092,-36.36519422380668,3473679,12/10/2018,12.15.00,No,Collision with vehicle,Friday,CROSS TRAFFIC(INTERSECTIONS ONLY),Day,146.31486999999998,-36.365190000000005,WANGARATTA,NORTH EASTERN REGION,2,1,0,0,1,1,2,0,1,0,1,0,0,0,0,0,0,0,0,0,No,0,2,0,1,0,0,SMALL_CITIES,SMALL_CITIES,WANGARATTA,NORTH EASTERN REGION,2018,10,October,WANGARATTA
144.98803463752424,-37.81091474855911,3473680,10/10/2018,18.00.00,Yes,No collision and no object struck,Wednesday,OUT OF CONTROL ON CARRIAGEWAY (ON STRAIGHT),Unk.,144.98803,-37.81091,MELBOURNE,METROPOLITAN NORTH WEST REGION,2,1,0,0,1,1,1,1,1,0,1,0,0,0,0,0,0,0,0,0,No,0,2,0,1,0,0,MELB_URBAN,MELB_URBAN,MELBOURNE,METROPOLITAN NORTH WEST REGION,2018,10,October,EAST MELBOURNE
144.9439803078391,-37.800207389163376,3473692,20/10/2018,12.20.00,No,Collision with vehicle,Saturday,LEFT TURN SIDESWIPE,Day,144.94398,-37.80021,MELBOURNE,METROPOLITAN NORTH WEST REGION,2,1,0,0,1,1,1,0,1,0,1,0,0,0,0,0,0,0,1,0,No,0,2,0,1,0,0,MELB_URBAN,MELB_URBAN,MELBOURNE,METROPOLITAN NORTH WEST REGION,2018,10,October,NORTH MELBOURNE
144.9648174358289,-37.81174703217928,3473707,11/9/2018,07.40.00,No,Collision with vehicle,Tuesday,LEAVING PARKING,Day,144.96482,-37.81175,MELBOURNE,METROPOLITAN NORTH WEST REGION,2,1,0,0,1,1,2,0,1,0,1,0,0,0,0,0,0,0,0,0,No,0,2,0,1,0,0,MELBOURNE_CBD,MELBOURNE_CBD,MELBOURNE,METROPOLITAN NORTH WEST REGION,2018,9,September,MELBOURNE
145.32759493824395,-37.81517524199524,3473719,6/10/2018,08.08.00,No,Collision with vehicle,Saturday,REAR END(VEHICLES IN SAME LANE),Day,145.32759,-37.81518,YARRA RANGES,METROPOLITAN SOUTH EAST REGION,6,5,0,0,5,1,5,1,5,0,1,0,0,0,0,0,0,0,0,1,No,0,6,0,1,0,0,MELB_URBAN,MELB_URBAN,YARRA RANGES,METROPOLITAN SOUTH EAST REGION,2018,10,October,MONTROSE
144.36348203357375,-38.15268596488676,3473720,13/10/2018,09.45.00,No,Collision with vehicle,Saturday,ENTERING PARKING,Day,144.36348,-38.15269,GEELONG,SOUTH WESTERN REGION,2,1,0,1,0,1,1,1,1,0,1,0,0,0,0,0,1,0,0,0,No,0,2,0,1,0,0,LARGE_PROVINCIAL_CITIES,LARGE_PROVINCIAL_CITIES,GEELONG,SOUTH WESTERN REGION,2018,10,October,GEELONG
144.98401590702588,-37.887110811948865,3473727,13/10/2018,12.03.00,No,Collision with vehicle,Saturday,VEHICLE COLLIDES WITH VEHICLE PARKED ON LEFT OF ROAD,Day,144.98402,-37.88711,PORT PHILLIP,METROPOLITAN NORTH WEST REGION,1,1,0,1,0,0,1,0,1,0,0,0,0,0,0,0,0,0,0,0,No,0,2,0,1,0,0,MELB_URBAN,MELB_URBAN,PORT PHILLIP,METROPOLITAN NORTH WEST REGION,2018,10,October,ELWOOD
144.33946571096422,-38.309900967901385,3473735,20/10/2018,12.30.00,No,Collision with vehicle,Saturday,LEFT NEAR (INTERSECTIONS ONLY),Day,144.33947,-38.3099,SURF COAST,SOUTH WESTERN REGION,2,2,0,0,2,0,2,0,1,0,1,0,0,0,0,0,0,0,0,0,No,0,2,0,1,0,0,RURAL_VICTORIA,RURAL_VICTORIA,SURF COAST,SOUTH WESTERN REGION,2018,10,October,TORQUAY
144.9802307400019,-37.767347483900814,3475754,7/3/2019,06.50.00,No,Collision with vehicle,Wednesday,LEFT FAR (INTERSECTIONS ONLY),Dark Street lights on,144.98023,-37.76735,MORELAND,METROPOLITAN NORTH WEST REGION,2,1,0,0,1,1,1,1,1,0,1,0,0,0,0,0,0,0,0,0,No,0,2,0,1,0,0,MELB_URBAN,MELB_URBAN,MORELAND,METROPOLITAN NORTH WEST REGION,2019,3,March,BRUNSWICK EAST
145.11659146945956,-38.02208461015522,3475759,7/3/2019,19.10.00,Yes,Collision with vehicle,Wednesday,OTHER ADJACENT (INTERSECTIONS ONLY),Unk.,145.11659,-38.022079999999995,KINGSTON,METROPOLITAN SOUTH EAST REGION,2,1,0,1,0,1,0,2,1,0,1,0,0,0,0,0,0,0,0,0,No,0,2,0,1,0,0,MELB_URBAN,MELB_URBAN,KINGSTON,METROPOLITAN SOUTH EAST REGION,2019,3,March,ASPENDALE GARDENS
144.37280174225182,-38.157744230217375,3475767,26/2/2019,08.30.00,No,Collision with vehicle,Monday,LEFT TURN SIDESWIPE,Day,144.3728,-38.157740000000004,GEELONG,SOUTH WESTERN REGION,2,1,0,0,1,1,1,1,1,0,1,0,0,0,0,0,0,0,0,0,No,0,2,0,1,0,0,LARGE_PROVINCIAL_CITIES,LARGE_PROVINCIAL_CITIES,GEELONG,SOUTH WESTERN REGION,2019,2,February,EAST GEELONG
144.71309498837851,-37.574488568339184,3475771,26/2/2019,17.30.00,No,Collision with vehicle,Tuesday,LEFT NEAR (INTERSECTIONS ONLY),Day,144.71309,-37.574490000000004,HUME,METROPOLITAN NORTH WEST REGION,2,1,0,0,1,1,2,0,1,0,1,0,0,0,0,0,0,0,0,1,No,0,2,0,1,0,0,SMALL_CITIES,SMALL_CITIES,HUME,METROPOLITAN NORTH WEST REGION,2019,2,February,SUNBURY
144.92916079754983,-37.80308592842513,3475782,8/3/2019,07.50.00,No,Collision with vehicle,Thursday,LEFT THROUGH,Day,144.92916,-37.803090000000005,MELBOURNE,METROPOLITAN NORTH WEST REGION,2,1,0,0,1,1,2,0,1,0,1,0,0,0,0,0,0,0,0,0,No,0,2,0,1,0,0,MELB_URBAN,MELB_URBAN,MELBOURNE,METROPOLITAN NORTH WEST REGION,2019,3,March,WEST MELBOURNE
145.08386240775323,-38.199470514332795,3475787,9/3/2019,09.10.00,No,Collision with vehicle,Friday,LEFT TURN SIDESWIPE,Day,145.08386000000002,-38.19947,MORNINGTON PENINSULA,METROPOLITAN SOUTH EAST REGION,2,1,0,0,1,1,2,0,1,0,1,0,0,0,0,0,0,0,0,0,No,0,2,0,1,0,0,MELB_URBAN,MELB_URBAN,MORNINGTON PENINSULA,METROPOLITAN SOUTH EAST REGION,2019,3,March,MOUNT ELIZA
142.03247941865018,-37.73278216989574,3475805,27/2/2019,17.00.00,No,Collision with vehicle,Tuesday,CROSS TRAFFIC(INTERSECTIONS ONLY),Day,142.03248,-37.73278,SOUTHERN GRAMPIANS,SOUTH WESTERN REGION,2,1,0,0,1,1,1,1,1,0,1,0,0,0,0,1,0,0,0,0,No,0,2,0,1,0,0,TOWNS,TOWNS,SOUTHERN GRAMPIANS,SOUTH WESTERN REGION,2019,2,February,HAMILTON
144.26318135218608,-38.338577900490606,3475808,10/3/2019,13.15.00,No,Collision with vehicle,,LEFT FAR (INTERSECTIONS ONLY),Day,144.26318,-38.33858,SURF COAST,SOUTH WESTERN REGION,2,1,0,0,1,1,2,0,1,0,1,0,0,0,0,0,0,0,0,1,No,0,2,0,1,0,0,RURAL_VICTORIA,RURAL_VICTORIA,SURF COAST,SOUTH WESTERN REGION,2019,3,March,BELLBRAE
144.99542806284387,-37.84044072728375,3475821,1/2/2019,20.00.00,Yes,Collision with vehicle,Thursday,CROSS TRAFFIC(INTERSECTIONS ONLY),Day,144.99543,-37.84044,STONNINGTON,METROPOLITAN SOUTH EAST REGION,2,1,0,0,1,1,2,0,1,0,0,0,0,1,0,0,0,0,0,0,No,0,2,0,0,1,0,MELB_URBAN,MELB_URBAN,STONNINGTON,METROPOLITAN SOUTH EAST REGION,2019,2,February,SOUTH YARRA
144.77109085596712,-37.85689630862899,3475822,1/2/2019,21.15.00,Yes,Fall from or in moving vehicle,Friday,OUT OF CONTROL ON CARRIAGEWAY (ON BEND),Dark Street lights on,144.77109,-37.8569,HOBSONS BAY,METROPOLITAN NORTH WEST REGION,3,1,0,0,1,2,1,0,1,1,1,0,0,0,0,0,0,0,0,0,No,0,2,0,1,0,0,MELB_URBAN,MELB_URBAN,HOBSONS BAY,METROPOLITAN NORTH WEST REGION,2019,2,February,LAVERTON
144.9972597914029,-37.802571006510014,3475827,2/2/2019,00.35.00,Yes,Collision with vehicle,Friday,REAR END(VEHICLES IN SAME LANE),Dark Street lights on,144.99726,-37.80257,YARRA,METROPOLITAN NORTH WEST REGION,2,1,0,0,1,1,2,0,1,0,1,0,0,0,0,0,0,0,0,0,No,0,2,0,1,0,0,MELB_URBAN,MELB_URBAN,YARRA,METROPOLITAN NORTH WEST REGION,2019,2,February,ABBOTSFORD
145.10555659453163,-37.78645171938061,3475829,2/2/2019,07.10.00,No,Collision with vehicle,Friday,OTHER ACCIDENTS-OFF STRAIGHT NOT INCLUDED IN DCAs 170-175,Day,145.10556,-37.78645,MANNINGHAM,METROPOLITAN SOUTH EAST REGION,4,3,0,0,3,1,0,4,3,0,1,0,0,0,0,0,0,0,1,0,No,0,4,0,1,0,0,MELB_URBAN,MELB_URBAN,MANNINGHAM,METROPOLITAN SOUTH EAST REGION,2019,2,February,DONCASTER
142.4833818199487,-38.38827807002751,3475832,28/1/2019,10.10.00,No,Collision with vehicle,Sunday,OTHER SAME DIRECTION-MANOUEVRES NOT INCLUDED IN DCAs 130-137,Day,142.48338,-38.38828,WARRNAMBOOL,SOUTH WESTERN REGION,2,1,0,0,1,1,1,0,1,0,0,0,0,0,1,1,0,0,0,0,No,0,2,0,0,0,0,SMALL_CITIES,SMALL_CITIES,WARRNAMBOOL,SOUTH WESTERN REGION,2019,1,January,WARRNAMBOOL
145.06748528092444,-37.75435289053749,3475834,12/12/2018,07.23.00,No,Vehicle overturned (no collision),Tuesday,OUT OF CONTROL ON CARRIAGEWAY (ON STRAIGHT),Unk.,145.06749,-37.75435,BANYULE,METROPOLITAN NORTH WEST REGION,2,1,0,0,1,1,1,0,1,0,1,0,0,0,0,0,0,0,0,0,No,0,2,0,1,0,0,MELB_URBAN,MELB_URBAN,BANYULE,METROPOLITAN NORTH WEST REGION,2018,12,December,HEIDELBERG
144.85529682759795,-37.762210575226604,3475848,19/2/2019,18.46.00,Yes,Collision with vehicle,Monday,REAR END(VEHICLES IN SAME LANE),Day,144.8553,-37.762209999999996,MOONEE VALLEY,METROPOLITAN NORTH WEST REGION,1,1,0,0,1,0,1,0,1,0,0,0,0,0,0,0,0,0,0,0,No,0,2,0,1,0,0,MELB_URBAN,MELB_URBAN,MOONEE VALLEY,METROPOLITAN NORTH WEST REGION,2019,2,February,AVONDALE HEIGHTS
144.86918989919516,-37.75167953712484,3475859,23/1/2019,17.30.00,No,Collision with vehicle,Tuesday,LANE CHANGE LEFT (NOT OVERTAKING),Day,144.86919,-37.75168,MOONEE VALLEY,METROPOLITAN NORTH WEST REGION,2,1,0,0,1,1,2,0,1,0,1,0,0,0,0,0,0,0,0,0,No,0,2,0,1,0,0,MELB_URBAN,MELB_URBAN,MOONEE VALLEY,METROPOLITAN NORTH WEST REGION,2019,1,January,AVONDALE HEIGHTS
145.0079277115513,-37.82152700317821,3475873,2/2/2019,12.20.00,No,Collision with vehicle,Friday,LEFT TURN SIDESWIPE,Day,145.00793000000002,-37.821529999999996,YARRA,METROPOLITAN NORTH WEST REGION,2,1,0,0,1,1,2,0,1,0,1,0,0,0,0,0,0,0,0,0,No,0,2,0,1,0,0,MELB_URBAN,MELB_URBAN,YARRA,METROPOLITAN NORTH WEST REGION,2019,2,February,RICHMOND
145.04323796979247,-37.9451946428838,3475884,11/2/2019,06.40.00,No,Collision with vehicle,Monday,RIGHT THROUGH,Dusk/Dawn,145.04324,-37.945190000000004,KINGSTON,METROPOLITAN SOUTH EAST REGION,2,1,0,0,1,1,0,2,1,0,1,0,0,0,0,0,0,0,0,0,No,0,2,0,1,0,0,MELB_URBAN,MELB_URBAN,KINGSTON,METROPOLITAN SOUTH EAST REGION,2019,2,February,MOORABBIN
144.89984266646738,-37.86126425696313,3475896,7/2/2019,15.35.00,No,Collision with vehicle,Wednesday,RIGHT THROUGH,Day,144.89983999999998,-37.861259999999994,HOBSONS BAY,METROPOLITAN NORTH WEST REGION,2,1,0,0,1,1,1,1,1,0,1,0,0,0,0,0,0,0,0,0,No,0,2,0,0,0,0,MELB_URBAN,MELB_URBAN,HOBSONS BAY,METROPOLITAN NORTH WEST REGION,2019,2,February,WILLIAMSTOWN
144.98943620244296,-37.78924531253917,3475897,20/2/2019,07.05.00,No,Collision with vehicle,Tuesday,LANE CHANGE LEFT (NOT OVERTAKING),Day,144.98944,-37.78925,YARRA,METROPOLITAN NORTH WEST REGION,5,1,0,0,1,4,2,3,4,0,0,0,0,0,1,0,0,0,0,0,No,0,5,0,0,0,0,MELB_URBAN,MELB_URBAN,YARRA,METROPOLITAN NORTH WEST REGION,2019,2,February,CLIFTON HILL
145.02500472545773,-37.65080858756185,3475901,20/2/2019,10.40.00,No,Collision with vehicle,Tuesday,VEHICLE STRIKES ANOTHER VEH WHILE EMERGING FROM DRIVEWAY,Day,145.025,-37.65081,WHITTLESEA,METROPOLITAN NORTH WEST REGION,2,1,0,0,1,1,0,1,1,0,1,0,0,0,0,0,0,0,0,0,No,0,2,0,1,0,0,MELB_URBAN,MELB_URBAN,WHITTLESEA,METROPOLITAN NORTH WEST REGION,2019,2,February,EPPING
142.19971555332492,-36.715007242106935,3475902,20/2/2019,13.49.00,No,Collision with vehicle,Tuesday,REVERSING IN STREAM OF TRAFFIC,Day,142.19971999999999,-36.71501,HORSHAM,WESTERN REGION,2,1,0,0,1,1,1,1,1,0,1,0,0,0,0,0,0,0,0,0,No,0,2,0,1,0,0,SMALL_CITIES,SMALL_CITIES,HORSHAM,WESTERN REGION,2019,2,February,HORSHAM
145.05512513752345,-37.89939740135413,3475916,24/1/2019,17.00.00,No,Collision with vehicle,Thursday,CROSS TRAFFIC(INTERSECTIONS ONLY),Day,145.05513,-37.8994,GLEN EIRA,METROPOLITAN SOUTH EAST REGION,2,1,0,0,1,1,1,1,1,0,1,0,0,0,0,0,0,0,0,0,No,0,2,0,1,0,0,MELB_URBAN,MELB_URBAN,GLEN EIRA,METROPOLITAN SOUTH EAST REGION,2019,1,January,CARNEGIE
144.96713941086412,-37.73820365363697,3475928,2/2/2019,23.15.00,Yes,Collision with vehicle,Saturday,VEHICLE OFF FOOTPATH STRIKES VEH ON CARRIAGEWAY,Dark Street lights on,144.96714,-37.7382,MORELAND,METROPOLITAN NORTH WEST REGION,3,1,0,0,1,2,2,1,1,1,1,0,0,0,0,0,0,0,0,1,No,0,2,0,1,0,0,MELB_URBAN,MELB_URBAN,MORELAND,METROPOLITAN NORTH WEST REGION,2019,2,February,COBURG
144.9223990767631,-38.35094459052572,3475932,2/2/2019,09.43.00,No,Collision with vehicle,Friday,OTHER SAME DIRECTION-MANOUEVRES NOT INCLUDED IN DCAs 130-137,Day,144.9224,-38.35094,MORNINGTON PENINSULA,METROPOLITAN SOUTH EAST REGION,2,1,0,0,1,1,1,1,1,0,1,0,0,0,0,0,0,0,0,0,No,0,2,0,1,0,0,MELB_URBAN,MELB_URBAN,MORNINGTON PENINSULA,METROPOLITAN SOUTH EAST REGION,2019,2,February,MCCRAE
145.0416760154948,-37.855666587932205,3475948,12/2/2019,07.24.00,No,Collision with vehicle,Monday,RIGHT THROUGH,Day,145.04168,-37.85567,STONNINGTON,METROPOLITAN SOUTH EAST REGION,2,1,0,0,1,1,1,1,1,0,1,0,0,0,0,0,0,0,0,0,No,0,2,0,1,0,0,MELB_URBAN,MELB_URBAN,STONNINGTON,METROPOLITAN SOUTH EAST REGION,2019,2,February,GLEN IRIS
144.8415919856728,-37.69068245674035,3475959,21/2/2019,06.20.00,No,Collision with vehicle,Wednesday,RIGHT THROUGH,Dusk/Dawn,144.84159,-37.69068,HUME,METROPOLITAN NORTH WEST REGION,2,1,0,1,0,1,1,1,1,0,1,0,0,0,0,0,0,0,0,0,No,0,2,0,1,0,0,MELB_URBAN,MELB_URBAN,HUME,METROPOLITAN NORTH WEST REGION,2019,2,February,MELBOURNE AIRPORT
144.96356462435546,-38.333311688425376,3475961,21/2/2019,10.40.00,No,Collision with vehicle,Wednesday,LEFT TURN SIDESWIPE,Day,144.96356,-38.33331,MORNINGTON PENINSULA,METROPOLITAN SOUTH EAST REGION,2,1,0,0,1,1,1,1,1,0,1,0,0,0,0,0,0,0,1,0,No,0,2,0,1,0,0,MELB_URBAN,MELB_URBAN,MORNINGTON PENINSULA,METROPOLITAN SOUTH EAST REGION,2019,2,February,DROMANA
144.98096979544164,-37.7986054208057,3475962,20/2/2019,10.30.00,No,Collision with vehicle,Tuesday,VEHICLE STRIKES DOOR OF PARKED/STATIONARY VEHICLE,Day,144.98096999999999,-37.79861,YARRA,METROPOLITAN NORTH WEST REGION,2,1,0,0,1,1,2,0,1,0,1,0,0,0,0,0,0,0,0,0,No,0,2,0,1,0,0,MELB_URBAN,MELB_URBAN,YARRA,METROPOLITAN NORTH WEST REGION,2019,2,February,FITZROY
145.00210653585782,-37.95041967484565,3475966,24/1/2019,11.25.00,No,Collision with vehicle,Wednesday,LANE CHANGE LEFT (NOT OVERTAKING),Day,145.00211000000002,-37.95042,BAYSIDE,METROPOLITAN SOUTH EAST REGION,2,1,0,0,1,1,1,0,1,0,1,0,0,0,0,0,0,0,0,0,No,0,2,0,1,0,0,MELB_URBAN,MELB_URBAN,BAYSIDE,METROPOLITAN SOUTH EAST REGION,2019,1,January,SANDRINGHAM
145.0811518944943,-37.87800776534844,3475974,25/1/2019,12.43.00,No,Collision with vehicle,Friday,VEHICLE OFF FOOTPATH STRIKES VEH ON CARRIAGEWAY,Day,145.08115,-37.878009999999996,STONNINGTON,METROPOLITAN SOUTH EAST REGION,2,1,0,1,0,1,0,2,1,0,1,0,0,0,0,0,0,0,0,0,No,0,2,0,1,0,0,MELB_URBAN,MELB_URBAN,STONNINGTON,METROPOLITAN SOUTH EAST REGION,2019,1,January,MALVERN EAST
144.9770056493559,-37.87628737639685,3475979,2/2/2019,13.00.00,No,Collision with vehicle,Saturday,VEHICLE STRIKES DOOR OF PARKED/STATIONARY VEHICLE,Day,144.97701,-37.876290000000004,PORT PHILLIP,METROPOLITAN NORTH WEST REGION,2,1,0,1,0,1,1,1,1,0,1,0,0,0,0,0,0,0,0,1,No,0,2,0,1,0,0,MELB_URBAN,MELB_URBAN,PORT PHILLIP,METROPOLITAN NORTH WEST REGION,2019,2,February,ELWOOD
144.54671377579848,-38.26353764050553,3475986,3/2/2019,00.30.00,No,Collision with vehicle,,LEFT OFF CARRIAGEWAY INTO OBJECT/PARKED VEHICLE,Dark Street lights unknown,144.54671000000002,-38.26354,GEELONG,SOUTH WESTERN REGION,1,1,0,1,0,0,1,0,1,0,0,0,0,0,0,0,1,0,0,0,No,0,2,0,1,0,0,SMALL_CITIES,SMALL_CITIES,GEELONG,SOUTH WESTERN REGION,2019,2,February,OCEAN GROVE
145.11289115785982,-37.82772015094366,3475989,12/2/2019,09.25.00,No,Collision with vehicle,Tuesday,CROSS TRAFFIC(INTERSECTIONS ONLY),Day,145.11289,-37.82772,WHITEHORSE,METROPOLITAN SOUTH EAST REGION,2,1,0,1,0,1,0,2,1,0,1,0,0,0,0,0,0,0,0,0,No,0,2,0,1,0,0,MELB_URBAN,MELB_URBAN,WHITEHORSE,METROPOLITAN SOUTH EAST REGION,2019,2,February,BOX HILL SOUTH
145.36797644518612,-38.04579851891195,3475994,12/2/2019,11.35.00,No,Collision with vehicle,Tuesday,RIGHT NEAR (INTERSECTIONS ONLY),Day,145.36798000000002,-38.0458,CARDINIA,METROPOLITAN SOUTH EAST REGION,2,1,0,0,1,1,1,1,1,0,1,0,0,0,0,0,0,0,0,1,No,0,2,0,1,0,0,MELB_URBAN,MELB_URBAN,CARDINIA,METROPOLITAN SOUTH EAST REGION,2019,2,February,BEACONSFIELD
144.78779227548014,-37.8097001317517,3476005,20/2/2019,16.48.00,No,Collision with vehicle,Tuesday,OTHER ACCIDENTS ON CURVE NOT INCLUDED IN DCAs 180-184,Day,144.78779,-37.8097,BRIMBANK,METROPOLITAN NORTH WEST REGION,2,1,0,0,1,1,1,1,1,0,1,0,0,0,0,0,0,0,0,1,No,0,2,0,1,0,0,MELB_URBAN,MELB_URBAN,BRIMBANK,METROPOLITAN NORTH WEST REGION,2019,2,February,DERRIMUT
144.32268660040913,-36.69655068034179,3476006,21/2/2019,08.30.00,No,Collision with vehicle,Thursday,CROSS TRAFFIC(INTERSECTIONS ONLY),Day,144.32269,-36.69655,BENDIGO,NORTHERN REGION,2,1,0,1,0,1,0,2,1,0,1,0,0,0,0,0,0,0,0,0,No,0,2,0,1,0,0,LARGE_PROVINCIAL_CITIES,LARGE_PROVINCIAL_CITIES,BENDIGO,NORTHERN REGION,2019,2,February,EPSOM
145.03479502923398,-37.85226915802311,3476007,21/2/2019,15.10.00,No,No collision and no object struck,Wednesday,OTHER ACCIDENTS-OFF STRAIGHT NOT INCLUDED IN DCAs 170-175,Day,145.0348,-37.852270000000004,STONNINGTON,METROPOLITAN SOUTH EAST REGION,1,1,0,0,1,0,1,0,1,0,0,0,0,0,0,0,0,0,0,0,No,0,1,0,0,0,0,MELB_URBAN,MELB_URBAN,STONNINGTON,METROPOLITAN SOUTH EAST REGION,2019,2,February,MALVERN
144.96545362334862,-37.80058525004055,3476024,25/1/2019,21.53.00,Yes,Collision with vehicle,Friday,LANE CHANGE LEFT (NOT OVERTAKING),Dark Street lights on,144.96545,-37.80059,MELBOURNE,METROPOLITAN NORTH WEST REGION,2,1,0,0,1,1,2,0,1,0,1,0,0,0,0,0,0,0,0,0,No,0,2,0,1,0,0,MELB_URBAN,MELB_URBAN,MELBOURNE,METROPOLITAN NORTH WEST REGION,2019,1,January,CARLTON
142.9982920596436,-38.499989292292696,3476038,4/2/2019,18.34.00,Yes,Collision with vehicle,Monday,REAR END(VEHICLES IN SAME LANE),Day,142.99829,-38.499990000000004,CORANGAMITE,SOUTH WESTERN REGION,2,1,0,1,0,1,2,0,1,0,1,0,0,0,0,0,0,0,0,1,No,0,2,0,1,0,0,RURAL_VICTORIA,RURAL_VICTORIA,CORANGAMITE,SOUTH WESTERN REGION,2019,2,February,TIMBOON
144.97687745073716,-37.875341105974286,3476053,13/2/2019,06.17.00,No,Collision with vehicle,Tuesday,RIGHT THROUGH,Dusk/Dawn,144.97688,-37.87534,PORT PHILLIP,METROPOLITAN NORTH WEST REGION,2,1,0,0,1,1,2,0,1,0,1,0,0,0,0,0,0,0,0,0,No,0,2,0,1,0,0,MELB_URBAN,MELB_URBAN,PORT PHILLIP,METROPOLITAN NORTH WEST REGION,2019,2,February,ELWOOD
144.9756513794517,-37.80953754355915,3476054,21/2/2019,18.23.00,Yes,Collision with vehicle,Wednesday,RIGHT NEAR (INTERSECTIONS ONLY),Day,144.97565,-37.809540000000005,MELBOURNE,METROPOLITAN NORTH WEST REGION,2,1,0,0,1,1,1,1,1,0,1,0,0,0,0,0,0,0,0,0,No,0,2,0,1,0,0,MELB_URBAN,MELB_URBAN,MELBOURNE,METROPOLITAN NORTH WEST REGION,2019,2,February,EAST MELBOURNE
144.9571799232563,-37.837823130357634,3476063,22/2/2019,07.10.00,No,Collision with vehicle,Thursday,RIGHT THROUGH,Day,144.95718,-37.83782,PORT PHILLIP,METROPOLITAN NORTH WEST REGION,2,1,0,0,1,1,2,0,1,0,1,0,0,0,0,0,0,0,0,0,No,0,2,0,1,0,0,MELB_URBAN,MELB_URBAN,PORT PHILLIP,METROPOLITAN NORTH WEST REGION,2019,2,February,SOUTH MELBOURNE
143.85761086133704,-37.57401500876976,3476065,22/2/2019,08.30.00,No,Collision with vehicle,Thursday,RIGHT FAR (INTERSECTIONS ONLY),Day,143.85761000000002,-37.574020000000004,BALLARAT,WESTERN REGION,2,1,0,0,1,1,1,1,1,0,1,0,0,0,0,0,0,0,0,0,No,0,2,0,1,0,0,LARGE_PROVINCIAL_CITIES,LARGE_PROVINCIAL_CITIES,BALLARAT,WESTERN REGION,2019,2,February,MOUNT PLEASANT
145.06446749308003,-37.84687899425585,3476076,24/1/2019,07.20.00,No,Collision with vehicle,Wednesday,RIGHT THROUGH,Day,145.06447,-37.84688,BOROONDARA,METROPOLITAN SOUTH EAST REGION,2,1,0,0,1,1,2,0,1,0,1,0,0,0,0,0,0,0,0,1,No,0,2,0,1,0,0,MELB_URBAN,MELB_URBAN,BOROONDARA,METROPOLITAN SOUTH EAST REGION,2019,1,January,CAMBERWELL
144.96989241889347,-37.80106096257325,3476080,4/2/2019,17.50.00,Yes,Collision with vehicle,Sunday,OTHER ADJACENT (INTERSECTIONS ONLY),Day,144.96989,-37.80106,MELBOURNE,METROPOLITAN NORTH WEST REGION,2,1,0,0,1,1,1,1,1,0,1,0,0,0,0,0,0,0,0,0,No,0,2,0,1,0,0,MELB_URBAN,MELB_URBAN,MELBOURNE,METROPOLITAN NORTH WEST REGION,2019,2,February,CARLTON
144.96334685594567,-37.84100882765231,3476086,15/12/2018,11.20.00,No,Collision with vehicle,Friday,CROSS TRAFFIC(INTERSECTIONS ONLY),Day,144.96335,-37.84101,PORT PHILLIP,METROPOLITAN NORTH WEST REGION,2,1,0,0,1,1,2,0,1,0,1,0,0,0,0,0,0,0,0,0,No,0,2,0,1,0,0,MELB_URBAN,MELB_URBAN,PORT PHILLIP,METROPOLITAN NORTH WEST REGION,2018,12,December,ALBERT PARK